team,season,games,avg_pregame_elo,actual_points,expected_points,eva_total,eva_per_game,eva_plus_total,eva_plus_per_game,expected_wins,actual_wins,playoff_games,playoff_eva_total,playoff_eva_per_game,reg_eva_plus_per_game
Anaheim Ducks,1994,84.0,1396.437625121375,76.0,75.55786649228081,0.44213350771918436,0.0052634941395140996,6.8007436305358695,0.0809612336968556,31.942080727517716,33.0,0.0,0.0,,0.0809612336968556
Anaheim Ducks,1995,48.0,1433.1175735352815,37.0,46.59744899014275,-9.597448990142748,-0.19994685396130726,-5.550385611132219,-0.11563303356525456,20.098665558560292,16.0,0.0,0.0,,-0.11563303356525456
Anaheim Ducks,1996,82.0,1451.7065069457149,80.0,82.54562690537333,-2.5456269053733207,-0.03104423055333318,3.958843388024634,0.04827857790273944,35.96637899854177,35.0,0.0,0.0,,0.04827857790273944
Anaheim Ducks,1997,93.0,1484.368231386922,96.0,99.90515694637976,-3.905156946379776,-0.04199093490730942,3.393388470621691,0.03648804807120098,44.275437116416406,40.0,11.0,0.01975278274783976,0.0017957075225308872,0.041141898632607955
Anaheim Ducks,1998,82.0,1472.9768569872624,69.0,86.13382599635186,-17.133825996351874,-0.20894909751648627,-10.224561582706235,-0.12468977539885652,37.96249357782176,26.0,0.0,0.0,,-0.12468977539885652
Anaheim Ducks,1999,86.0,1479.5883268635782,86.0,90.67174205684432,-4.671742056844334,-0.05432258205632946,2.368498394947238,0.027540679011014393,40.0035041586789,35.0,4.0,-3.2620536744433672,-0.8155134186108418,0.06866526913890984
Anaheim Ducks,2000,82.0,1492.86285064203,83.0,89.44529236265876,-6.445292362658762,-0.07860112637388735,-1.072133610987164,-0.013074800133989805,39.81096504176403,34.0,0.0,0.0,,-0.013074800133989805
Anaheim Ducks,2001,82.0,1462.8878911007146,66.0,84.74786742883124,-18.74786742883125,-0.22863252961989328,-13.930909302844759,-0.16988913783957024,37.20535896577535,25.0,0.0,0.0,,-0.16988913783957024
Anaheim Ducks,2002,82.0,1448.3079279412684,69.0,80.81852589626077,-11.818525896260791,-0.14412836458854622,-6.649717194462681,-0.08109411212759368,35.00514049288891,29.0,0.0,0.0,,-0.08109411212759368
Anaheim Ducks,2003,103.0,1489.6579291579676,125.0,107.38381344402141,17.616186555978572,0.17103093743668518,22.604055666752586,0.21945685113352026,47.23271562153464,55.0,21.0,10.814966351099018,0.5149983976713818,0.14376938189821434
Anaheim Ducks,2004,82.0,1495.782649578535,76.0,90.34451797569032,-14.344517975690318,-0.17493314604500387,-9.936137552351385,-0.12117240917501688,40.273130951112236,29.0,0.0,0.0,,-0.12117240917501688
Anaheim Ducks,2006,98.0,1503.1288870467793,117.0,106.7674917916705,10.232508208329522,0.10441334906458696,10.3462656165448,0.10557413894433469,47.499872696324566,52.0,16.0,1.5398252805383583,0.0962390800336474,0.10739561385373711
Anaheim Ducks,2007,103.0,1555.226553001014,143.0,124.93798608053122,18.062013919468793,0.1753593584414446,18.29944246225374,0.17766448992479358,57.12169710663725,64.0,21.0,9.691174683879886,0.4614845087561851,0.10497887534602257
Anaheim Ducks,2008,88.0,1542.344939715479,106.0,105.40199448722117,0.5980055127788297,0.00679551719066852,1.2102794202918483,0.013753175230589186,48.028288612887636,49.0,6.0,-2.626031998128898,-0.4376719996881497,0.046784285590496896
Anaheim Ducks,2009,95.0,1524.9691217786326,106.0,108.03715332384552,-2.037153323845498,-0.02144371919837366,-1.720291115178087,-0.01810832752819039,48.605141568639574,49.0,13.0,2.160800863788556,0.16621545106065813,-0.04733038998739809
Anaheim Ducks,2010,82.0,1509.577610301728,89.0,91.50074344243959,-2.500743442439589,-0.03049687124926328,-2.862929866330826,-0.034913778857693,40.95698538224716,39.0,0.0,0.0,,-0.034913778857693
Anaheim Ducks,2011,88.0,1509.5862743099378,104.0,98.2007454659213,5.799254534078711,0.06590061970543991,5.4147950032019025,0.06153176140002162,43.94441693820557,49.0,6.0,-1.6311153231083868,-0.2718525538513978,0.08592573568671086
Anaheim Ducks,2012,82.0,1492.2576003957006,80.0,88.52474034910686,-8.524740349106866,-0.10396024815983983,-9.0992452451415,-0.11096640542855488,39.261494113674146,34.0,0.0,0.0,,-0.11096640542855488
Anaheim Ducks,2013,55.0,1521.3933901888279,75.0,62.999980824022224,12.000019175977767,0.2181821668359594,11.963757518437447,0.21752286397158996,28.390435708641427,33.0,7.0,1.0027387368831893,0.14324839098331274,0.228354557949047
Anaheim Ducks,2014,95.0,1553.7191009478076,131.0,116.72838783301628,14.271612166983715,0.15022749649456543,13.362510808213068,0.14065800850750598,53.54158328399022,61.0,13.0,-0.845325049128212,-0.06502500377909323,0.17326629094318635
Anaheim Ducks,2015,98.0,1548.1141244809116,134.0,119.12681498533405,14.873185014665951,0.1517671940272036,14.188720313237022,0.14478286033915327,54.46239121601424,62.0,16.0,5.696687706535409,0.35604298165846304,0.1035613732524587
Anaheim Ducks,2016,89.0,1529.1890916749112,109.0,105.92316994657332,3.076830053426664,0.034571124195805214,3.5019897470734342,0.03934819940531949,48.18890436973085,49.0,7.0,-2.7661673328625205,-0.39516676183750293,0.07644093999921897
Anaheim Ducks,2017,99.0,1537.6400735666625,126.0,118.53560299366865,7.4643970063313745,0.07539794955890278,7.109660322764755,0.07181475073499753,54.00692548795799,56.0,17.0,0.4935413095442813,0.0290318417378989,0.08068437821000582
Anaheim Ducks,2018,86.0,1523.6402823592784,101.0,100.080997487457,0.9190025125429906,0.010686075727244077,1.2137941735629925,0.014113885739104564,45.292006813700496,44.0,4.0,-4.42806682596496,-1.10701670649124,0.06880318292107257
Anaheim Ducks,2019,82.0,1488.737891874844,80.0,88.73941998840041,-8.739419988400424,-0.1065782925414686,-7.893996350649357,-0.09626824817865069,39.401255334765544,35.0,0.0,0.0,,-0.09626824817865069
Anaheim Ducks,2020,71.0,1473.8827099486177,67.0,73.51896969069733,-6.518969690697336,-0.0918164745168639,-6.378879560753229,-0.0898433740951159,32.26072785776,29.0,0.0,0.0,,-0.0898433740951159
Anaheim Ducks,2021,56.0,1444.744962510034,43.0,53.54078391871259,-10.540783918712588,-0.18822828426272478,-10.522407673311406,-0.18790013702341796,22.946204289278853,17.0,0.0,0.0,,-0.18790013702341796
Anaheim Ducks,2022,82.0,1457.795502511982,76.0,81.78214349434309,-5.782143494343095,-0.07051394505296457,-5.15110672665465,-0.0628183747153006,35.526328003467505,31.0,0.0,0.0,,-0.0628183747153006
Anaheim Ducks,2023,82.0,1409.4762339145425,58.0,72.60522065614784,-14.605220656147836,-0.1781124470261931,-14.678188129502553,-0.17900229426222625,30.509708383474173,23.0,0.0,0.0,,-0.17900229426222625
Arizona Coyotes,1980,80.0,1369.182704996359,51.0,66.86464977988287,-15.86464977988287,-0.19830812224853586,-7.344243468203551,-0.09180304335254438,27.657601919858557,20.0,0.0,0.0,,-0.09180304335254438
Arizona Coyotes,1981,80.0,1360.9546094116442,32.0,64.13714544000783,-32.13714544000784,-0.40171431800009805,-23.335444115804435,-0.2916930514475554,26.173962380965456,9.0,0.0,0.0,,-0.2916930514475554
Arizona Coyotes,1982,84.0,1407.837617769602,82.0,76.94449302909608,5.055506970903915,0.06018460679647518,13.942663555633432,0.16598408994801706,32.69242629686083,34.0,4.0,-1.7755392739543636,-0.4438848184885909,0.19647753536984747
Arizona Coyotes,1983,83.0,1461.3290304667703,74.0,83.99225055189032,-9.992250551890322,-0.12038856086614846,-0.8148815833181557,-0.009817850401423564,36.697266001698175,33.0,3.0,-1.61821319584696,-0.5394043986156534,0.010041645156610046
Arizona Coyotes,1984,83.0,1468.7515467767873,80.0,84.96794526235965,-4.967945262359647,-0.059854762197104186,1.6026530528623741,0.0193090729260527,37.23190598692267,31.0,3.0,-0.5981078688866194,-0.19936928962887313,0.0275095115218624
Arizona Coyotes,1985,88.0,1500.503604875003,103.0,95.3906270133512,7.609372986648804,0.08647014757555459,14.735090982968561,0.16744421571555182,42.436070585192866,46.0,8.0,-1.2001961963194796,-0.15002452453993495,0.1991910897411005
Arizona Coyotes,1986,83.0,1480.4808146229725,61.0,86.87792529299738,-25.877925292997396,-0.31178223244575176,-19.42125784495158,-0.2339910583729106,38.29416815283344,26.0,3.0,-1.0582298708484443,-0.35274329028281476,-0.22953784967628915
Arizona Coyotes,1987,90.0,1488.7257928349463,100.0,94.6441708086867,5.355829191313308,0.05950921323681454,12.525438710132475,0.13917154122369416,41.72815671599763,44.0,10.0,1.7391703797584934,0.17391703797584934,0.13482835412967475
Arizona Coyotes,1988,85.0,1498.9663226239202,81.0,92.13111369413275,-11.131113694132754,-0.130954278754503,-3.9250852200479693,-0.04617747317703493,40.9474923865445,34.0,5.0,-1.408937460163648,-0.28178749203272957,-0.03145184699855402
Arizona Coyotes,1989,80.0,1478.3499870194105,66.0,82.05292060199133,-16.052920601991335,-0.2006615075248917,-9.703930603416554,-0.12129913254270693,35.95090970333472,26.0,0.0,0.0,,-0.12129913254270693
Arizona Coyotes,1990,87.0,1480.2061081583515,96.0,89.67290674919917,6.327093250800823,0.0727252097793198,13.177118819522947,0.1514611358565856,39.31392273401681,40.0,7.0,0.5704814193285035,0.08149734561835764,0.15758296750243053
Arizona Coyotes,1991,80.0,1480.7197119670725,65.0,83.23101787234745,-18.231017872347447,-0.2278877234043431,-11.970035426906062,-0.14962544283632578,36.58214725631888,26.0,0.0,0.0,,-0.14962544283632578
Arizona Coyotes,1992,87.0,1482.5850194748823,91.0,93.64947110153386,-2.6494711015338615,-0.03045369082222829,4.486738407247408,0.05157170583042998,41.530860166902315,36.0,7.0,-0.7772985563119432,-0.11104265090170617,0.06580046204449191
Arizona Coyotes,1993,90.0,1487.2864155661812,94.0,101.00284315775775,-7.002843157757747,-0.07780936841953053,-0.5068140556376217,-0.005631267284862463,45.31402828508819,42.0,6.0,-0.3769742156471414,-0.06282903594119023,-0.001545712380839041
Arizona Coyotes,1994,84.0,1457.183622983383,62.0,87.30148760576422,-25.301487605764223,-0.3012081857829074,-18.942877482947537,-0.22551044622556593,38.39717750267634,24.0,0.0,0.0,,-0.22551044622556593
Arizona Coyotes,1995,48.0,1430.8437168614862,41.0,46.00566652151352,-5.005666521513523,-0.10428471919819839,-0.9586031425029917,-0.01997089880214566,19.771747607931342,16.0,0.0,0.0,,-0.01997089880214566
Arizona Coyotes,1996,88.0,1462.8397573291359,82.0,87.7663587903491,-5.766358790349102,-0.06552680443578525,1.2140483537852882,0.013796004020287366,38.20051579903545,38.0,6.0,0.9204196762591615,0.15340327937652692,0.0035808375308064157
Arizona Coyotes,1997,89.0,1483.981023803318,94.0,95.60501404733495,-1.6050140473349574,-0.01803386570039278,5.379615437752469,0.06044511727811763,42.37773136140154,41.0,7.0,0.10900746508336068,0.015572495011908669,0.0642757069837696
Arizona Coyotes,1998,88.0,1501.3359430157097,88.0,95.98663672754873,-7.986636727548721,-0.09075723554032637,-0.571816381197308,-0.0064979134226966825,42.7305351658094,37.0,6.0,-0.8717534736817962,-0.14529224561363271,0.0036577694205425226
Arizona Coyotes,1999,89.0,1522.4297476096121,99.0,104.65075544743524,-5.650755447435244,-0.06349163424084543,1.6350747875583571,0.018371626826498396,47.48318179157002,42.0,7.0,1.3256019291379895,0.18937170416256993,0.003774059249028867
Arizona Coyotes,2000,87.0,1514.82603945957,92.0,99.24280284579683,-7.24280284579681,-0.08325060742295183,-1.5420124629257252,-0.017724281183054313,44.6927169278978,40.0,5.0,-1.9400827722227825,-0.3880165544445565,0.00485451596703729
Arizona Coyotes,2001,82.0,1505.9916333116569,90.0,94.21783871043723,-4.217838710437229,-0.05143705744435645,0.5991194155492553,0.007306334335966528,42.4938220485907,35.0,0.0,0.0,,0.007306334335966528
Arizona Coyotes,2002,87.0,1499.8676622807704,97.0,96.0499992555095,0.9500007444904983,0.010919548787247107,6.433980708593372,0.07395380124819967,42.87936990956239,41.0,5.0,-2.7785796600187544,-0.5557159320037509,0.11234829717819665
Arizona Coyotes,2003,82.0,1492.6593468517565,78.0,89.71931751014978,-11.719317510149764,-0.1429185062213386,-7.74839258700929,-0.09449259252450354,39.95716192811177,31.0,0.0,0.0,,-0.09449259252450354
Arizona Coyotes,2004,82.0,1477.2969190107506,68.0,85.85850785141712,-17.858507851417105,-0.21778668111484276,-13.450127428078174,-0.16402594424485578,37.790091417502,22.0,0.0,0.0,,-0.16402594424485578
Arizona Coyotes,2006,82.0,1462.5364367669952,81.0,82.35216341600433,-1.352163416004334,-0.016489797756150417,-1.2569786458650216,-0.015329007876402703,35.845637031633046,38.0,0.0,0.0,,-0.015329007876402703
Arizona Coyotes,2007,82.0,1459.8402291517518,67.0,80.7703753008253,-13.770375300825284,-0.1679314061076254,-13.581354519190661,-0.16562627462427637,34.97506753239227,31.0,0.0,0.0,,-0.16562627462427637
Arizona Coyotes,2008,82.0,1474.1819828404832,83.0,83.46218973826424,-0.46218973826426124,-0.005636460222734893,0.10833822100922988,0.0013211978171857302,36.4638970525304,38.0,0.0,0.0,,0.0013211978171857302
Arizona Coyotes,2009,82.0,1473.8025724918243,79.0,84.51747000390479,-5.517470003904784,-0.06728621955981444,-5.243967886949756,-0.06395082788963118,37.039856269298504,36.0,0.0,0.0,,-0.06395082788963118
Arizona Coyotes,2010,89.0,1502.7151244183203,113.0,97.09828685653548,15.901713143464496,0.17867093419623029,15.50860836631425,0.17425402658780056,43.18156708766113,53.0,7.0,-1.407617641498925,-0.20108823449984642,0.20629543911967288
Arizona Coyotes,2011,86.0,1515.293146624792,99.0,96.96785185863725,2.032148141362759,0.023629629550729756,1.6564263270967863,0.01926077124531147,43.51014318400458,43.0,4.0,-4.201114458573295,-1.0502786146433238,0.07143342421548879
Arizona Coyotes,2012,98.0,1513.7538637534346,118.0,109.1754776092834,8.824522390716597,0.09004614684404691,8.13791897838252,0.08303998957533185,48.83998715278676,51.0,16.0,3.7696664755641978,0.23560415472276236,0.05327137198558932
Arizona Coyotes,2013,48.0,1512.2495361152148,51.0,53.976413044064266,-2.976413044064263,-0.062008605084672146,-3.008059581554002,-0.06266790794904172,24.20529464543376,21.0,0.0,0.0,,-0.06266790794904172
Arizona Coyotes,2014,82.0,1502.6472142069272,89.0,90.6523506782475,-1.6523506782474766,-0.02015061802740825,-2.4370486931863513,-0.029720106014467697,40.47898668694406,37.0,0.0,0.0,,-0.029720106014467697
Arizona Coyotes,2015,82.0,1446.8458827200093,56.0,79.7137785671128,-23.71377856711281,-0.28919242155015623,-24.286493929532927,-0.2961767552382064,34.39977368660718,24.0,0.0,0.0,,-0.2961767552382064
Arizona Coyotes,2016,82.0,1442.2647642154022,78.0,78.09805975067688,-0.09805975067688999,-0.0011958506180108535,0.2936604165032799,0.0035812245915034136,33.49054453257131,35.0,0.0,0.0,,0.0035812245915034136
Arizona Coyotes,2017,82.0,1437.104974882913,70.0,77.98237006016676,-7.9823700601667635,-0.09734597634349712,-8.276192363726993,-0.10092917516740235,33.43057970801853,30.0,0.0,0.0,,-0.10092917516740235
Arizona Coyotes,2018,82.0,1419.5426793152617,70.0,74.05526047217501,-4.055260472175002,-0.049454396002134166,-3.7741800512024435,-0.0460265859902737,31.278780159530655,29.0,0.0,0.0,,-0.0460265859902737
Arizona Coyotes,2019,82.0,1469.0362729897206,86.0,84.1362664328067,1.8637335671932973,0.022728458136503624,2.7091572049443657,0.03303850249932153,36.83854372538144,39.0,0.0,0.0,,0.03303850249932153
Arizona Coyotes,2020,79.0,1498.7600748238663,82.0,85.61667229628137,-3.616672296281365,-0.04578066197824513,-3.4607973629632762,-0.04380756155649717,38.014369596200346,37.0,9.0,-0.9628962559810598,-0.10698847288678442,-0.03568430152831737
Arizona Coyotes,2021,56.0,1485.9773165505435,54.0,59.85784776289896,-5.857847762898967,-0.10460442433748154,-5.839471517497785,-0.10427627709817473,26.44497706855762,24.0,0.0,0.0,,-0.10427627709817473
Arizona Coyotes,2022,82.0,1433.340111580771,57.0,76.3894840801358,-19.389484080135812,-0.2364571229284855,-18.75844731244736,-0.22876155259082145,32.56324889011615,25.0,0.0,0.0,,-0.22876155259082145
Arizona Coyotes,2023,82.0,1430.4602419247883,70.0,76.25885483072908,-6.2588548307290885,-0.07632749793572059,-6.331822304083808,-0.07721734517175376,32.50233966189656,28.0,0.0,0.0,,-0.07721734517175376
Boston Bruins,1925,30.0,1351.534478457786,12.0,24.516613695367575,-12.516613695367575,-0.4172204565122525,-10.239654788837866,-0.3413218262945955,10.064169557040524,6.0,0.0,0.0,,-0.3413218262945955
Boston Bruins,1926,36.0,1392.136933248208,40.0,35.15561626590678,4.8443837340932205,0.1345662148359228,7.313296243351189,0.20314711787086637,15.201998390944357,17.0,0.0,0.0,,0.20314711787086637
Boston Bruins,1927,52.0,1444.7127020500147,54.0,59.1064000683086,-5.1064000683086075,-0.09820000131362706,-2.767620832857302,-0.05322347755494812,26.591826708756273,23.0,8.0,-0.07139998734531128,-0.00892499841816391,-0.06127774648890885
Boston Bruins,1928,46.0,1473.8628281794283,54.0,54.131725172331066,-0.1317251723310653,-0.0028635907028492454,3.923136985659239,0.08528558664476607,24.554311757851224,20.0,2.0,-1.1547529097221394,-0.5773764548610697,0.11540658853139497
Boston Bruins,1929,49.0,1493.4915544377434,68.0,57.894272556293686,10.105727443706314,0.20623933558584315,14.095625373939566,0.2876658239579503,26.294399467767878,31.0,5.0,4.790714676151234,0.9581429352302469,0.21147524313155303
Boston Bruins,1930,50.0,1563.6609128879913,85.0,66.9740162745203,18.0259837254797,0.36051967450959405,21.116041919649778,0.42232083839299556,31.34798178301478,41.0,6.0,-0.718658238647341,-0.11977637310789017,0.49624318541584356
Boston Bruins,1931,49.0,1580.383266982042,70.0,66.20230110322757,3.7976988967724292,0.07750405911780468,7.345795614523317,0.14991419621476157,31.04889457389876,30.0,5.0,0.5337032813441144,0.10674065626882287,0.15482028029952735
Boston Bruins,1932,48.0,1552.6807944541977,46.0,59.37589981593153,-13.375899815931533,-0.2786645794985736,-10.34090546192001,-0.21543553045666686,27.260275098555148,15.0,0.0,0.0,,-0.21543553045666686
Boston Bruins,1933,53.0,1532.0349273485717,65.0,63.19885707987869,1.801142920121308,0.033983828681534115,5.8203293578788635,0.10981753505431818,28.760118191850292,27.0,5.0,0.7474295600748136,0.14948591201496272,0.10568541245425102
Boston Bruins,1934,48.0,1509.4174306995228,43.0,54.53214704914346,-11.532147049143461,-0.2402530635238221,-8.523421261681813,-0.17757127628503777,24.51150966005784,18.0,0.0,0.0,,-0.17757127628503777
Boston Bruins,1935,52.0,1509.7279498443781,62.0,59.23438540968649,2.765614590313503,0.05318489596756737,6.614740872813535,0.12720655524641414,26.66368830371271,27.0,4.0,-0.564294937885347,-0.14107373447133675,0.14956324605622665
Boston Bruins,1936,50.0,1513.5905249161906,52.0,56.08973626659981,-4.089736266599808,-0.08179472533199617,-0.3063189364573271,-0.006126378729146542,25.124661539593653,23.0,2.0,0.035841845944998285,0.017920922972499143,-0.0071283496333817975
Boston Bruins,1937,51.0,1516.8090125943254,55.0,57.8325267016579,-2.8325267016579057,-0.05553973924819423,1.0594604195843838,0.02077373371734086,25.984040515602857,24.0,3.0,-1.1369078098742247,-0.3789692699580749,0.04575767144705432
Boston Bruins,1938,51.0,1544.3390803955645,69.0,61.899504699236,7.1004953007640035,0.13922539805419615,11.338573580692897,0.22232497217044894,28.28931096446498,30.0,3.0,-1.2126922685192016,-0.4042307561730672,0.2614847051919187
Boston Bruins,1939,60.0,1586.5550076520997,93.0,78.74303896175199,14.256961038248019,0.23761601730413365,18.8196337249651,0.31366056208275167,36.67975344022146,44.0,12.0,2.7775817269525462,0.2314651439127122,0.33420941662526155
Boston Bruins,1940,54.0,1599.4275415312413,71.0,72.39378274010274,-1.3937827401027294,-0.025810791483383878,2.7962587203883293,0.051782568896080176,33.89834174585035,33.0,6.0,-2.6205105128153052,-0.4367517521358842,0.11284935902507576
Boston Bruins,1941,59.0,1585.8287921012413,85.0,77.61495234428223,7.385047655717766,0.12517029924945366,11.17554329359854,0.18941598802709392,36.1860128126646,35.0,11.0,3.368778255877792,0.3062525687161629,0.16264093828584894
Boston Bruins,1942,53.0,1587.0931148212428,62.0,71.30623240092041,-9.30623240092039,-0.17558929058340358,-6.032017029285009,-0.1138116420619813,33.415576302113934,27.0,5.0,-2.5991041754663184,-0.5198208350932637,-0.07151901778788937
Boston Bruins,1943,59.0,1547.6343728135853,65.0,71.26593701390745,-6.265937013907456,-0.1062023222696179,-0.6263053466161222,-0.010615344857900376,32.530751965644065,28.0,9.0,-1.985105701269292,-0.22056730014103246,0.027176007093063403
Boston Bruins,1944,50.0,1513.9611031176055,43.0,56.1143903111353,-13.114390311135308,-0.26228780622270614,-7.503712158021239,-0.15007424316042478,25.16353319734427,19.0,0.0,0.0,,-0.15007424316042478
Boston Bruins,1945,57.0,1474.6119335496905,43.0,56.5297770676276,-13.529777067627595,-0.23736450995837888,-7.575631670084591,-0.13290581877341387,24.575557895340022,19.0,7.0,2.237393086488052,0.3196275837840074,-0.19626049513145283
Boston Bruins,1946,60.0,1498.5289039438348,68.0,63.45275295693194,4.547247043068067,0.07578745071780112,10.695163270737527,0.1782527211789588,28.053861114888118,29.0,10.0,3.3101761322779883,0.3310176132277988,0.1476997427691908
Boston Bruins,1947,65.0,1508.1397330062885,67.0,71.45480986404709,-4.4548098640470934,-0.06853553636995528,2.3984766516246077,0.03689964079422473,31.873715281919395,27.0,5.0,0.23102504494219323,0.04620500898843864,0.0361241934447069
Boston Bruins,1948,65.0,1510.0048366719784,62.0,71.92142077676152,-9.921420776761526,-0.1526372427194081,-2.5386968839365656,-0.039056875137485625,32.12743385895213,24.0,5.0,-0.8225561730836854,-0.16451123461673708,-0.028602345180881346
Boston Bruins,1949,65.0,1514.3996069968375,68.0,73.95168733658868,-5.951687336588673,-0.09156442056290266,0.9836982627217744,0.015133819426488837,33.25334916214309,30.0,5.0,-2.990947356724235,-0.598189471344847,0.0662440936574335
Boston Bruins,1950,70.0,1490.611187807261,60.0,74.84162462844827,-14.841624628448278,-0.21202320897783253,-7.596430758145912,-0.10852043940208446,33.09707238510796,22.0,0.0,0.0,,-0.10852043940208446
Boston Bruins,1951,76.0,1478.9927353242656,65.0,77.49523680321725,-12.495236803217242,-0.16441101056864793,-4.899535442759138,-0.06446757161525181,33.891683797130426,23.0,6.0,-1.3600773611528036,-0.22667956019213395,-0.0505636868800905
Boston Bruins,1952,77.0,1478.3192525016398,73.0,79.02737292899755,-6.027372928997544,-0.07827757050646161,2.6097788858546,0.03389323228382597,34.64277697388918,28.0,7.0,1.3366275466062403,0.19094679237232004,0.01818787627497657
Boston Bruins,1953,81.0,1492.5628260100057,80.0,85.20131414883586,-5.201314148835864,-0.06421375492389955,3.6022991201066175,0.04447282864329157,37.582208536656374,33.0,11.0,2.3248587845748063,0.21135079859770967,0.018249147650454402
Boston Bruins,1954,74.0,1498.6952205514935,74.0,80.79959741600997,-6.799597416009986,-0.09188645156770252,1.2554898221908384,0.016966078678254573,35.97164380810028,32.0,4.0,-3.450103249972072,-0.862525812493018,0.06722275817375586
Boston Bruins,1955,75.0,1493.0017372580628,70.0,79.78993911081659,-9.789939110816585,-0.13053252147755445,-1.3615694632254312,-0.018154259509672414,35.31757935385862,24.0,5.0,-0.4771288557962535,-0.0954257711592507,-0.012634865820416822
Boston Bruins,1956,70.0,1468.9641260857109,59.0,71.13890722384266,-12.138907223842669,-0.17341296034060955,-4.2712896977215555,-0.06101842425316508,31.09452576285003,23.0,0.0,0.0,,-0.06101842425316508
Boston Bruins,1957,80.0,1510.4743015418721,90.0,88.19961858711102,1.800381412888969,0.02250476766111211,10.640070923496674,0.13300088654370842,39.386832580714184,39.0,10.0,1.709804489449188,0.1709804489449188,0.12757523477210697
Boston Bruins,1958,82.0,1513.8320825912194,82.0,92.09627501460363,-10.096275014603613,-0.12312530505614162,-1.163674923079517,-0.014191157598530695,41.3175150681784,33.0,12.0,1.9513564879506158,0.1626130406625513,-0.044500448729001905
Boston Bruins,1959,77.0,1510.7888478625116,81.0,87.8353530764764,-6.83535307647639,-0.08877081917501806,1.55241821894451,0.02016127557070792,39.546607582427754,35.0,7.0,0.16637865830986165,0.023768379758551665,0.01980056515192354
Boston Bruins,1960,70.0,1498.432536272445,64.0,76.84094031364093,-12.840940313640932,-0.18344200448058473,-5.197105950559633,-0.07424437072228048,34.24401185783577,28.0,0.0,0.0,,-0.07424437072228048
Boston Bruins,1961,70.0,1457.9032749697874,43.0,68.5994323644905,-25.599432364490504,-0.36570617663557864,-17.818929750749184,-0.2545561392964169,29.666150045579553,15.0,0.0,0.0,,-0.2545561392964169
Boston Bruins,1962,70.0,1413.113288497822,38.0,59.50458237385172,-21.504582373851722,-0.3072083196264532,-13.631258742988445,-0.19473226775697777,24.702203074041087,15.0,0.0,0.0,,-0.19473226775697777
Boston Bruins,1963,70.0,1411.2805093419618,45.0,59.01074221398611,-14.010742213986115,-0.20015346019980162,-5.961087955204258,-0.08515839936006082,24.42462379787445,14.0,0.0,0.0,,-0.08515839936006082
Boston Bruins,1964,70.0,1426.6934118453441,48.0,61.64012008277883,-13.640120082778827,-0.1948588583254118,-6.012428938048949,-0.08589184197212783,25.839017690352957,18.0,0.0,0.0,,-0.08589184197212783
Boston Bruins,1965,70.0,1426.180228176999,48.0,61.792178972878105,-13.792178972878101,-0.19703112818397286,-6.0222178011560334,-0.08603168287365762,25.93592301969227,21.0,0.0,0.0,,-0.08603168287365762
Boston Bruins,1966,70.0,1422.9572768252413,48.0,61.20588297145052,-13.205882971450515,-0.18865547102072164,-5.3363947801674545,-0.07623421114524935,25.63449812441461,21.0,0.0,0.0,,-0.07623421114524935
Boston Bruins,1967,70.0,1435.0783157273784,44.0,63.69204397662796,-19.69204397662794,-0.2813149139518277,-11.895998179998868,-0.16994283114284098,26.95476593396522,17.0,0.0,0.0,,-0.16994283114284098
Boston Bruins,1968,78.0,1474.4655795968492,84.0,87.04908093879705,-3.049080938797058,-0.039090781266628946,5.130761752244939,0.06577899682365307,39.0123386819644,37.0,4.0,-3.015045697164216,-0.753761424291054,0.11007847904606964
Boston Bruins,1969,86.0,1525.1420666109623,115.0,106.572359086405,8.427640913594997,0.09799582457668601,17.945293410487096,0.20866620244752437,48.99329806091937,48.0,10.0,4.949228732150121,0.49492287321501205,0.17100085103074966
Boston Bruins,1970,90.0,1558.1380117024278,123.0,116.29813066109614,6.701869338903872,0.07446521487670969,16.800092086680927,0.1866676898520103,53.997194522068106,52.0,14.0,7.927431323565812,0.5662450945404152,0.11674553635677784
Boston Bruins,1971,85.0,1617.7758365881118,127.0,124.16162077911622,2.83837922088378,0.033392696716279764,12.107094897745672,0.14243641056171377,59.215705154665685,60.0,7.0,-2.9400823814446517,-0.4200117687778074,0.19291252922038873
Boston Bruins,1972,93.0,1625.53485835,144.0,135.86006518394393,8.139934816056089,0.0875261808178074,18.330230528886887,0.19709925299878372,64.80329597083761,66.0,15.0,5.040657361338695,0.3360438240892464,0.1703791431736948
Boston Bruins,1973,83.0,1597.49678349397,109.0,116.22791059181627,-7.2279105918162845,-0.08708326014236488,1.9026697188917678,0.022923731552912864,54.95987117447401,52.0,5.0,-3.3932785209263017,-0.6786557041852603,0.06789677230535987
Boston Bruins,1974,94.0,1600.9733546151758,135.0,128.58185108085559,6.418148919144404,0.06827817999089791,16.67125828434061,0.1773538115355384,60.494482485700104,62.0,16.0,3.9177708893351464,0.24486068058344665,0.16350624865391622
Boston Bruins,1975,83.0,1582.685685898189,97.0,113.68880153679744,-16.688801536797442,-0.20106989803370412,-7.957736729274379,-0.0958763461358359,53.49205391654058,41.0,3.0,-0.5808618831649155,-0.1936206277216385,-0.09221093557636831
Boston Bruins,1976,92.0,1574.578456219566,126.0,120.79742881665673,5.202571183343291,0.05654968677547055,15.194328906626481,0.16515574898507043,56.320071195920605,53.0,12.0,-0.5205098619910922,-0.04337582183259101,0.1964354846077197
Boston Bruins,1977,94.0,1578.7578430746746,123.0,120.79791774940637,2.2020822505936684,0.023426406921209238,12.435081429291454,0.13228810031161123,56.07530926382513,57.0,14.0,3.1953983381477817,0.22824273843912726,0.11549603863929589
Boston Bruins,1978,95.0,1604.1149748710884,134.0,126.44875785592293,7.551242144077072,0.0794867594113376,17.62073245502229,0.18548139426339252,59.17822351943836,61.0,15.0,5.028615789228147,0.3352410526152098,0.15740145832242683
Boston Bruins,1979,91.0,1600.09241167199,115.0,119.62473549012988,-4.624735490129888,-0.05082126912230646,4.991348397086238,0.05484998238556305,55.8162870558711,50.0,11.0,4.827689153840435,0.4388808321673123,0.002045740540572516
Boston Bruins,1980,90.0,1572.4283802192717,115.0,120.25868555853602,-5.258685558536009,-0.05842983953928899,4.326771542103223,0.04807523935670247,56.28690903084518,50.0,10.0,-2.079367979045898,-0.2079367979045898,0.08007674401436402
Boston Bruins,1981,83.0,1536.9720890622386,88.0,103.35586560925867,-15.355865609258686,-0.18501042902721307,-6.224100485397654,-0.07498916247467052,47.56247402516141,37.0,3.0,-2.4545517998609627,-0.8181839332869876,-0.04711935856920864
Boston Bruins,1982,91.0,1544.6129701569807,109.0,112.08377771858093,-3.0837777185809507,-0.03388766723715331,6.543975248209359,0.07191181591438857,51.44811306717728,49.0,11.0,0.6389347462499528,0.05808497693181389,0.0738130062744926
Boston Bruins,1983,97.0,1575.0919705219626,128.0,124.00825539770454,3.9917446022954524,0.04115200620923147,14.71710351737377,0.1517227166739564,57.43532944367478,59.0,17.0,-1.4578030183205797,-0.08575311872473998,0.20218633169617933
Boston Bruins,1984,83.0,1583.5186746163927,104.0,109.275154404515,-5.2751544045150025,-0.06355607716283136,1.295443910707021,0.015607757960325555,50.952317150520095,49.0,3.0,-3.901731351081839,-1.3005771170272797,0.06496469077236071
Boston Bruins,1985,85.0,1545.7632883887131,90.0,102.75360611982856,-12.75360611982856,-0.15004242493915954,-5.870810327928797,-0.06906835679916232,46.96018252935704,38.0,5.0,-0.732811907668349,-0.1465623815336698,-0.0642249802532556
Boston Bruins,1986,83.0,1533.8592863335919,89.0,97.1610886737262,-8.161088673726166,-0.09832636956296585,-1.7044212256803477,-0.020535195490124673,44.05183424098361,37.0,3.0,-2.8219420118129506,-0.9406473372709835,0.013969009826657552
Boston Bruins,1987,84.0,1529.4759680604618,89.0,97.58710435817409,-8.58710435817408,-0.10222743283540572,-1.895468807276193,-0.022565104848526106,44.12202425996078,39.0,4.0,-2.6779163023327577,-0.6694790755831894,0.009780593688207068
Boston Bruins,1988,103.0,1542.451210828219,125.0,122.01575347488874,2.984246525111281,0.028973267234090105,11.71625749959049,0.11375007281155816,55.450932608631184,56.0,23.0,2.6420003302413124,0.11486957957570923,0.11342821461686473
Boston Bruins,1989,90.0,1537.2562200083219,101.0,106.15082578300628,-5.150825783006268,-0.05723139758895853,1.9917879653903634,0.02213097739322626,48.21428358945631,42.0,10.0,1.4808903901714825,0.14808903901714826,0.0063862196902360144
Boston Bruins,1990,101.0,1563.304534950212,131.0,125.73913040265037,5.260869597349623,0.052087817795540815,13.213198131153465,0.1308237438728066,57.85818380162236,59.0,21.0,3.6060100881744415,0.17171476610354483,0.1200898505372378
Boston Bruins,1991,99.0,1559.89146263523,122.0,124.6277620105864,-2.6277620105863977,-0.026543050611983816,5.120203765647317,0.05171922995603351,57.48381409719682,54.0,19.0,-0.20435928316177032,-0.010755751745356333,0.06655703811011363
Boston Bruins,1992,95.0,1524.6424992380205,103.0,112.51415818827074,-9.514158188270734,-0.10014903356074457,-1.7217455062681961,-0.018123636908086275,51.13790545562704,44.0,15.0,1.4769533183838828,0.09846355455892551,-0.03998373530815098
Boston Bruins,1993,88.0,1531.565037702715,115.0,106.6661124857313,8.333887514268696,0.09470326720759882,14.685560414119486,0.16688136834226688,48.75247005918373,51.0,4.0,-1.8816904219133876,-0.4704226054783469,0.19722917661943895
Boston Bruins,1994,97.0,1546.2334858946222,113.0,120.6960490473427,-7.696049047342696,-0.07934071182827522,-0.35336831028057214,-0.0036429722709337333,55.529214896498424,48.0,13.0,0.6815812385978436,0.05242932604598797,-0.012320827962838277
Boston Bruins,1995,53.0,1532.9253876392397,63.0,63.613731638583225,-0.6137316385832262,-0.011579842237419362,3.854900842407569,0.07273397815863338,29.01264727363784,28.0,5.0,-1.9227392035022317,-0.38454784070044634,0.12036750095645417
Boston Bruins,1996,87.0,1514.9452727757077,99.0,100.8700341063119,-1.8700341063119075,-0.021494644900136868,5.0310502293664126,0.05782816355593578,45.59023275720881,41.0,5.0,-3.338062604800407,-0.6676125209600814,0.10206235163618069
Boston Bruins,1997,82.0,1482.7076995540406,64.0,88.48771919407022,-24.487719194070227,-0.2986307218789052,-18.052442589832378,-0.22015173890039486,39.29582467583336,26.0,0.0,0.0,,-0.22015173890039486
Boston Bruins,1998,88.0,1486.0731834357307,98.0,94.3826919530373,3.6173080469626964,0.04110577326093973,11.03212839331411,0.12536509537856944,41.80452376302621,41.0,6.0,-0.12712879627482954,-0.02118813271247159,0.13608850231206027
Boston Bruins,1999,94.0,1520.5586316651554,106.0,109.74865984295948,-3.748659842959496,-0.039879360031484,3.9464866973708275,0.04198390103585987,49.69587120974393,45.0,12.0,0.06634576126393876,0.005528813438661563,0.04731879190374253
Boston Bruins,2000,82.0,1500.680091604265,73.0,93.06344697790433,-20.063446977904338,-0.24467618265736998,-14.69028822623274,-0.17914985641747244,41.861880773209734,24.0,0.0,0.0,,-0.17914985641747244
Boston Bruins,2001,82.0,1463.3647237740981,88.0,85.68895770388198,2.3110422961180035,0.028183442635585407,7.128000422104492,0.08692683441590844,37.72576166642483,36.0,0.0,0.0,,0.08692683441590844
Boston Bruins,2002,88.0,1503.1084186720886,105.0,100.94190754209308,4.058092457906932,0.04611468702166968,9.605106674470758,0.10914893948262225,45.50197907792831,45.0,6.0,-2.6131794930079466,-0.4355299155013244,0.14900348984730127
Boston Bruins,2003,87.0,1507.8992940339044,89.0,99.3173957783688,-10.317395778368804,-0.11859075607320464,-6.10434128674415,-0.07016484237636954,44.73587890209337,37.0,5.0,-1.9952182101351994,-0.3990436420270399,-0.05011125703181646
Boston Bruins,2004,89.0,1512.5340133946725,110.0,102.30284381226652,7.697156187733478,0.08648490098576941,12.48186176916232,0.14024563785575642,46.15469039495649,44.0,7.0,-2.170900662391491,-0.3101286660559273,0.1786922247750465
Boston Bruins,2006,82.0,1496.2897786477686,74.0,88.44216269988773,-14.442162699887716,-0.17612393536448434,-14.346977929748402,-0.1749631454847366,39.246277547438794,29.0,0.0,0.0,,-0.1749631454847366
Boston Bruins,2007,82.0,1465.505453189712,76.0,83.19346975642533,-7.193469756425317,-0.08772524093201607,-7.004448974790697,-0.08542010944866704,36.29954419203748,35.0,0.0,0.0,,-0.08542010944866704
Boston Bruins,2008,89.0,1479.1311839344826,101.0,92.80836821652362,8.191631783476371,0.09204080655591428,8.810863349029312,0.09899846459583496,40.80324986275976,44.0,7.0,0.7488894967295265,0.10698421381850379,0.09831675429633883
Boston Bruins,2009,93.0,1544.9435730207013,132.0,114.51240177995676,17.487598220043242,0.18803869053809938,17.797789645370287,0.19137408220828264,52.54765989059203,60.0,11.0,1.9249864195640563,0.17499876541491421,0.1935707710464174
Boston Bruins,2010,95.0,1525.1210773967418,106.0,111.74300794683809,-5.74300794683808,-0.06045271522987453,-6.162614169638904,-0.06486962283830426,50.69405223998961,46.0,13.0,-0.0152094042916604,-0.0011699541762815692,-0.0749683507969176
Boston Bruins,2011,107.0,1538.2032583129153,136.0,127.01340153441693,8.986598465583068,0.08398690154750531,8.51913062690331,0.07961804324208702,57.748449399698195,62.0,25.0,4.5883661511591,0.183534646046364,0.0479361521432221
Boston Bruins,2012,89.0,1566.3495023049607,110.0,113.96687602331575,-3.966876023315755,-0.04457164071141298,-4.590424020231397,-0.05157779798012805,52.77714392751804,52.0,7.0,-1.0551263083585654,-0.15073232976550935,-0.043113386730156474
Boston Bruins,2013,70.0,1557.1992598463123,93.0,86.22948868023798,6.770511319762021,0.09672159028231458,6.724360119256155,0.09606228741794508,39.569794353589586,42.0,22.0,5.392373429694188,0.24510788316791762,0.02774972269920763
Boston Bruins,2014,94.0,1576.097834280468,132.0,122.84723691077193,9.152763089228062,0.09736982009817087,8.253231218444473,0.0878003321111114,57.175976308091414,61.0,12.0,-1.4642608294268928,-0.1220217357855744,0.11850600058379714
Boston Bruins,2015,82.0,1549.8078633124196,96.0,100.77433004854981,-4.7743300485498255,-0.0582235371774369,-5.347045410969944,-0.06520787086548713,46.20597583265045,41.0,0.0,0.0,,-0.06520787086548713
Boston Bruins,2016,82.0,1529.541579608189,93.0,96.75116003837456,-3.751160038374558,-0.045745854126519,-3.3594398711943905,-0.04096877891700476,43.91412066040734,42.0,0.0,0.0,,-0.04096877891700476
Boston Bruins,2017,88.0,1514.9141410871,102.0,100.5315921157229,1.468407884277094,0.016686453230421523,1.1530863877734354,0.013103254406516312,45.27027949614043,46.0,6.0,-0.016107535517556393,-0.0026845892529260653,0.01425846247915845
Boston Bruins,2018,94.0,1539.9770553688152,123.0,112.82469356683558,10.175306433164424,0.10824794077834494,10.497520574279307,0.11167575079020539,51.427142759145895,55.0,12.0,-2.8089121659129956,-0.23407601382608298,0.1622735700023451
Boston Bruins,2019,106.0,1551.7404239070393,139.0,129.0474334209293,9.952566579070687,0.09389213753840271,11.045431281529385,0.10420218190122062,59.03565114753731,64.0,24.0,3.0338777968908937,0.1264115748704539,0.09770187176388404
Boston Bruins,2020,83.0,1575.797342389886,112.0,105.3856930487825,6.614306951217492,0.07969044519539148,6.77807428622257,0.0816635456171394,48.69147783762453,49.0,13.0,-3.0581007281376866,-0.2352385175490528,0.1405167859194322
Boston Bruins,2021,67.0,1559.4533355099106,87.0,82.95220667491158,4.047793325088431,0.060414825747588524,4.069779190121986,0.060742972986895315,38.06943986096247,39.0,11.0,1.0644691202698746,0.09676992002453405,0.05366625124735909
Boston Bruins,2022,89.0,1553.58296400247,113.0,108.61484795556684,4.38515204443316,0.04927137128576584,5.070057804485257,0.056966941623429856,49.72579794809166,54.0,7.0,-1.0568248661171555,-0.15097498087387937,0.0747180813488099
Boston Bruins,2023,89.0,1609.3823604083443,143.0,121.36934303928018,21.630656960719822,0.24304108944629013,21.55146055671287,0.24215124221025694,57.03174267077898,68.0,7.0,-2.082749829371882,-0.29753568991026885,0.28822207787908233
Buffalo Sabres,1971,78.0,1367.2657297564579,63.0,66.76747212151581,-3.7674721215158247,-0.04830092463481826,4.7379375584280305,0.06074278921061577,27.83258069853962,24.0,0.0,0.0,,0.06074278921061577
Buffalo Sabres,1972,78.0,1402.3020980741026,51.0,71.65381210254662,-20.65381210254661,-0.26479246285316166,-12.107112472430453,-0.1552193906721853,30.506328574469777,16.0,0.0,0.0,,-0.1552193906721853
Buffalo Sabres,1973,84.0,1460.1664706950785,92.0,87.79272668011237,4.207273319887619,0.05008658714151928,13.447860622290948,0.160093578836797,38.771517444620514,39.0,6.0,0.7770122259094184,0.12950203765156973,0.16244677431258372
Buffalo Sabres,1974,78.0,1484.2913173312295,76.0,87.42689104868043,-11.426891048680421,-0.14649860318821054,-2.9189917881984555,-0.03742297164356994,39.24299402077613,32.0,0.0,0.0,,-0.03742297164356994
Buffalo Sabres,1975,97.0,1543.5456268271882,134.0,119.12254228489302,14.877457715106988,0.15337585273306173,25.0812322492002,0.25856940463092987,54.67921611995921,59.0,17.0,3.7812868780497335,0.22242863988527845,0.2662493171393808
Buffalo Sabres,1976,89.0,1574.3184099974249,113.0,117.85904592258028,-4.859045922580279,-0.054596021602025605,4.80689361407411,0.05401004060757427,55.05181608472269,50.0,9.0,-2.652443119683113,-0.29471590218701255,0.09324170917196531
Buffalo Sabres,1977,86.0,1576.376802733586,108.0,112.87272103783302,-4.872721037833006,-0.05665954695154658,4.489384593741562,0.052202146438855374,52.627425284494535,50.0,6.0,-3.018711340265422,-0.5031185567109037,0.09385119917508726
Buffalo Sabres,1978,88.0,1582.881134856096,112.0,115.46393579231707,-3.4639357923170717,-0.039362906730875814,5.86359207466376,0.0666317281211791,53.85735404842985,47.0,8.0,-1.7526584150998823,-0.2190823018874853,0.09520313112204551
Buffalo Sabres,1979,83.0,1545.3974559147828,91.0,101.5106716665407,-10.510671666540691,-0.1266345983920565,-1.7399577913875257,-0.020963346884187058,46.56424736508824,37.0,3.0,-0.5911734875954315,-0.19705782919847717,-0.014359803797401163
Buffalo Sabres,1980,94.0,1567.7844565877122,129.0,124.853069517978,4.1469304820220145,0.044116281723638455,14.158407898245214,0.15062136061962994,58.35802518601655,56.0,14.0,1.4762825727664297,0.10544875519760212,0.1585265665684848
Buffalo Sabres,1981,88.0,1576.1729340266286,108.0,117.84986208483875,-9.849862084838756,-0.11193025096407677,-0.16799062821501465,-0.0019089844115342573,55.172106962830796,43.0,8.0,-1.1047890655779393,-0.13809863319724242,0.011709980467036574
Buffalo Sabres,1982,84.0,1558.390419743928,95.0,105.41617104967303,-10.416171049673016,-0.12400203630563114,-1.529014464943499,-0.018202553154089272,48.60664277048195,40.0,4.0,-1.9864030718494465,-0.49660076796236163,0.0057173575863243425
Buffalo Sabres,1983,90.0,1538.3353572767298,102.0,105.85570461257846,-3.8557046125784615,-0.042841162361982904,6.095659329246776,0.06772954810274195,48.06508547978383,44.0,10.0,4.662406056751386,0.4662406056751386,0.017915665906192414
Buffalo Sabres,1984,83.0,1560.0998499589982,104.0,103.9551240022502,0.044875997749796226,0.0005406746716842918,6.615474312971817,0.07970450979484117,47.92019490756376,48.0,3.0,-3.354484221851358,-1.118161407283786,0.12462448168528968
Buffalo Sabres,1985,85.0,1556.6076977076434,97.0,104.37856480259666,-7.3785648025966575,-0.08680664473643127,-0.49576901069689217,-0.005832576596434025,47.8712344022414,40.0,5.0,-0.9348673386238698,-0.18697346772477397,0.005488729099087211
Buffalo Sabres,1986,80.0,1536.932552725791,82.0,94.94427741898613,-12.944277418986115,-0.16180346773732643,-6.720983493158821,-0.08401229366448526,43.196399846910424,37.0,0.0,0.0,,-0.08401229366448526
Buffalo Sabres,1987,80.0,1489.6470325855712,68.0,85.37564844990575,-17.37564844990574,-0.21719560562382173,-11.002662210955371,-0.13753327763694215,37.764914016779755,28.0,0.0,0.0,,-0.13753327763694215
Buffalo Sabres,1988,86.0,1493.6128946170697,90.0,91.6449292757282,-1.6449292757282068,-0.019127084601490776,5.645876003934045,0.06564972097597727,40.520097908160636,39.0,6.0,-1.383121733784009,-0.23052028896400148,0.08786247172147568
Buffalo Sabres,1989,85.0,1504.7664281930347,89.0,93.8770431649168,-4.877043164916801,-0.057376978410785894,1.8687587085689057,0.02198539657139889,41.90915652725698,39.0,5.0,-2.587121566544294,-0.5174243133088587,0.055698503438915005
Buffalo Sabres,1990,86.0,1533.9747440748527,106.0,100.6624364367092,5.3375635632907965,0.06206469259640461,12.108853205935652,0.14080061867367039,45.63015951616718,47.0,6.0,-0.6653856500994207,-0.11089760834990346,0.1596779857004384
Buffalo Sabres,1991,86.0,1523.3841743428866,88.0,99.51110515352535,-11.511105153525355,-0.13385005992471344,-4.7805490246758655,-0.055587779356696114,44.9564266475904,33.0,6.0,-0.8353199233355362,-0.13921998722258935,-0.049315363766754106
Buffalo Sabres,1992,87.0,1496.6864051766622,84.0,96.59228907901368,-12.59228907901368,-0.14473895493119174,-5.456079570232404,-0.06271355827853338,43.187585880128935,34.0,7.0,1.4064621953550782,0.20092317076501118,-0.08578177206984353
Buffalo Sabres,1993,92.0,1511.6279750153572,101.0,106.44601101464953,-5.446011014649531,-0.05919577189836447,1.1943742897399285,0.012982329236303571,48.12019295271005,42.0,8.0,3.6766795498935383,0.4595849437366923,-0.02955125309706679
Buffalo Sabres,1994,91.0,1525.3654158537456,105.0,108.36208902021237,-3.3620890202123728,-0.03694603318914695,3.5264052795057013,0.03875170636819452,49.346741560326016,46.0,7.0,-0.7677245292477326,-0.10967493274967609,0.05112059296135042
Buffalo Sabres,1995,53.0,1530.2404539362642,55.0,63.44532539165076,-8.445325391650762,-0.15934576210661816,-3.9766929106599664,-0.0750319417105654,28.91035502997542,23.0,5.0,-2.073316153493056,-0.4146632306986112,-0.039653682440977285
Buffalo Sabres,1996,82.0,1492.4165161576261,79.0,90.6748001214773,-11.674800121477304,-0.1423756112375281,-5.170329828079347,-0.06305280278145545,40.50586616079794,33.0,0.0,0.0,,-0.06305280278145545
Buffalo Sabres,1997,94.0,1507.8660466774456,107.0,107.17940426993943,-0.17940426993941583,-0.0019085560631852748,7.19762013004056,0.0765704269153251,48.25038079071028,45.0,12.0,-1.720698954489245,-0.14339157954077042,0.10875998883572936
Buffalo Sabres,1998,97.0,1511.0457508964416,113.0,109.73001717393484,3.26998282606516,0.033711163155310926,11.44313707147524,0.11797048527294061,49.278076453813796,46.0,15.0,7.106496986977451,0.47376646579849674,0.05288585468899745
Buffalo Sabres,1999,103.0,1546.1847292225655,123.0,124.29427321750622,-1.2942732175062264,-0.012565759393264334,7.137642672430189,0.06929750167407951,56.7621886357964,51.0,21.0,7.8227344605464175,0.3725111647879246,-0.008354777903856456
Buffalo Sabres,2000,87.0,1519.062500737582,87.0,101.68123463337895,-14.681234633378946,-0.1687498233721718,-8.980444250507864,-0.1032234971322743,46.06425351649862,36.0,5.0,-2.3804396108298915,-0.4760879221659783,-0.08048786145948743
Buffalo Sabres,2001,95.0,1527.5386067074814,114.0,113.74774082960312,0.25225917039688217,0.0026553596883882335,5.832881389527566,0.061398751468711224,51.858670403658856,53.0,13.0,2.1162434958591145,0.1627879612199319,0.045324852361810386
Buffalo Sabres,2002,82.0,1513.2553890843544,82.0,95.82178790379535,-13.82178790379534,-0.16855838907067489,-8.65297920199723,-0.10552413660972232,43.39900644312713,35.0,0.0,0.0,,-0.10552413660972232
Buffalo Sabres,2003,82.0,1480.4859100948165,72.0,88.33778615717785,-16.337786157177852,-0.19924129459972992,-12.366861234037373,-0.15081538090289479,39.1836523148358,27.0,0.0,0.0,,-0.15081538090289479
Buffalo Sabres,2004,82.0,1481.4912126353734,85.0,87.58520197649916,-2.5852019764991607,-0.031526853371940985,1.8231784468397723,0.022233883498046003,38.76647216734366,37.0,0.0,0.0,,0.022233883498046003
Buffalo Sabres,2006,100.0,1532.733233164394,133.0,116.8680228343648,16.131977165635206,0.16131977165635206,16.248056153609983,0.16248056153609983,52.93900349355003,63.0,18.0,1.7708683449498646,0.09838157471943693,0.17655107083731847
Buffalo Sabres,2007,98.0,1571.2244939087373,134.0,126.14411064251345,7.855889357486543,0.08016213630088309,8.081792242854746,0.0824672677842321,58.50358003225359,62.0,16.0,1.0548715498896728,0.06592947186810455,0.08569415479225698
Buffalo Sabres,2008,82.0,1530.0404432272728,90.0,97.66540306034169,-7.665403060341678,-0.09348052512611803,-7.094875101068185,-0.08652286708619737,44.42344742389402,39.0,0.0,0.0,,-0.08652286708619737
Buffalo Sabres,2009,82.0,1508.1608045378212,91.0,93.23590036183376,-2.235900361833758,-0.027267077583338514,-1.9623982448787292,-0.023931685913155233,41.93452635671672,41.0,0.0,0.0,,-0.023931685913155233
Buffalo Sabres,2010,88.0,1522.131101048056,105.0,102.82923322173275,2.1707667782672626,0.024667804298491622,1.7820789087254472,0.0202508966900619,46.552627615837835,47.0,6.0,-1.7078616252240475,-0.2846436042040079,0.04256025041401823
Buffalo Sabres,2011,89.0,1507.6457754174344,103.0,100.25294563070133,2.7470543692986764,0.030865779430322208,2.3582259801164476,0.026496921124903906,44.962052919883945,46.0,7.0,-0.5592760320044241,-0.07989657600063202,0.035579292830742355
Buffalo Sabres,2012,82.0,1502.5490674571975,89.0,91.66557971970357,-2.6655797197035778,-0.03250706975248266,-3.240084615738216,-0.03951322702119776,41.06302288928724,39.0,0.0,0.0,,-0.03951322702119776
Buffalo Sabres,2013,48.0,1489.8463879425797,48.0,51.93234541404104,-3.9323454140410354,-0.08192386279252158,-3.963991951530773,-0.0825831656568911,23.044573698448442,21.0,0.0,0.0,,-0.0825831656568911
Buffalo Sabres,2014,82.0,1442.880463403644,52.0,78.84501935719489,-26.84501935719489,-0.32737828484384013,-27.629717372133758,-0.3369477728308995,33.908827055921705,21.0,0.0,0.0,,-0.3369477728308995
Buffalo Sabres,2015,82.0,1399.1102723140393,54.0,69.92966545388522,-15.929665453885217,-0.19426421285225876,-16.50238081630534,-0.20124854654030902,29.05851330654192,23.0,0.0,0.0,,-0.20124854654030902
Buffalo Sabres,2016,82.0,1424.4126669901484,81.0,74.74534408459911,6.2546559154008925,0.0762762916512304,6.646376082581064,0.08105336686074469,31.65628509884434,35.0,0.0,0.0,,0.08105336686074469
Buffalo Sabres,2017,82.0,1456.0850236132105,78.0,81.56167307186588,-3.5616730718658904,-0.04343503746177915,-3.8554953754261234,-0.04701823628568443,35.382142060358724,33.0,0.0,0.0,,-0.04701823628568443
Buffalo Sabres,2018,82.0,1428.9223602882428,62.0,75.72575618829029,-13.725756188290303,-0.16738727058890612,-13.444675767317742,-0.16395946057704563,32.20152927285874,25.0,0.0,0.0,,-0.16395946057704563
Buffalo Sabres,2019,82.0,1450.8607591759157,76.0,80.23531817375657,-4.235318173756568,-0.051650221631177655,-3.3898945360055013,-0.04134017726835977,34.67461854511804,33.0,0.0,0.0,,-0.04134017726835977
Buffalo Sabres,2020,69.0,1455.686194760588,68.0,68.62658250439698,-0.6265825043969584,-0.009080905860825484,-0.49043857529634993,-0.007107805439077536,29.790626090567713,30.0,0.0,0.0,,-0.007107805439077536
Buffalo Sabres,2021,56.0,1437.2337704521412,37.0,50.495035668123954,-13.49503566812395,-0.24098277978792768,-13.476659422722772,-0.24065463254862093,21.301691575457916,15.0,0.0,0.0,,-0.24065463254862093
Buffalo Sabres,2022,82.0,1432.66363541802,75.0,76.2697507184948,-1.2697507184948063,-0.01548476485969276,-0.6387139508063615,-0.007789194522028799,32.50168782350756,32.0,0.0,0.0,,-0.007789194522028799
Buffalo Sabres,2023,82.0,1482.3168238157657,91.0,85.70883154241633,5.291168457583665,0.06452644460467884,5.218200984228943,0.06363659736864564,37.71261200841659,42.0,0.0,0.0,,0.06363659736864564
Calgary Flames,1973,78.0,1399.4420291453164,65.0,72.06377608935988,-7.063776089359876,-0.0905612319148702,1.516769262871785,0.0194457597804075,30.73650309734967,25.0,0.0,0.0,,0.0194457597804075
Calgary Flames,1974,82.0,1433.5609789765533,75.0,79.45049283430721,-4.450492834307196,-0.05427430285740483,4.4937089523533285,0.054801328687235716,34.30238418189825,30.0,4.0,-1.2588295242541327,-0.3147073810635332,0.07375049328983928
Calgary Flames,1975,80.0,1464.4235359053578,83.0,85.50292317407033,-2.5029231740703386,-0.03128653967587923,5.912560977759119,0.07390701222198899,37.92921761280001,34.0,0.0,0.0,,0.07390701222198899
Calgary Flames,1976,82.0,1493.400856862349,82.0,92.00172280301547,-10.001722803015477,-0.12197222930506679,-1.0960257018282866,-0.01336616709546691,41.32053430198482,35.0,2.0,-2.009859959816603,-1.0049299799083016,0.011422928224853945
Calgary Flames,1977,83.0,1500.9803151676126,82.0,93.84406276646831,-11.844062766468316,-0.1426995514032327,-2.8085422150649526,-0.033837858012830756,42.23589389202232,35.0,3.0,-0.5348580045879772,-0.17828600152932572,-0.028421052630962194
Calgary Flames,1978,82.0,1496.3997921598466,87.0,91.2310550155488,-4.231055015548801,-0.051598231896936596,4.460505042319703,0.05439640295511833,40.90133549589863,34.0,2.0,-2.4355252233002003,-1.2177626116501001,0.08620037832024878
Calgary Flames,1979,82.0,1538.450876516702,90.0,97.00927223603573,-7.009272236035718,-0.08547892970775266,1.6557703876095813,0.020192321800116843,44.13510494536871,41.0,2.0,-2.1743075868907313,-1.0871537934453657,0.04787597468125391
Calgary Flames,1980,84.0,1514.015880182332,86.0,100.49385544658841,-14.493855446588418,-0.17254589817367164,-5.547428819325135,-0.06604081927768017,45.82435462283129,36.0,4.0,-0.732570328187087,-0.18314258204677175,-0.060185731139225596
Calgary Flames,1981,96.0,1513.5096448970678,110.0,111.80616790891243,-1.8061679089124372,-0.01881424905117122,8.75587368013165,0.09120701750137135,50.63676445064083,48.0,16.0,2.155793818018681,0.13473711362616755,0.08250099827641212
Calgary Flames,1982,83.0,1494.0833783955097,76.0,93.88318501186575,-17.883185011865752,-0.21546006038392473,-9.101827910287781,-0.10966057723238291,42.199044174228526,29.0,3.0,-1.8610554448090486,-0.6203518149363495,-0.09050965581848411
Calgary Flames,1983,89.0,1487.187146852022,86.0,95.38343502285151,-9.38343502285152,-0.10543185418934292,0.4573582085089946,0.005138856275381962,42.302035896682824,36.0,9.0,0.836773936617967,0.09297488184644077,-0.0047426966013621565
Calgary Flames,1984,91.0,1495.3399172097897,94.0,98.06608248473779,-4.066082484737805,-0.044682225107008845,3.1378265114694717,0.03448161001614804,43.578518276639905,40.0,11.0,2.995927569748414,0.27235705179531033,0.0017737367715132068
Calgary Flames,1985,84.0,1531.8661087662238,98.0,99.14870934722313,-1.1487093472231433,-0.013675111276465993,5.6531123765366225,0.06729895686353123,45.04156015998101,42.0,4.0,-1.2593502809549473,-0.3148375702387368,0.08640578321864463
Calgary Flames,1986,102.0,1544.368635097814,118.0,122.74985873070494,-4.749858730704945,-0.04656724245789162,3.184841024724858,0.03122393161494959,56.08718231131513,52.0,22.0,3.0501315769856205,0.13864234440843728,0.0016838680967404484
Calgary Flames,1987,86.0,1539.6184047014306,99.0,104.47807731900974,-5.478077319009734,-0.06369857347685737,1.3728828878619135,0.01596375451002225,47.788955931196156,48.0,6.0,-3.082082071498273,-0.5136803452497122,0.05568706199200233
Calgary Flames,1988,89.0,1560.1587063576267,118.0,111.70043076409473,6.2995692359052615,0.07078167680792428,13.844704932299916,0.1555584823853923,51.49933671014435,52.0,9.0,-1.9139578214057877,-0.21266198015619864,0.19698328442132126
Calgary Flames,1989,102.0,1608.454522088829,154.0,139.09253721229095,14.907462787709031,0.14615159595793167,23.002425035891875,0.2255139709401164,65.38473260566316,70.0,22.0,4.475127219964752,0.20341487363476143,0.2315912226990891
Calgary Flames,1990,86.0,1603.7396134388378,108.0,117.34648848378954,-9.346488483789539,-0.10868009864871557,-2.5751988411446836,-0.02994417257144981,55.16687926853447,44.0,6.0,-2.0529888834637755,-0.34216481391062925,-0.006527624471011356
Calgary Flames,1991,87.0,1583.9395026481566,111.0,113.92842410201915,-2.9284241020191777,-0.03366004714964572,3.880394307398329,0.0446022334183716,53.03903720005848,49.0,7.0,-1.7071997295079486,-0.24388567564399266,0.06984492546132848
Calgary Flames,1992,80.0,1540.116697283167,79.0,98.4563337483894,-19.456333748389405,-0.24320417185486756,-12.894302016176741,-0.16117877520220927,45.1619042272848,31.0,0.0,0.0,,-0.16117877520220927
Calgary Flames,1993,90.0,1521.0589939831948,105.0,109.53781240338577,-4.537812403385769,-0.050420137815397434,1.958216698734354,0.0217579633192706,50.112002440597344,45.0,6.0,-2.5924740567016538,-0.4320790094502756,0.054174889945666785
Calgary Flames,1994,91.0,1517.064517326536,108.0,109.31579604483065,-1.3157960448306636,-0.014459297195941358,5.5726982548874116,0.06123844236140013,49.87305166669539,45.0,7.0,0.9830801349606706,0.1404400192800958,0.05463831095150883
Calgary Flames,1995,55.0,1524.2931975401566,64.0,68.54210103296136,-4.5421010329613525,-0.08258365514475187,0.09515908882154855,0.0017301652513008828,31.540865807114407,27.0,7.0,-1.075328899105921,-0.15361841415798874,0.024385166415155594
Calgary Flames,1996,86.0,1496.8096230093063,83.0,97.08866192898779,-14.088661928987788,-0.1638216503370673,-7.266900401765538,-0.08449884188099463,43.60041879118633,34.0,4.0,-2.4669595932460755,-0.6167398983115189,-0.05853586351853005
Calgary Flames,1997,82.0,1484.7321767117662,77.0,89.2217624006829,-12.221762400682907,-0.14904588293515741,-5.786485796445049,-0.07056689995664694,39.67967580690835,32.0,0.0,0.0,,-0.07056689995664694
Calgary Flames,1998,82.0,1462.8240498250982,70.0,83.74113519875374,-13.741135198753737,-0.1675748194969968,-6.8318707851081,-0.08331549737936707,36.60885561454078,26.0,0.0,0.0,,-0.08331549737936707
Calgary Flames,1999,82.0,1467.7833072499848,73.0,86.0058691646559,-13.005869164655898,-0.15860816054458413,-6.293081757133707,-0.07674489947724032,37.88487550793013,30.0,0.0,0.0,,-0.07674489947724032
Calgary Flames,2000,82.0,1465.0357602044853,77.0,84.66029520788145,-7.66029520788144,-0.09341823424245659,-2.287136456209839,-0.027891908002559012,37.12176525776352,31.0,0.0,0.0,,-0.027891908002559012
Calgary Flames,2001,82.0,1455.7032009908044,73.0,82.83346273099934,-9.83346273099934,-0.11992027720730902,-5.0165046050128534,-0.061176885426986016,36.119361230883754,27.0,0.0,0.0,,-0.061176885426986016
Calgary Flames,2002,82.0,1473.6840726293444,79.0,86.9904702169168,-7.990470216916808,-0.09744475874288791,-2.8216615151187,-0.034410506281935364,38.441527114205726,32.0,0.0,0.0,,-0.034410506281935364
Calgary Flames,2003,82.0,1457.048471202438,75.0,81.4590234729532,-6.459023472953199,-0.07876857893845364,-2.488098549812721,-0.03034266524161855,35.331941127609234,29.0,0.0,0.0,,-0.03034266524161855
Calgary Flames,2004,108.0,1503.2911497639632,126.0,115.15710631509685,10.842893684903139,0.10039716374910314,16.64905326686174,0.15415790061909018,50.9574258823865,57.0,26.0,7.074280916544068,0.27208772755938726,0.11676551646728867
Calgary Flames,2006,89.0,1536.607875397011,110.0,105.23073248053446,4.7692675194655365,0.05358727549961277,4.872577818763084,0.05474806537936049,47.78932133283239,49.0,7.0,-1.398027432316696,-0.19971820461667084,0.07647079574487539
Calgary Flames,2007,88.0,1536.1600664636055,101.0,103.15272333962477,-2.152723339624763,-0.024462765223008668,-1.9498717690900493,-0.022157633739659652,46.76558892653871,45.0,6.0,-0.886396160657507,-0.14773269344291784,-0.012969214736982204
Calgary Flames,2008,89.0,1517.8249855690074,100.0,100.4897593946843,-0.4897593946842931,-0.005502914547014529,0.12947217086864482,0.0014547434929061216,45.105609906453914,45.0,7.0,-0.7367720174343486,-0.10525314534776409,0.010563953515890153
Calgary Flames,2009,88.0,1526.2923713041428,103.0,102.0553830160402,0.9446169839598038,0.010734283908634134,1.2381314509359314,0.014069675578817402,46.118313148898494,48.0,6.0,-1.3900818520139873,-0.2316803086689979,0.03205138174329172
Calgary Flames,2010,82.0,1518.526704883677,90.0,93.82194888777717,-3.821948887777162,-0.04660913277777027,-4.1841353116684,-0.0510260403862,42.2438231036314,40.0,0.0,0.0,,-0.0510260403862
Calgary Flames,2011,82.0,1500.8373343719545,94.0,90.57646075009785,3.423539249902156,0.04175047865734337,3.065292868857856,0.03738162035192507,40.42729804966102,41.0,0.0,0.0,,0.03738162035192507
Calgary Flames,2012,82.0,1496.8588519751163,90.0,90.37192388948046,-0.3719238894804461,-0.004535657188785928,-0.9464287855150818,-0.011541814457500998,40.30945414952123,37.0,0.0,0.0,,-0.011541814457500998
Calgary Flames,2013,48.0,1473.5023458065432,42.0,49.711158369923226,-7.711158369923222,-0.16064913270673378,-7.742804907412959,-0.1613084355711033,21.805280520174897,19.0,0.0,0.0,,-0.1613084355711033
Calgary Flames,2014,82.0,1457.5929855775164,77.0,81.57953636389246,-4.579536363892446,-0.055848004437712755,-5.36423437883132,-0.0654174924247722,35.39952545755958,35.0,0.0,0.0,,-0.0654174924247722
Calgary Flames,2015,93.0,1502.484682670431,108.0,102.45728941487197,5.542710585128042,0.05959903854976389,4.89316755213937,0.05261470486171366,45.72559814016876,50.0,11.0,-0.7548318566448944,-0.06862107787680859,0.0688780415705398
Calgary Flames,2016,82.0,1487.7811828310143,77.0,88.65647155222771,-11.6564715522277,-0.1421520921003378,-11.264751385047527,-0.1373750168908235,39.339918725846346,35.0,0.0,0.0,,-0.1373750168908235
Calgary Flames,2017,86.0,1488.856582537757,95.0,92.6259963974438,2.3740036025561992,0.02760469305297906,2.0658485037003493,0.02402149422907383,41.08061260235508,45.0,4.0,-2.9329017782291102,-0.7332254445572776,0.06096036929182266
Calgary Flames,2018,82.0,1498.9870402234394,84.0,90.10274665799399,-6.102746657993994,-0.07442373973163408,-5.821666237021436,-0.0709959297197736,40.154889413786705,37.0,0.0,0.0,,-0.0709959297197736
Calgary Flames,2019,87.0,1521.2188331807604,111.0,101.86318906610138,9.136810933898616,0.105020815332168,10.033784793463774,0.11533085969498591,46.15387785897184,51.0,5.0,-2.2581705193970008,-0.4516341038794002,0.14990189405927776
Calgary Flames,2020,80.0,1512.279459946289,90.0,90.84179437019273,-0.8417943701927229,-0.010522429627409036,-0.6839463364528857,-0.008549329205661071,40.82292170656075,41.0,10.0,-0.3563460223765409,-0.03563460223765409,-0.004680004486804934
Calgary Flames,2021,56.0,1503.1645868885182,55.0,63.430866464269336,-8.430866464269338,-0.15055118686195246,-8.412490218868156,-0.15022303962264563,28.44303092144974,26.0,0.0,0.0,,-0.15022303962264563
Calgary Flames,2022,94.0,1542.2578767090374,122.0,113.9778158576681,8.022184142331898,0.08534238449289254,8.745567754072313,0.09303795483055652,52.09970881914563,55.0,12.0,-3.7716375974542533,-0.3143031331211878,0.15264884575032397
Calgary Flames,2023,82.0,1524.0844248209924,93.0,96.20353319667956,-3.2035331966795573,-0.03906747800828728,-3.276500670034281,-0.039957325244320496,43.618423783844186,38.0,0.0,0.0,,-0.039957325244320496
Carolina Hurricanes,1980,83.0,1405.544057127359,74.0,75.98923463005853,-1.9892346300585388,-0.023966682289861915,6.850686918308753,0.08253839660612955,32.33623852316595,27.0,3.0,-0.2289742439786216,-0.07632474799287386,0.08849576452859217
Carolina Hurricanes,1981,80.0,1430.479697471458,60.0,77.84880220971127,-17.848802209711273,-0.22311002762139093,-9.047100885507868,-0.11308876106884835,33.628468210054436,21.0,0.0,0.0,,-0.11308876106884835
Carolina Hurricanes,1982,80.0,1425.032676440448,60.0,72.72351183424239,-12.72351183424238,-0.15904389792802975,-4.259553182119035,-0.05324441477648793,30.82509910469304,21.0,0.0,0.0,,-0.05324441477648793
Carolina Hurricanes,1983,80.0,1416.8884298656812,45.0,71.01833843106134,-26.018338431061334,-0.3252292303882667,-17.17268159388334,-0.21465851992354174,29.900143546525143,19.0,0.0,0.0,,-0.21465851992354174
Carolina Hurricanes,1984,80.0,1427.6378666419944,69.0,72.10995366293706,-3.109953662937066,-0.038874420786713326,3.2231531469154846,0.040289414336443556,30.494682575976906,28.0,0.0,0.0,,0.040289414336443556
Carolina Hurricanes,1985,80.0,1451.2403105161775,73.0,76.39525876048134,-3.3952587604813402,-0.04244073450601675,3.082666690718437,0.03853333363398046,32.82369307034038,30.0,0.0,0.0,,0.03853333363398046
Carolina Hurricanes,1986,90.0,1495.6573150041343,99.0,95.33499293723835,3.665007062761653,0.0407223006973517,10.666212729317365,0.11851347477019294,42.13221339929082,46.0,10.0,3.533272110145534,0.35332721101455344,0.08916175773964785
Carolina Hurricanes,1987,86.0,1529.4397932771355,98.0,101.16627284770779,-3.1662728477077877,-0.036817126136137066,3.68468735916386,0.04284520185074256,45.88198539869965,45.0,6.0,-1.8791442977964123,-0.31319071629940204,0.06954789571200343
Carolina Hurricanes,1988,86.0,1501.8497929956488,83.0,93.05234835596254,-10.052348355962534,-0.1168877715809597,-2.7615430763002875,-0.03211096600349172,41.33585160644412,37.0,6.0,-0.4934214478454879,-0.08223690797424799,-0.02835152035568498
Carolina Hurricanes,1989,84.0,1500.849207472461,85.0,90.8981201838868,-5.898120183886813,-0.07021571647484301,0.76831931461671,0.009146658507341785,40.375390952340844,37.0,4.0,-0.6929117519322389,-0.17322793798305972,0.018265388331861837
Carolina Hurricanes,1990,87.0,1507.3326985934727,91.0,95.16532386734205,-4.165323867342037,-0.047877285831517666,2.684701701380087,0.030858640245748126,42.395294801709355,41.0,7.0,-0.056555313197147794,-0.008079330456735399,0.03426571268221544
Carolina Hurricanes,1991,86.0,1500.8758699488571,82.0,94.3735262926495,-12.373526292649517,-0.14387821270522694,-5.642970163800028,-0.06561593213720962,42.07396161423995,33.0,6.0,-0.8042550480722871,-0.13404250801204784,-0.060483938946596746
Carolina Hurricanes,1992,87.0,1467.1941371071428,75.0,89.11323971811912,-14.1132397181191,-0.16222114618527703,-6.977030209337832,-0.08019574953261875,39.023061768967565,29.0,7.0,1.8503678695751749,0.26433826708216784,-0.1103424759864126
Carolina Hurricanes,1993,84.0,1431.4271011415306,67.0,80.54256722204642,-13.54256722204642,-0.16122103835769547,-7.479606726734303,-0.08904293722302742,34.66482786037474,26.0,0.0,0.0,,-0.08904293722302742
Carolina Hurricanes,1994,84.0,1431.7376550524975,64.0,81.48729238093597,-17.48729238093598,-0.20818205215399976,-11.128682258119296,-0.1324843125966583,35.169080457680906,27.0,0.0,0.0,,-0.1324843125966583
Carolina Hurricanes,1995,48.0,1445.7882276728694,43.0,47.14351785897455,-4.143517858974549,-0.08632328872863644,-0.09645447996401946,-0.0020094683325837387,20.410729095748376,19.0,0.0,0.0,,-0.0020094683325837387
Carolina Hurricanes,1996,82.0,1461.8543864774274,80.0,84.0195957706623,-4.019595770662304,-0.04901946061783297,2.4848745227356517,0.030303347838239656,36.79068886457095,34.0,0.0,0.0,,0.030303347838239656
Carolina Hurricanes,1997,82.0,1479.3576534508584,79.0,87.49573958804875,-8.495739588048757,-0.10360658034205801,-2.0604629838109023,-0.02512759736354759,38.70651649138756,32.0,0.0,0.0,,-0.02512759736354759
Carolina Hurricanes,1998,82.0,1471.579959545311,76.0,85.5129404256839,-9.512940425683887,-0.11601146860590106,-2.6036760120382514,-0.031752146488271356,37.59453727752096,33.0,0.0,0.0,,-0.031752146488271356
Carolina Hurricanes,1999,88.0,1496.8681467603237,96.0,97.8144953620907,-1.814495362090706,-0.020619265478303478,5.3894716118355515,0.06124399558904036,43.73070747241422,36.0,6.0,-0.5379473417802131,-0.08965789029670218,0.07228559699531419
Carolina Hurricanes,2000,82.0,1495.3025627625818,84.0,92.27946604420114,-8.279466044201152,-0.10096909810001405,-2.9063072925295548,-0.035442771860116525,41.40656805478721,37.0,0.0,0.0,,-0.035442771860116525
Carolina Hurricanes,2001,88.0,1492.035456676661,92.0,97.87431525885775,-5.874315258857749,-0.06675358248701987,-0.7048967821893246,-0.00801019070669687,43.81658468067613,40.0,6.0,-0.16293874438193723,-0.027156457396989537,-0.006609244363504726
Carolina Hurricanes,2002,105.0,1494.747714090734,119.0,114.77937488978799,4.2206251102120085,0.040196429621066745,10.839221618612026,0.1032306820820193,51.14116586558652,48.0,23.0,5.977470621441697,0.2598900270192042,0.05928964630695523
Carolina Hurricanes,2003,82.0,1479.6217225198209,61.0,89.9594160767653,-28.959416076765308,-0.3531636106922599,-24.988491153624828,-0.30473769699542474,40.09317172856292,22.0,0.0,0.0,,-0.30473769699542474
Carolina Hurricanes,2004,82.0,1437.787121899743,76.0,79.87900042341535,-3.879000423415354,-0.04730488321238237,0.529379999923581,0.006455853657604646,34.48483098918669,28.0,0.0,0.0,,0.006455853657604646
Carolina Hurricanes,2006,107.0,1508.7362211200111,147.0,120.80535502978817,26.194644970211826,0.24480976607674604,26.318849487344835,0.24597055595649378,54.25707755990741,68.0,25.0,8.26178185647378,0.3304712742589512,0.2202081418398909
Carolina Hurricanes,2007,82.0,1512.3405396628025,88.0,95.33772730693485,-7.337727306934838,-0.08948447935286387,-7.148706525300216,-0.08717934786951484,43.1064016313935,40.0,0.0,0.0,,-0.08717934786951484
Carolina Hurricanes,2008,82.0,1496.3598192943855,92.0,92.23920788289631,-0.23920788289632733,-0.0029171693036137477,0.33132007637716554,0.004040488736306897,41.353584209285664,43.0,0.0,0.0,,0.004040488736306897
Carolina Hurricanes,2009,100.0,1501.5527821401345,114.0,109.33435022646916,4.665649773530835,0.046656497735308354,4.999188940549161,0.04999188940549162,48.673693822623804,53.0,18.0,-1.087600522956409,-0.060422251275356054,0.0742291397988484
Carolina Hurricanes,2010,82.0,1475.6301215027088,80.0,86.93642799104467,-6.936427991044652,-0.08459058525664209,-7.298614414935888,-0.0890074928650718,38.3779856766922,35.0,0.0,0.0,,-0.0890074928650718
Carolina Hurricanes,2011,82.0,1491.7761033908444,91.0,89.93377764186883,1.0662223581311654,0.013002711684526408,0.7079759770868648,0.008633853379108106,40.05958810676868,40.0,0.0,0.0,,0.008633853379108106
Carolina Hurricanes,2012,82.0,1474.0628792399882,82.0,85.71218565320765,-3.7121856532076487,-0.04527055674643474,-4.286690549242285,-0.052276714015149814,37.67197939946871,33.0,0.0,0.0,,-0.052276714015149814
Carolina Hurricanes,2013,48.0,1480.2417597246392,42.0,50.97605589731973,-8.976055897319728,-0.18700116452749435,-9.007702434809467,-0.1876604673918639,22.516926625470465,19.0,0.0,0.0,,-0.1876604673918639
Carolina Hurricanes,2014,82.0,1460.0688277805634,83.0,82.29032416620551,0.7096758337944844,0.008654583338957127,-0.07502218114438941,-0.0009149046481023099,35.80009240095276,36.0,0.0,0.0,,-0.0009149046481023099
Carolina Hurricanes,2015,82.0,1459.512453055768,71.0,82.19796695989442,-11.197966959894417,-0.13656057268163924,-11.770682322314538,-0.1435449063696895,35.751827877091955,30.0,0.0,0.0,,-0.1435449063696895
Carolina Hurricanes,2016,82.0,1461.9866608046993,86.0,82.95235745937852,3.0476425406214824,0.037166372446603445,3.4393627078016538,0.04194344765611773,36.15338085033394,35.0,0.0,0.0,,0.04194344765611773
Carolina Hurricanes,2017,82.0,1470.844591407873,87.0,83.8779471304119,3.1220528695880914,0.0380738154827816,2.8282305660278624,0.03449061665887637,36.68339927875818,36.0,0.0,0.0,,0.03449061665887637
Carolina Hurricanes,2018,82.0,1478.9629558798758,83.0,86.02929343205946,-3.0292934320594473,-0.03694260282999326,-2.748213011086888,-0.03351479281813278,37.86982526837658,36.0,0.0,0.0,,-0.03351479281813278
Carolina Hurricanes,2019,97.0,1500.3218529267713,116.0,104.72554183173794,11.274458168262052,0.11623152750785622,12.274532471455391,0.12654157187067414,46.4602494066791,54.0,15.0,1.6454501071165946,0.10969667380777297,0.12962295566266824
Carolina Hurricanes,2020,76.0,1538.23396597971,90.0,89.96326875435578,0.03673124564423391,0.0004833058637399199,0.1866868776970787,0.0024564062854878776,40.86201199720236,42.0,8.0,0.11822097025497358,0.014777621281871697,0.001006851580030948
Carolina Hurricanes,2021,67.0,1557.5428629871178,92.0,83.26483113081875,8.735168869181226,0.1303756547638989,8.757154734214781,0.1307038020032057,38.267437951976305,41.0,11.0,-1.1217275189612264,-0.10197522899647513,0.17640861166385727
Carolina Hurricanes,2022,96.0,1578.579229053741,130.0,123.14043078834035,6.8595692116596405,0.07145384595478792,7.5983439640753785,0.07914941629245185,57.053544904485534,61.0,14.0,-2.898200632317444,-0.2070143308798174,0.12800664141942467
Carolina Hurricanes,2023,97.0,1570.892874783627,131.0,122.98078204272991,8.01921795727009,0.08267235007494939,7.932902775374872,0.08178250283891621,56.81687977988864,60.0,15.0,-0.8043469309590947,-0.05362312873060631,0.10655182568699963
Chicago Blackhawks,1927,46.0,1393.2859861895834,47.0,46.3471185549433,0.6528814450567061,0.01419307489253709,2.721801537955936,0.059169598651216,20.188423052058326,19.0,2.0,-0.6971944334758662,-0.3485972167379331,0.07770445389617735
Chicago Blackhawks,1928,44.0,1399.9738380622834,17.0,42.815124102570266,-25.815124102570273,-0.5867073659675062,-21.936560299275193,-0.49855818861989076,18.46809612414753,7.0,0.0,0.0,,-0.49855818861989076
Chicago Blackhawks,1929,44.0,1382.9843379572494,26.0,37.30527734185172,-11.305277341851713,-0.25693812140572075,-7.722511853478998,-0.17551163303361358,15.461636717375582,7.0,0.0,0.0,,-0.17551163303361358
Chicago Blackhawks,1930,46.0,1433.7385095187162,53.0,45.27763147070213,7.722368529297873,0.1678775767238668,10.565222067934341,0.22967874060726828,19.617159058220206,21.0,2.0,-0.5392296037069491,-0.26961480185347453,0.2523739016282111
Chicago Blackhawks,1931,53.0,1489.8394348715833,65.0,58.31499770123015,6.685002298769856,0.12613211884471426,10.522739564908573,0.1985422559416712,26.039935171611496,29.0,9.0,2.912252595131572,0.3235836216812858,0.17296561294947727
Chicago Blackhawks,1932,50.0,1498.069703559063,49.0,53.98799183169596,-4.987991831695958,-0.09975983663391917,-1.8265393796006224,-0.03653078759201245,23.941854499798772,19.0,2.0,0.11935982732016448,0.05967991366008224,-0.04053956681084973
Chicago Blackhawks,1933,48.0,1492.7885104882798,45.0,52.29920142515213,-7.299201425152129,-0.15206669635733602,-3.659183519258491,-0.0762329899845519,23.242396717348313,16.0,0.0,0.0,,-0.0762329899845519
Chicago Blackhawks,1934,56.0,1502.567868668155,69.0,61.696690551782055,7.303309448217947,0.13041624014674905,10.81348953358987,0.1930980273855334,27.51413866370492,26.0,8.0,4.869130460414307,0.6086413075517884,0.12384081402449094
Chicago Blackhawks,1935,50.0,1525.2046671158585,60.0,59.57978536257048,0.4202146374295166,0.008404292748590331,4.121297601371853,0.08242595202743706,27.111638544987954,26.0,2.0,-0.18033468723891644,-0.09016734361945822,0.08961733934605774
Chicago Blackhawks,1936,50.0,1530.7740012988818,55.0,59.08229639284926,-4.08229639284926,-0.0816459278569852,-0.2988790627067799,-0.005977581254135598,26.817395125343268,22.0,2.0,-0.4368632868025306,-0.2184316434012653,0.0028746713353281494
Chicago Blackhawks,1937,48.0,1495.2890720835974,38.0,51.61224908292174,-13.612249082921737,-0.2835885225608695,-9.949202380576054,-0.20727504959533447,22.86606320116804,14.0,0.0,0.0,,-0.20727504959533447
Chicago Blackhawks,1938,58.0,1468.3147075184838,51.0,57.461297839892275,-6.461297839892273,-0.11140168689469436,-1.6415225411496095,-0.028302112778441545,24.90417751767546,21.0,10.0,5.563550889848111,0.5563550889848111,-0.15010569647911914
Chicago Blackhawks,1939,48.0,1476.4474656081838,35.0,48.788299813996716,-13.78829981399672,-0.28725624612493167,-10.138161664623055,-0.21121170134631365,21.312584812988113,12.0,0.0,0.0,,-0.21121170134631365
Chicago Blackhawks,1940,50.0,1465.9959261513118,56.0,49.37111552180182,6.628884478198188,0.13257768956396376,10.508552497171392,0.21017104994342783,21.40579482213451,23.0,2.0,-0.7793733498335338,-0.3896866749167669,0.2351651218126026
Chicago Blackhawks,1941,53.0,1485.454114757468,45.0,56.504190798942254,-11.504190798942252,-0.2170602037536274,-8.09916929372732,-0.15281451497598716,25.005026587989697,18.0,5.0,0.6163631269423122,0.12327262538846244,-0.181573592097284
Chicago Blackhawks,1942,51.0,1486.913331298474,51.0,53.220442101385935,-2.2204421013859346,-0.04353808041933205,0.9302179732066026,0.018239568102090247,23.430475311294124,23.0,3.0,0.8180236432716098,0.2726745477572033,0.002337381873645688
Chicago Blackhawks,1943,50.0,1498.5657474425168,50.0,53.32140089494576,-3.32140089494576,-0.0664280178989152,1.457947975640115,0.0291589595128023,23.56216743991682,17.0,0.0,0.0,,0.0291589595128023
Chicago Blackhawks,1944,59.0,1499.4091756296064,58.0,61.411433751301175,-3.411433751301176,-0.057820911039002984,3.209166469373424,0.05439265202327837,27.00336666878384,26.0,9.0,2.2278862646624145,0.24754291829582384,0.01962560409422018
Chicago Blackhawks,1945,50.0,1469.4468223899096,33.0,50.065816941399866,-17.06581694139986,-0.34131633882799717,-11.842882382151611,-0.23685764764303222,21.826622555754792,13.0,0.0,0.0,,-0.23685764764303222
Chicago Blackhawks,1946,54.0,1503.080619210166,53.0,58.29705623651052,-5.297056236510513,-0.09809363400945394,0.23606836839200374,0.004371636451703773,25.89823502416705,23.0,4.0,-2.839568391107954,-0.7098920977769885,0.06151273518999913
Chicago Blackhawks,1947,60.0,1469.06908538573,42.0,60.248220219545125,-18.248220219545132,-0.3041370036590855,-11.922109589694333,-0.19870182649490556,26.228983712472775,19.0,0.0,0.0,,-0.19870182649490556
Chicago Blackhawks,1948,60.0,1444.9307430798265,46.0,56.08192057482402,-10.081920574824021,-0.16803200958040035,-3.267098519908673,-0.05445164199847788,23.91412227155458,20.0,0.0,0.0,,-0.05445164199847788
Chicago Blackhawks,1949,60.0,1470.2262794754233,50.0,60.5747449942602,-10.574744994260197,-0.1762457499043366,-4.172850594896707,-0.06954750991494513,26.371887392473244,21.0,0.0,0.0,,-0.06954750991494513
Chicago Blackhawks,1950,70.0,1465.1058206414687,54.0,69.72233931368604,-15.722339313686039,-0.224604847338372,-8.47714544338367,-0.12110207776262386,30.25299951123124,22.0,0.0,0.0,,-0.12110207776262386
Chicago Blackhawks,1951,70.0,1451.2311412253293,36.0,66.97574588290865,-30.97574588290865,-0.4425106554701236,-23.979705156170926,-0.3425672165167275,28.776790385550235,13.0,0.0,0.0,,-0.3425672165167275
Chicago Blackhawks,1952,70.0,1413.6993599094242,43.0,59.345659851300894,-16.34565985130089,-0.23350942644715558,-8.49370365598076,-0.121338623656868,24.61372085777113,17.0,0.0,0.0,,-0.121338623656868
Chicago Blackhawks,1953,77.0,1458.398271108335,75.0,74.76107964075753,0.23892035924246313,0.003102861808343677,8.607787293916179,0.11178944537553478,32.23937918123898,30.0,7.0,-0.09139036116042543,-0.013055765880060775,0.12427396650109433
Chicago Blackhawks,1954,70.0,1440.0153465309668,31.0,64.29158917383069,-33.29158917383069,-0.4755941310547241,-25.671912056613703,-0.36674160080876717,27.304510172732645,12.0,0.0,0.0,,-0.36674160080876717
Chicago Blackhawks,1955,70.0,1412.5750205507659,43.0,58.27613388342883,-15.276133883428821,-0.21823048404898315,-7.409655545677079,-0.10585222208110114,24.030887368984626,13.0,0.0,0.0,,-0.10585222208110114
Chicago Blackhawks,1956,70.0,1436.9191030064574,50.0,63.28918041225072,-13.289180412250719,-0.18984543446072455,-5.421562886129603,-0.07745089837328005,26.75292327071932,19.0,0.0,0.0,,-0.07745089837328005
Chicago Blackhawks,1957,70.0,1428.8029810585208,47.0,62.38073001893651,-15.380730018936521,-0.21972471455623602,-7.646001697154776,-0.10922859567363966,26.246812046143177,16.0,0.0,0.0,,-0.10922859567363966
Chicago Blackhawks,1958,70.0,1450.6764793378047,55.0,66.87309840554049,-11.873098405540478,-0.16961569150772113,-4.247708083507716,-0.060681544050110225,28.69873272483848,24.0,0.0,0.0,,-0.060681544050110225
Chicago Blackhawks,1959,76.0,1477.8885319760575,73.0,77.076556140695,-4.076556140694987,-0.053638896588091935,4.202283059980187,0.05529319815763403,33.662392626172235,30.0,6.0,-0.002224114701312896,-0.0003706857835521493,0.0600643882097357
Chicago Blackhawks,1960,74.0,1487.370964780181,70.0,77.94941580248818,-7.949415802488184,-0.10742453787146194,0.1312090956263301,0.0017730958868422985,34.37907396729433,28.0,4.0,-2.1271178925909098,-0.5317794731477274,0.03226181411738917
Chicago Blackhawks,1961,82.0,1514.8549253983595,91.0,92.71022694509274,-1.7102269450927292,-0.02085642615966743,7.404076116718528,0.09029361117949425,41.64518464658842,37.0,12.0,4.366754685207496,0.36389622376729136,0.043390306164443324
Chicago Blackhawks,1962,82.0,1528.5523999165073,87.0,94.3548715695621,-7.354871569562098,-0.08969355572636704,1.8681646837348769,0.022782496143108254,42.59299282146179,37.0,12.0,1.240929294520814,0.10341077454340115,0.008960505560200912
Chicago Blackhawks,1963,76.0,1542.1853104361992,85.0,93.00591418899054,-8.005914188990541,-0.10534097617092818,0.733710434829762,0.009654084668812657,42.618489919286695,34.0,6.0,-2.504830996628161,-0.4174718327713602,0.046264877592256066
Chicago Blackhawks,1964,77.0,1544.7921610265817,90.0,95.03919715454316,-5.039197154543157,-0.06544411889017086,3.3512631046597092,0.04352289746311311,43.63880497088224,39.0,7.0,-1.9869707934354026,-0.2838529704907718,0.07626048425850161
Chicago Blackhawks,1965,84.0,1540.8683885985645,90.0,100.13967478503277,-10.139674785032767,-0.12071041410753294,-0.8157213789662748,-0.009710968797217558,45.60180322539602,41.0,14.0,0.8187675326856034,0.05848339519182882,-0.023349841595026843
Chicago Blackhawks,1966,76.0,1551.6163148815624,86.0,94.35950457681218,-8.359504576812189,-0.10999348127384459,0.1845111737237055,0.002427778601627704,43.4029149640975,39.0,6.0,-2.157018118066234,-0.35950301967770565,0.03345041845414198
Chicago Blackhawks,1967,76.0,1559.775239060268,98.0,96.7385385741719,1.2614614258281065,0.01659817665563298,9.725739719311106,0.12797025946461982,44.740737174769635,43.0,6.0,-3.1541173640275595,-0.5256862273379266,0.18399795833340948
Chicago Blackhawks,1968,85.0,1525.8310641810967,91.0,105.62699257455796,-14.626992574557969,-0.17208226558303494,-5.713061436884001,-0.06721248749275295,48.6047747624362,37.0,11.0,1.282222396357091,0.11656567239609918,-0.09453086261136609
Chicago Blackhawks,1969,76.0,1505.0814939780082,77.0,92.07761602861017,-15.07761602861016,-0.19838968458697578,-6.666667310426445,-0.08771930671613744,42.10518415412194,34.0,0.0,0.0,,-0.08771930671613744
Chicago Blackhawks,1970,84.0,1521.8219997452975,107.0,100.69553216161906,6.304467838380942,0.07505318855215408,15.729475736306195,0.1872556635274547,45.93860617185273,49.0,8.0,-0.312727083977522,-0.03909088549719025,0.21108161605636475
Chicago Blackhawks,1971,96.0,1574.8562024969644,131.0,130.05800207087873,0.9419979291212668,0.00981247842834653,11.41019445828293,0.11885619227378053,61.060833109761155,60.0,18.0,2.9080399841399815,0.16155777689666564,0.10900198043773013
Chicago Blackhawks,1972,86.0,1586.2247186825714,115.0,117.92161916807143,-2.921619168071426,-0.03397231590780728,6.501665039492539,0.07560075627316906,55.524988494227685,50.0,8.0,-1.7833161405746216,-0.2229145175718277,0.10621770743675846
Chicago Blackhawks,1973,94.0,1559.7710997911515,113.0,121.03793668281259,-8.037936682812585,-0.08550996471077218,2.3027205365435224,0.02449702698450556,56.21215930552022,52.0,16.0,4.1814986127759886,0.2613436632984993,-0.024086898413236756
Chicago Blackhawks,1974,89.0,1576.703637407226,117.0,118.93804634207153,-1.9380463420715428,-0.02177580159630947,7.769684865401467,0.08729982994833109,55.67805625548155,47.0,11.0,-0.9068655833500792,-0.0824423257590981,0.11123782626604545
Chicago Blackhawks,1975,88.0,1542.6615632734342,88.0,110.1815245083805,-22.181524508380512,-0.252062778504324,-12.924491941368112,-0.14686922660645582,50.82210881692728,40.0,8.0,-0.5584005523338911,-0.06980006904173638,-0.15457614236292772
Chicago Blackhawks,1976,84.0,1513.929120818212,82.0,98.1230314045742,-16.123031404574203,-0.1919408500544548,-7.000122178967811,-0.0833347878448549,44.55430450772131,32.0,4.0,-2.0195135729218014,-0.5048783932304504,-0.0622576075755751
Chicago Blackhawks,1977,82.0,1467.0060438390199,63.0,86.57209770622963,-23.572097706229627,-0.28746460617353203,-14.645438848216667,-0.1786029127831301,38.30670750907348,26.0,2.0,-0.8427026556657181,-0.42135132783285906,-0.17253420240688686
Chicago Blackhawks,1978,84.0,1470.6042827422825,85.0,88.09615681710794,-3.0961568171079525,-0.036859009727475626,5.807392510464659,0.06913562512457927,38.92431309924224,32.0,4.0,-0.39987131687164423,-0.09996782921791106,0.07759079784170382
Chicago Blackhawks,1979,84.0,1476.369678801367,74.0,88.65188544481649,-14.651885444816484,-0.17442720767638673,-5.775500318155448,-0.06875595616851723,39.24744585033397,29.0,4.0,-0.9554041399799401,-0.23885103499498503,-0.06025120222719384
Chicago Blackhawks,1980,87.0,1474.3628629251436,93.0,95.16702878436388,-2.1670287843638953,-0.024908376831768914,7.0989130795873585,0.08159670206422251,42.463086329415795,37.0,7.0,-0.056447801747501414,-0.008063971678214488,0.08944201101668578
Chicago Blackhawks,1981,83.0,1477.1849004282224,79.0,90.14486548122254,-11.14486548122253,-0.13427548772557266,-2.0131003573615,-0.02425422117303012,40.113296482247286,31.0,3.0,-1.3922698787020904,-0.4640899595673635,-0.00776038098324261
Chicago Blackhawks,1982,95.0,1471.1451215170998,90.0,102.4670615183756,-12.467061518375587,-0.1312322265092167,-2.4161106189791126,-0.02543274335767487,45.50047610223434,38.0,15.0,4.202932375507733,0.28019549170051555,-0.08273803743108558
Chicago Blackhawks,1983,93.0,1523.1909798142274,118.0,110.75192055176055,7.248079448239469,0.07793633815311257,17.531155521458878,0.1885070486178374,50.460733422580425,54.0,13.0,0.3982397388027088,0.03063382606174683,0.21416144728320216
Chicago Blackhawks,1984,85.0,1498.6527834760025,73.0,96.16516980119034,-23.165169801190352,-0.27253140942576887,-16.43624381572202,-0.19336757430261198,43.23617019256003,32.0,5.0,-0.4711331960385735,-0.09422663920771471,-0.19956388274604303
Chicago Blackhawks,1985,95.0,1486.602908901479,105.0,104.39761025396096,0.6023897460390369,0.006340944695147757,8.29492621933877,0.08731501283514494,46.61485389270938,47.0,15.0,4.1549326605426895,0.27699551070284595,0.051749919484951015
Chicago Blackhawks,1986,83.0,1507.2775490632466,87.0,97.78884412836872,-10.78884412836871,-0.1299860738357676,-4.332176680322894,-0.052194899762926426,44.42102967280581,39.0,3.0,-4.052642324441036,-1.3508807748136789,-0.0034941794485231882
Chicago Blackhawks,1987,84.0,1477.2446865286063,73.0,90.8601572785172,-17.8601572785172,-0.2126209199823476,-11.168521727619309,-0.13295859199546797,40.35069046664367,29.0,4.0,-3.2591410805693317,-0.8147852701423329,-0.09886725808812472
Chicago Blackhawks,1988,85.0,1467.2317994289099,73.0,88.47179029001934,-15.471790290019351,-0.18202106223552178,-8.265761815934571,-0.09724425665805378,38.8552909290679,31.0,5.0,-2.454269625688115,-0.49085392513762305,-0.07264365237808068
Chicago Blackhawks,1989,96.0,1450.1500871124717,89.0,94.37538056195032,-5.3753805619503225,-0.05599354752031586,2.243407436339417,0.023368827461868927,40.88512549579173,36.0,16.0,7.053211833336383,0.44082573958352395,-0.06012255496246209
Chicago Blackhawks,1990,100.0,1506.3255203331232,110.0,113.59839706903712,-3.5983970690371234,-0.035983970690371236,4.275195538689453,0.04275195538689453,51.06458549765777,51.0,20.0,-1.2823655560249634,-0.06411827780124817,0.06946951368393021
Chicago Blackhawks,1991,86.0,1542.024202789136,112.0,105.41021589566088,6.589784104339111,0.07662539656208268,13.320340233188604,0.15488767713010004,48.30404365192027,51.0,6.0,-2.668805578124576,-0.44480092968742935,0.19986432264141468
Chicago Blackhawks,1992,98.0,1538.2624337414593,114.0,117.84551031231533,-3.8455103123153394,-0.03923990114607489,4.192978559645173,0.0427854955065834,53.74678679299415,48.0,18.0,5.608109703283321,0.3115616501824067,-0.017689139295476858
Chicago Blackhawks,1993,88.0,1550.703490212356,110.0,111.38886590510964,-1.3888659051096393,-0.01578256710351863,4.9628069947411495,0.05639553403114943,51.44485739978265,47.0,4.0,-3.6475032142775974,-0.9118758035693993,0.1025036929645089
Chicago Blackhawks,1994,90.0,1523.8939816202628,97.0,108.27183085286623,-11.27183085286623,-0.125242565031847,-4.459034292705495,-0.049544825474505505,49.409833585824856,41.0,6.0,-0.8460713403722308,-0.14101189006203846,-0.043011463718253165
Chicago Blackhawks,1995,64.0,1524.601469213787,75.0,75.39177087674597,-0.3917708767459642,-0.006121419949155691,5.004313628601411,0.07819240044689704,34.2319411995427,33.0,16.0,5.904610851320096,0.369038178207506,-0.018756192139972608
Chicago Blackhawks,1996,92.0,1542.4374625265339,112.0,112.31939351663569,-0.31939351663569926,-0.0034716686590836876,6.978304861322981,0.07585113979698892,51.44104781150488,46.0,10.0,3.1352113972588525,0.31352113972588525,0.04686699346419674
Chicago Blackhawks,1997,88.0,1523.7802079790438,90.0,101.8861260426907,-11.886126042690709,-0.13506961412148533,-4.979975540581791,-0.056590631142974905,46.04865582097827,36.0,6.0,-1.1634300855959896,-0.19390501426599827,-0.04654323725592443
Chicago Blackhawks,1998,82.0,1505.5561739564978,77.0,92.54980293488254,-15.549802934882537,-0.18963174310832362,-8.6405385212369,-0.10537242099069391,41.550350759808374,30.0,0.0,0.0,,-0.10537242099069391
Chicago Blackhawks,1999,82.0,1459.3312443072925,72.0,84.3850383034761,-12.38503830347609,-0.15103705248141575,-5.672250895953898,-0.06917379141407193,37.00179035702773,29.0,0.0,0.0,,-0.06917379141407193
Chicago Blackhawks,2000,82.0,1470.9299601280482,78.0,84.8274163462926,-6.827416346292603,-0.08326117495478784,-1.4542575946210072,-0.017734848714890332,37.239683422513146,33.0,0.0,0.0,,-0.017734848714890332
Chicago Blackhawks,2001,82.0,1481.394993043612,71.0,89.23936355677186,-18.23936355677186,-0.2224312628874617,-13.422405430785373,-0.1636878711071387,39.71044765160308,29.0,0.0,0.0,,-0.1636878711071387
Chicago Blackhawks,2002,87.0,1494.4935900171624,98.0,95.2012388581991,2.798761141800896,0.03216966829656202,8.282741105903765,0.09520392075751455,42.429699569069776,42.0,5.0,-2.213452290645203,-0.4426904581290406,0.12800235849449965
Chicago Blackhawks,2003,82.0,1493.8634865853435,79.0,89.47030735833683,-10.470307358336829,-0.12768667510166865,-6.4993824351963525,-0.07926076140483357,39.80568906417663,30.0,0.0,0.0,,-0.07926076140483357
Chicago Blackhawks,2004,82.0,1454.9016587417873,59.0,81.61999199785704,-22.619991997857042,-0.2758535609494761,-18.211611574518116,-0.22209282407948922,35.447156494430956,20.0,0.0,0.0,,-0.22209282407948922
Chicago Blackhawks,2006,82.0,1425.2761794937837,65.0,75.30967987013999,-10.309679870139988,-0.1257278032943901,-10.214495100000676,-0.12456701341464238,31.989331128425164,26.0,0.0,0.0,,-0.12456701341464238
Chicago Blackhawks,2007,82.0,1429.149656630388,71.0,75.6472611269014,-4.647261126901402,-0.05667391618172441,-4.458240345266779,-0.05436878469837535,32.17400638650928,31.0,0.0,0.0,,-0.05436878469837535
Chicago Blackhawks,2008,82.0,1462.662316411398,88.0,81.87831959130021,6.121680408699787,0.07465463913048521,6.692208367973281,0.08161229717040587,35.58428762191913,40.0,0.0,0.0,,0.08161229717040587
Chicago Blackhawks,2009,99.0,1525.8600923866281,124.0,112.39902764295907,11.600972357040947,0.11718153896000956,11.931176132389092,0.12051693063019285,50.53371559792756,55.0,17.0,1.6298003072738707,0.09587060631022769,0.12562653445262467
Chicago Blackhawks,2010,104.0,1565.770829782852,145.0,129.77373782727648,15.226262172723505,0.14640636704541832,14.766903781446816,0.14198945943698862,59.72039295323323,68.0,22.0,5.927773144336559,0.26944423383347993,0.10779427606232019
Chicago Blackhawks,2011,89.0,1559.633926419904,104.0,109.14220035765322,-5.142200357653237,-0.057777532108463335,-5.531028746835465,-0.062146390413881626,50.01867323863376,47.0,7.0,0.006922252915559715,0.0009888932736513878,-0.06753598780184174
Chicago Blackhawks,2012,88.0,1543.1296163988548,108.0,105.72826744014819,2.271732559851804,0.025815142725588682,1.655190720204879,0.018808985456873626,48.22230959905369,47.0,6.0,0.08203038362121573,0.013671730603535956,0.019184882153459315
Chicago Blackhawks,2013,71.0,1569.2997292661541,111.0,89.68898132377126,21.311018676228752,0.30015519262294016,21.264208172858513,0.2994958897585706,41.40947233838964,52.0,23.0,4.55355017604335,0.1979804424366674,0.3481387082669826
Chicago Blackhawks,2014,101.0,1574.5848139844993,132.0,128.47293739385307,3.527062606146926,0.03492141194204877,2.560544319453921,0.025351923954989315,59.415268417839016,57.0,19.0,2.2444891427326925,0.11813100751224698,0.0038543314234296432
Chicago Blackhawks,2015,105.0,1559.8771676348047,135.0,129.12947724507927,5.870522754920739,0.055909740523054655,5.137167717675463,0.04892540683500441,59.22852316652286,64.0,23.0,6.67986778085015,0.2904290339500065,-0.01881341540456934
Chicago Blackhawks,2016,89.0,1554.907519388459,110.0,109.31583757284487,0.6841624271551446,0.007687218282642075,1.1093221208019135,0.01246429349215633,50.1121975095972,50.0,7.0,-0.4220554374042198,-0.060293633914888546,0.018675336075684543
Chicago Blackhawks,2017,86.0,1548.5751544356638,110.0,105.52179459495775,4.478205405042228,0.05207215587258405,4.170050306186376,0.04848895704867879,48.36872099592578,50.0,4.0,-3.724027687072343,-0.9310069217680857,0.09626924382022828
Chicago Blackhawks,2018,82.0,1513.531877424081,76.0,93.02537074253202,-17.025370742532015,-0.20762647246990262,-16.744290321559458,-0.20419866245804216,41.80874959286788,33.0,0.0,0.0,,-0.20419866245804216
Chicago Blackhawks,2019,82.0,1466.891486847055,84.0,83.39848248710418,0.6015175128958075,0.0073355794255586275,1.4469411506468761,0.017645623788376537,36.41484958184464,36.0,0.0,0.0,,0.017645623788376537
Chicago Blackhawks,2020,79.0,1483.0553950362078,81.0,82.6161666703,-1.6161666702999904,-0.020457805953164435,-1.460291736981902,-0.01848470553141648,36.33282467663359,36.0,9.0,-0.23147917657287254,-0.02571990850809695,-0.017554465148700415
Chicago Blackhawks,2021,56.0,1489.4084047356243,55.0,59.43067056290843,-4.430670562908427,-0.07911911719479334,-4.412294317507247,-0.07879096995548655,26.22303342120614,24.0,0.0,0.0,,-0.07879096995548655
Chicago Blackhawks,2022,82.0,1450.8472397408768,68.0,80.550245355151,-12.550245355151011,-0.15305177262379283,-11.919208587462563,-0.14535620228612883,34.84461440350178,28.0,0.0,0.0,,-0.14535620228612883
Chicago Blackhawks,2023,82.0,1419.5484507623457,59.0,73.97594629625304,-14.975946296253033,-0.18263349141771992,-15.04891376960775,-0.18352333865375306,31.241478984376908,26.0,0.0,0.0,,-0.18352333865375306
Colorado Avalanche,1980,80.0,1392.5413844516993,61.0,71.83302808607986,-10.833028086079857,-0.1354128510759982,-2.312621774400541,-0.028907772180006765,30.3592262150493,25.0,0.0,0.0,,-0.028907772180006765
Colorado Avalanche,1981,85.0,1428.9316041064271,82.0,81.09798593278978,0.9020140672102221,0.010611930202473202,10.25382172417634,0.12063319675501577,34.868506226067474,32.0,5.0,0.31390081247074764,0.06278016249414953,0.1242490113963199
Colorado Avalanche,1982,96.0,1501.954983987367,98.0,102.46858843764088,-4.468588437640882,-0.046547796225425854,5.688161944907138,0.05925168692611602,45.44118311534525,40.0,16.0,4.671945131094482,0.2919965706934051,0.012702710172658182
Colorado Avalanche,1983,84.0,1505.3216262047333,83.0,93.1313200596537,-10.131320059653707,-0.12061095309111555,-0.8433803806168141,-0.010040242626390644,41.665533011785975,35.0,4.0,0.25138701570810684,0.06284675392702671,-0.013684592454061529
Colorado Avalanche,1984,89.0,1538.1247877630567,109.0,105.97421063778663,3.0257893622133807,0.03399763328329641,10.071370688174344,0.1131614684064533,48.260520525649596,47.0,9.0,0.14819369573998886,0.016465966193332095,0.12403971240542941
Colorado Avalanche,1985,98.0,1545.839009969999,111.0,115.55409675348619,-4.554096753486185,-0.046470375035573316,3.381361924233542,0.0345036931044239,52.485382095165896,50.0,18.0,0.014069379035485219,0.0007816321686380677,0.042091156814975716
Colorado Avalanche,1986,83.0,1556.3679287751856,94.0,102.9442052548699,-8.944205254869903,-0.10776150909481812,-2.487537806824087,-0.029970335021976956,47.31974884399932,43.0,3.0,-2.4976597666179465,-0.8325532555393155,0.00012652449742323046
Colorado Avalanche,1987,93.0,1513.7775462958064,92.0,103.3508406679249,-11.350840667924864,-0.12205205019274047,-3.942244165145058,-0.04238972220586084,46.22396592127844,38.0,13.0,4.615937661228506,0.3550721277868082,-0.10697727282966955
Colorado Avalanche,1988,80.0,1499.1127099242403,71.0,87.6512934017313,-16.651293401731305,-0.2081411675216413,-9.869148955533863,-0.12336436194417329,39.03321574990862,32.0,0.0,0.0,,-0.12336436194417329
Colorado Avalanche,1989,80.0,1456.6969783483196,62.0,77.80302935782277,-15.803029357822757,-0.19753786697278447,-9.454039359247973,-0.11817549199059967,33.58684162171544,27.0,0.0,0.0,,-0.11817549199059967
Colorado Avalanche,1990,80.0,1410.8947824604622,32.0,68.53996670902767,-36.539966709027674,-0.4567495838628459,-30.241092622846416,-0.3780136577855802,28.531668824077627,12.0,0.0,0.0,,-0.3780136577855802
Colorado Avalanche,1991,80.0,1378.3598638830838,49.0,62.5511398838573,-13.5511398838573,-0.16938924854821624,-7.290157438415914,-0.09112696798019893,25.29854001452904,16.0,0.0,0.0,,-0.09112696798019893
Colorado Avalanche,1992,80.0,1394.153068703908,57.0,68.00650848689716,-11.006508486897152,-0.1375813560862144,-4.444476754684491,-0.05555595943355614,28.23034328273318,20.0,0.0,0.0,,-0.05555595943355614
Colorado Avalanche,1993,90.0,1477.1658005632403,111.0,98.07085970485161,12.929140295148388,0.14365711439053763,19.42516939726851,0.21583521552520568,43.67456619507658,49.0,6.0,0.09171461893457233,0.015285769822428722,0.23016017593254692
Colorado Avalanche,1994,84.0,1490.0619749619216,76.0,93.51976233042417,-17.51976233042416,-0.2085685991717162,-11.161152207607476,-0.1328708596143747,41.87337997052903,34.0,0.0,0.0,,-0.1328708596143747
Colorado Avalanche,1995,54.0,1527.2032660235184,70.0,64.12568364824729,5.874316351752701,0.10878363614356854,10.427262653139548,0.19309745653962126,29.168034391427067,32.0,6.0,-1.0258919661923969,-0.1709819943653995,0.2386073879027489
Colorado Avalanche,1996,104.0,1558.068296680467,141.0,130.19776953093208,10.802230469067908,0.1038676006641145,19.051802548499463,0.18319040912018714,60.012973574599926,63.0,22.0,9.754655726203625,0.4433934421001648,0.11337983929629071
Colorado Avalanche,1997,99.0,1588.622635351877,131.0,132.71490358751976,-1.714903587519752,-0.017322258459795476,6.05451572735278,0.06115672451871495,62.14859780789465,59.0,17.0,0.5784155542243298,0.034024444366137045,0.06678170942839574
Colorado Avalanche,1998,89.0,1566.7208782093114,104.0,115.2777019096695,-11.277701909669496,-0.12671575179403927,-3.778622241200453,-0.042456429676409585,53.53313307154602,42.0,7.0,-2.4261265176159723,-0.34658950251656745,-0.016493850287615613
Colorado Avalanche,1999,101.0,1531.160707908013,121.0,119.09841861830532,1.9015813816946832,0.018827538432620625,10.169770749496413,0.10069079949996448,54.07219965529258,55.0,19.0,3.609029639595373,0.1899489283997565,0.0800090379256224
Colorado Avalanche,2000,99.0,1543.1003065208465,119.0,119.55482499401569,-0.5548249940156927,-0.005604292868845381,5.932281303734163,0.05992203337105215,54.60320245676585,53.0,17.0,4.018674132328907,0.23639259601934745,0.02333667282201533
Colorado Avalanche,2001,105.0,1584.4537489611043,153.0,138.90805996657184,14.091940033428195,0.13420895269931613,20.259996170362108,0.19295234447963913,64.83487092309623,68.0,23.0,6.600193196219011,0.2869649215747396,0.16658296309930604
Colorado Avalanche,2002,103.0,1575.2777290776291,123.0,131.37285040035778,-8.37285040035777,-0.08128980971221135,-1.8803223968796559,-0.018255557251258794,60.80913256103035,56.0,21.0,1.1946403443093576,0.05688763544330274,-0.03749954562425624
Colorado Avalanche,2003,89.0,1552.5332254964196,113.0,111.3317536765439,1.668246323456115,0.018744340712990054,5.978152642474437,0.06717025440982513,51.28554298396743,45.0,7.0,-1.0215079612638145,-0.1459297087519735,0.08536171467973477
Colorado Avalanche,2004,93.0,1561.2621845112133,113.0,116.01302212171736,-3.013022121717342,-0.032398087330294,1.9867264071914459,0.021362649539692965,53.39894380992005,46.0,11.0,1.16041999802292,0.10549272709299272,0.010076907428884473
Colorado Avalanche,2006,91.0,1542.797702971983,104.0,108.18555145684712,-4.185551456847124,-0.045995070954364,-4.079919577790079,-0.044834281074616254,49.20788739014489,47.0,9.0,-0.5369764673966236,-0.05966405193295818,-0.04320662329748117
Colorado Avalanche,2007,82.0,1517.9221182323724,95.0,92.95468973527228,2.0453102647277097,0.024942808106435486,2.2343310463623314,0.02724793958978453,41.781572462919534,44.0,0.0,0.0,,0.02724793958978453
Colorado Avalanche,2008,92.0,1526.7131620112857,105.0,106.02660245721836,-1.026602457218352,-0.011158722361069044,-0.3864979175456509,-0.004201064321148379,47.84511163999653,48.0,10.0,-0.4341945493524293,-0.04341945493524293,0.0005816662415460727
Colorado Avalanche,2009,82.0,1495.096695718583,69.0,89.38279535288662,-20.382795352886617,-0.24857067503520267,-20.109293235931588,-0.24523528336501937,39.757206874905705,32.0,0.0,0.0,,-0.24523528336501937
Colorado Avalanche,2010,88.0,1490.6542797665168,101.0,93.66714811496996,7.332851885030043,0.08332786232988686,6.9441640154882265,0.07891095472145712,41.41003416133119,45.0,6.0,0.6037457499985737,0.10062429166642894,0.07732217396938602
Colorado Avalanche,2011,82.0,1478.2924071447742,68.0,85.39883550482466,-17.398835504824667,-0.21218092079054474,-17.75708188586897,-0.21654977909596307,37.54836508377247,30.0,0.0,0.0,,-0.21654977909596307
Colorado Avalanche,2012,82.0,1462.049650804427,88.0,82.34019668345731,5.659803316542689,0.06902199166515474,5.085298420508054,0.062015834396439685,35.830318152467065,41.0,0.0,0.0,,0.062015834396439685
Colorado Avalanche,2013,48.0,1466.0388849925737,39.0,48.91546980238401,-9.915469802384006,-0.2065722875496668,-9.947116339873745,-0.20723159041403635,21.371153851325523,16.0,0.0,0.0,,-0.20723159041403635
Colorado Avalanche,2014,89.0,1505.6921216031465,120.0,99.11846142350623,20.881538576493774,0.23462402894936826,20.02985414564549,0.2250545409623089,44.334402743149724,55.0,7.0,-0.6285498581286761,-0.08979283687552517,0.25193175614358737
Colorado Avalanche,2015,82.0,1499.918925769897,90.0,89.89714472530811,0.1028552746918946,0.0012543326181938365,-0.46986008772822485,-0.0057300010698564,40.04059636543541,39.0,0.0,0.0,,-0.0057300010698564
Colorado Avalanche,2016,82.0,1504.8230756983446,82.0,91.0888084240388,-9.088808424038792,-0.11083912712242429,-8.697088256858622,-0.10606205191291003,40.70839377537218,39.0,0.0,0.0,,-0.10606205191291003
Colorado Avalanche,2017,82.0,1440.5817457074936,48.0,77.66840444116403,-29.668404441164032,-0.36180981025809794,-29.962226744724266,-0.36539300908200323,33.28152976274937,22.0,0.0,0.0,,-0.36539300908200323
Colorado Avalanche,2018,88.0,1467.6893025592856,99.0,88.31168934747708,10.688310652522912,0.12145807559685128,10.989957933566636,0.12488588560871178,38.42191358942856,45.0,6.0,-1.081591974139255,-0.18026532902320916,0.14721402326470598
Colorado Avalanche,2019,94.0,1503.8532597792776,104.0,103.28264209236806,0.7173579076319576,0.0076314671024676345,1.68650207773684,0.017941511465285533,46.04637942355267,45.0,12.0,2.115793892271479,0.1763161576892899,-0.005235266030910263
Colorado Avalanche,2020,85.0,1541.5479733766122,112.0,102.55979597403659,9.440204025963409,0.11106122383486364,9.607917561811984,0.11303432425661157,46.79728512261356,51.0,15.0,1.5763998818324891,0.10509332545549928,0.11473596685684992
Colorado Avalanche,2021,66.0,1564.3425948211955,95.0,84.03958722827791,10.96041277172209,0.16606686017760744,10.982070489516337,0.1663950074169142,38.86094356131044,45.0,10.0,0.6527341378833478,0.06527341378833477,0.1844524348505891
Colorado Avalanche,2022,102.0,1595.4453205621026,152.0,134.3807469908187,17.61925300918126,0.1727377745998163,18.404201183622984,0.18043334493748023,62.64796516934787,72.0,20.0,7.73673977127601,0.3868369885638005,0.1300909928334997
Colorado Avalanche,2023,89.0,1594.2617591492246,116.0,119.94800907172656,-3.948009071726551,-0.04435965249130956,-4.0272054757335,-0.0452494997273427,56.208386609174724,54.0,7.0,-2.814743692872313,-0.4021062418389018,-0.014786119303185232
Columbus Blue Jackets,2001,82.0,1387.77815789065,71.0,69.64703180432953,1.352968195670461,0.016499612142322692,6.169926321656943,0.07524300392264564,28.931781581074873,28.0,0.0,0.0,,0.07524300392264564
Columbus Blue Jackets,2002,82.0,1418.2196343111125,57.0,74.33673840404931,-17.33673840404931,-0.21142363907377207,-12.167929702251202,-0.14838938661281953,31.442109059091358,22.0,0.0,0.0,,-0.14838938661281953
Columbus Blue Jackets,2003,82.0,1434.9944050485378,69.0,76.64385086408937,-7.643850864089356,-0.09321769346450434,-3.672925940948879,-0.04479177976766926,32.699034819340326,29.0,0.0,0.0,,-0.04479177976766926
Columbus Blue Jackets,2004,82.0,1433.610354786219,62.0,76.51119117219872,-14.511191172198714,-0.17696574600242335,-10.102810748859781,-0.12320500913243636,32.620361731841896,25.0,0.0,0.0,,-0.12320500913243636
Columbus Blue Jackets,2006,82.0,1426.2497515501777,74.0,75.86717701902269,-1.8671770190226868,-0.02277045145149618,-1.7719922488833744,-0.021609661571748467,32.297155902822844,35.0,0.0,0.0,,-0.021609661571748467
Columbus Blue Jackets,2007,82.0,1449.9145826401952,73.0,80.19147231580405,-7.191472315804047,-0.08770088190004935,-7.002451534169425,-0.0853957504167003,34.66338134852766,33.0,0.0,0.0,,-0.0853957504167003
Columbus Blue Jackets,2008,82.0,1470.9379422644586,80.0,83.86458832188168,-3.8645883218816808,-0.047129125876605865,-3.294060362608188,-0.04017146783668522,36.67785505283617,34.0,0.0,0.0,,-0.04017146783668522
Columbus Blue Jackets,2009,86.0,1479.5487216705933,92.0,87.8898191371108,4.110180862889184,0.047792800731269576,4.3970245465249445,0.05112819240145284,38.42912141669675,41.0,4.0,-3.285111030121354,-0.8212777575303385,0.09368458020300363
Columbus Blue Jackets,2010,82.0,1471.986955372145,79.0,83.47578429019465,-4.475784290194655,-0.05458273524627628,-4.8379707140858965,-0.058999642854706054,36.468245428542886,32.0,0.0,0.0,,-0.058999642854706054
Columbus Blue Jackets,2011,82.0,1477.8776280879101,81.0,84.57815805850731,-3.578158058507335,-0.04363607388423579,-3.9364044395516338,-0.04800493218965407,37.05754138489087,34.0,0.0,0.0,,-0.04800493218965407
Columbus Blue Jackets,2012,82.0,1435.6726061992329,65.0,75.39414458918054,-10.394144589180527,-0.12675786084366497,-10.96864948521516,-0.13376401811238,32.01657706452968,29.0,0.0,0.0,,-0.13376401811238
Columbus Blue Jackets,2013,48.0,1460.1915194832363,55.0,47.30495377797989,7.695046222020104,0.16031346295875218,7.663399684530365,0.1596541600943826,20.464558147111127,24.0,0.0,0.0,,0.1596541600943826
Columbus Blue Jackets,2014,88.0,1500.8824530858815,97.0,96.42943674445405,0.570563255545963,0.006483673358476852,-0.2715516873152666,-0.0030858146285825745,42.953140700398436,45.0,6.0,-1.9727280130703817,-0.32878800217839693,0.020746052753111185
Columbus Blue Jackets,2015,82.0,1489.6707197238457,89.0,88.2387224090797,0.7612775909202867,0.009283873060003497,0.18856222850016857,0.0022995393719532752,39.13091118795053,42.0,0.0,0.0,,0.0022995393719532752
Columbus Blue Jackets,2016,82.0,1482.9830579880756,76.0,86.60257369186158,-10.602573691861581,-0.12929967916904367,-10.210853524681411,-0.12452260395952941,38.180970806316274,34.0,0.0,0.0,,-0.12452260395952941
Columbus Blue Jackets,2017,87.0,1534.2534788220833,111.0,101.23115719027832,9.768842809721695,0.11228554953703097,9.457104512041942,0.10870235071312577,45.79367757292622,51.0,5.0,-1.8851423555725024,-0.3770284711145005,0.1383200837513957
Columbus Blue Jackets,2018,88.0,1520.7496436714669,103.0,101.12437327051335,1.875626729486667,0.021313940107803034,2.1772740105303887,0.024741750119663508,45.601027118271645,47.0,6.0,-0.10642351541838257,-0.017737252569730428,0.027849969828643562
Columbus Blue Jackets,2019,92.0,1525.569231470367,111.0,105.22632801302004,5.773671986979953,0.06275730420630383,6.7221960683592,0.07306734856912174,47.39227722688017,53.0,10.0,2.9882072406750506,0.29882072406750504,0.04553644911809938
Columbus Blue Jackets,2020,80.0,1519.8920579248656,92.0,91.62579892377711,0.374201076222894,0.004677513452786175,0.5320491099627307,0.006650613874534134,41.286138642070966,37.0,10.0,1.1221739959011094,0.11221739959011094,-0.008430355513405428
Columbus Blue Jackets,2021,56.0,1482.322754185009,48.0,58.75686665422017,-10.75686665422017,-0.1920869045396459,-10.73849040881899,-0.19175875730033912,25.85511597903026,18.0,0.0,0.0,,-0.19175875730033912
Columbus Blue Jackets,2022,82.0,1470.0584083457616,81.0,84.30688924929326,-3.30688924929326,-0.040327917674308045,-2.675852481604813,-0.03263234733664406,36.90361239464473,37.0,0.0,0.0,,-0.03263234733664406
Columbus Blue Jackets,2023,82.0,1432.6727090457018,59.0,76.0205892546464,-17.02058925464639,-0.20756816164202913,-17.093556728001108,-0.2084580088780623,32.394041461351485,25.0,0.0,0.0,,-0.2084580088780623
Dallas Stars,1968,88.0,1381.5022925532166,86.0,90.50439593753362,-4.504395937533612,-0.051186317471972866,4.724144534411208,0.05368346061830918,39.69478545950276,34.0,14.0,3.8007923457106543,0.271485167550761,0.012477732279737195
Dallas Stars,1969,76.0,1399.6356181078,51.0,73.94933128805201,-22.949331288052004,-0.3019648853691053,-14.538382569868286,-0.19129450749826693,31.95019047617715,18.0,0.0,0.0,,-0.19129450749826693
Dallas Stars,1970,82.0,1402.5816217829667,64.0,76.85944458089539,-12.859444580895376,-0.156822494888968,-3.6588416329207245,-0.044620019913667375,32.88756460222388,21.0,6.0,-0.17786868658874,-0.029644781098123334,-0.04580227560963138
Dallas Stars,1971,90.0,1437.86000572243,84.0,90.94749213115247,-6.9474921311524644,-0.07719435701280516,2.866442114936598,0.03184935683262887,39.75370517968965,34.0,12.0,3.366937719164123,0.2805781432636769,-0.006416610310609308
Dallas Stars,1972,85.0,1489.0957939555897,93.0,97.50820844069234,-4.508208440692337,-0.05303774636108631,4.80550269469065,0.056535325819889994,44.05011514876079,40.0,7.0,-0.9642729309025756,-0.13775327584322508,0.0739714823794003
Dallas Stars,1973,84.0,1493.9348832521164,90.0,98.23017001267193,-8.230170012671932,-0.09797821443657062,1.0104172897313959,0.012028777258707093,44.564461937533935,39.0,6.0,-1.187993162522119,-0.19799886042035317,0.028184749387865582
Dallas Stars,1974,78.0,1467.4525063466433,63.0,83.82723438861255,-20.827234388612546,-0.2670158254950326,-12.319335128130582,-0.15794019395039208,37.2337880136779,23.0,0.0,0.0,,-0.15794019395039208
Dallas Stars,1975,80.0,1424.1221268097602,53.0,78.64423961210176,-25.644239612101757,-0.32055299515127195,-17.228755460272296,-0.2153594432534037,34.10994654063325,23.0,0.0,0.0,,-0.2153594432534037
Dallas Stars,1976,80.0,1395.9727625178068,47.0,71.77752829915156,-24.77752829915155,-0.3097191037393944,-16.08904332238356,-0.2011130415297945,30.363022652066178,20.0,0.0,0.0,,-0.2011130415297945
Dallas Stars,1977,82.0,1396.7742955624285,64.0,72.52328240240118,-8.523282402401183,-0.10394246832196564,0.4033764556117788,0.004919225068436327,30.536874893193406,23.0,2.0,-0.9596966376875341,-0.47984831884376705,0.017038413666241425
Dallas Stars,1978,80.0,1395.7730814567506,45.0,70.72953034413564,-25.72953034413564,-0.3216191293016955,-17.249959555971245,-0.21562449444964055,29.77018718211677,18.0,0.0,0.0,,-0.21562449444964055
Dallas Stars,1979,80.0,1430.9237554692825,68.0,74.39963255481659,-6.399632554816598,-0.07999540693520749,2.054067565812961,0.02567584457266201,31.77958499002435,28.0,0.0,0.0,,0.02567584457266201
Dallas Stars,1980,95.0,1494.2162848455087,104.0,105.14265709576827,-1.1426570957682443,-0.012027969429139413,8.975325399350943,0.09447710946685203,47.06468227018081,44.0,15.0,3.879756527993278,0.2586504351995519,0.06369461089197086
Dallas Stars,1981,99.0,1524.1321201331077,112.0,114.82396079629476,-2.8239607962947635,-0.028524856528229933,8.068144592406952,0.08149641002431265,51.97396641427192,47.0,19.0,8.327188457179673,0.438273076693667,-0.0032380483096590197
Dallas Stars,1982,84.0,1536.5165265845756,97.0,105.30317939825476,-8.30317939825474,-0.0988473737887469,0.5839771864747787,0.006952109362794985,48.553271345782235,38.0,4.0,-1.9989541518898524,-0.4997385379724631,0.03228664172955786
Dallas Stars,1983,89.0,1541.6227728427127,105.0,110.68043259398644,-5.680432593986453,-0.06382508532569048,4.160360637374062,0.0467456251390344,50.93858072276449,44.0,9.0,-0.6565086231792006,-0.07294540257546672,0.060210865756915796
Dallas Stars,1984,96.0,1514.0268731738622,106.0,112.14693542726772,-6.146935427267735,-0.06403057736737224,1.4527927445553241,0.015133257755784627,50.844332456714525,46.0,16.0,-1.9150391648920992,-0.1196899478057562,0.0420978988680928
Dallas Stars,1985,89.0,1472.1056287752406,76.0,94.37186876514079,-18.371868765140785,-0.2064254917431549,-11.16517670068103,-0.12545142360315764,41.71033734111137,30.0,9.0,4.014873855483691,0.4460970950537434,-0.18975063195205905
Dallas Stars,1986,85.0,1477.4549965890508,91.0,91.8836098500916,-0.8836098500915912,-0.010395410001077543,5.728639946099911,0.06739576407176366,40.83701947522894,40.0,5.0,-1.4281212602469509,-0.2856242520493902,0.08945951507933578
Dallas Stars,1987,80.0,1497.7665714326527,72.0,89.96255393853974,-17.96255393853974,-0.22453192423174678,-11.589567699589372,-0.14486959624486714,40.33810999913277,30.0,0.0,0.0,,-0.14486959624486714
Dallas Stars,1988,80.0,1445.9851276890986,53.0,78.77075094390182,-25.770750943901813,-0.32213438679877265,-18.98860649770437,-0.23735758122130463,34.114043463437994,19.0,0.0,0.0,,-0.23735758122130463
Dallas Stars,1989,85.0,1431.456391697824,75.0,80.8016526572358,-5.801652657235791,-0.06825473714395049,0.9441492162499139,0.01110763783823428,34.63450519836304,28.0,5.0,-0.368302454937088,-0.0736604909874176,0.016405645889837527
Dallas Stars,1990,87.0,1467.6448225353263,86.0,89.66672345584556,-3.666723455845554,-0.04214624661891441,3.1833021128765675,0.03658967945835135,39.29516158554659,39.0,7.0,-0.43646722119260495,-0.06235246017037214,0.04524711667586465
Dallas Stars,1991,103.0,1479.4945922515353,99.0,105.30471917912797,-6.304719179127966,-0.06121086581677637,1.756295719377817,0.017051414751240942,46.053421728346954,41.0,23.0,7.139452661370196,0.31041098527696503,-0.06728946177490473
Dallas Stars,1992,87.0,1496.1699381791855,80.0,95.20878121667259,-15.208781216672588,-0.1748135772031332,-8.07257170789132,-0.09278818055047496,42.41080740171234,35.0,7.0,2.256590661402724,0.3223700944861034,-0.1291145296161756
Dallas Stars,1993,84.0,1491.547917153109,82.0,93.69263514561811,-11.692635145618127,-0.13919803744783485,-5.6296746503060096,-0.06701993631316679,41.95047414572506,36.0,0.0,0.0,,-0.06701993631316679
Dallas Stars,1994,93.0,1497.175060809441,111.0,105.67177913862446,5.328220861375533,0.057292697434145515,12.36811064020829,0.132990436991487,47.5407086288769,47.0,9.0,1.4072280296606885,0.15635866996229872,0.1304866977446143
Dallas Stars,1995,53.0,1500.2987669799886,45.0,58.40125749205749,-13.40125749205749,-0.25285391494448095,-8.932625011066696,-0.16854009454842822,26.077363332015416,18.0,5.0,-1.4910667084847535,-0.2982133416969507,-0.1550324646371238
Dallas Stars,1996,82.0,1470.5444760848438,66.0,85.56884772063083,-19.56884772063085,-0.23864448439793717,-13.064377427232893,-0.15932167594186455,37.65801747523249,26.0,0.0,0.0,,-0.15932167594186455
Dallas Stars,1997,89.0,1509.707188445162,116.0,102.11438179668812,13.885618203311896,0.15601818205968424,20.870247688399324,0.23449716503819465,46.05401844138921,51.0,7.0,0.507706721002233,0.07252953157174757,0.24832367033411087
Dallas Stars,1998,99.0,1561.4843486872426,131.0,124.87579505575772,6.124204944242284,0.06186065600244731,14.465877833887621,0.146119978120077,57.6548086256316,59.0,17.0,0.9688081294236892,0.05698871349551113,0.164598411030048
Dallas Stars,1999,105.0,1584.19050913586,151.0,138.68189753148408,12.31810246851589,0.11731526160491325,20.913744880586993,0.19917852267225708,64.70116184430552,67.0,23.0,8.364774683055678,0.3636858557850295,0.1530362219211136
Dallas Stars,2000,105.0,1566.610004631772,131.0,133.84888565386746,-2.848885653867451,-0.027132244322547152,4.031378601321788,0.03839408191735036,61.93170144224521,57.0,23.0,2.3695654884279733,0.10302458645339015,0.02026601357187579
Dallas Stars,2001,92.0,1554.8513028142518,116.0,116.411619219283,-0.4116192192830127,-0.004474121948728399,4.992772824506703,0.0542692698315946,53.767426871535896,52.0,10.0,-1.5877146130923152,-0.15877146130923153,0.08024984679998802
Dallas Stars,2002,82.0,1531.292371406416,90.0,98.79055570012707,-8.790555700127065,-0.10720189878203738,-3.621746998328956,-0.04416764632108483,45.08608644979381,36.0,0.0,0.0,,-0.04416764632108483
Dallas Stars,2003,94.0,1556.516444252172,125.0,118.19827654901877,6.801723450981255,0.07235876011682187,11.353759338483751,0.12078467381365693,54.50984113951174,52.0,12.0,-1.019574803806259,-0.08496456698385492,0.15089431880841475
Dallas Stars,2004,87.0,1543.3878266493207,100.0,104.945584127865,-4.945584127865002,-0.05684579457316095,-0.2684000201761356,-0.0030850577031739726,47.891954354212224,42.0,5.0,-2.1584506355484425,-0.4316901271096885,0.023049397748442772
Dallas Stars,2006,87.0,1552.4514414151163,117.0,107.92994601583896,9.070053984161044,0.10425349407081659,9.171042703699092,0.10541428395056428,49.620257031913866,54.0,5.0,-1.0329885756236663,-0.20659771512473327,0.1244394058453995
Dallas Stars,2007,89.0,1551.1924871925885,115.0,108.75894739613159,6.241052603868405,0.07012418656031916,6.44620930588647,0.0724293180436682,49.816387028076754,53.0,7.0,0.23760085702945644,0.033942979575636634,0.07571473718118309
Dallas Stars,2008,100.0,1546.727471289469,118.0,118.22278175478334,-0.22278175478334572,-0.0022278175478334574,0.4729840492087216,0.004729840492087216,53.71239261222909,55.0,18.0,1.7872490231434022,0.09929161239685567,-0.016027621633349774
Dallas Stars,2009,82.0,1518.9571991582482,83.0,93.83936575966294,-10.839365759662956,-0.13218738731296287,-10.565863642707928,-0.1288519956427796,42.258928325795395,36.0,0.0,0.0,,-0.1288519956427796
Dallas Stars,2010,82.0,1487.436165181386,88.0,86.97701099450963,1.0229890054903592,0.012475475676711697,0.6608025815991215,0.00805856806828197,38.40447902977633,37.0,0.0,0.0,,0.00805856806828197
Dallas Stars,2011,82.0,1505.0567346167732,95.0,90.26750881034484,4.732491189655161,0.0577133071909166,4.374244808610861,0.0533444488854983,40.24904736237212,42.0,0.0,0.0,,0.0533444488854983
Dallas Stars,2012,82.0,1504.4300109805226,89.0,91.2162845274581,-2.2162845274581016,-0.027027860090952458,-2.7907894234927353,-0.034034017359667504,40.78443433194324,42.0,0.0,0.0,,-0.034034017359667504
Dallas Stars,2013,48.0,1498.0984158359945,48.0,51.72437880674227,-3.724378806742272,-0.077591225140464,-3.75602534423201,-0.07825052800483355,22.920657759602392,22.0,0.0,0.0,,-0.07825052800483355
Dallas Stars,2014,88.0,1498.6326179257178,96.0,95.25129144544769,0.7487085545523131,0.008508051756276286,-0.0934063883089169,-0.0010614362307831465,42.304770477996236,42.0,6.0,-0.7427315618231527,-0.12378859363719212,0.007918599677002867
Dallas Stars,2015,82.0,1497.5787868621742,92.0,88.98516470003916,3.0148352999608434,0.03676628414586394,2.442119937540723,0.029781950457813698,39.52665217279993,41.0,0.0,0.0,,0.029781950457813698
Dallas Stars,2016,95.0,1541.259128720105,125.0,113.4380125210506,11.561987478949401,0.12170513135736212,12.015809623853254,0.12648220656687637,51.639740880587524,57.0,13.0,0.8976911513744099,0.06905316549033923,0.13558681063998596
Dallas Stars,2017,82.0,1498.347128720045,79.0,90.05835232839259,-11.058352328392571,-0.13485795522429964,-11.352174631952805,-0.13844115404820492,40.131531085328014,34.0,0.0,0.0,,-0.13844115404820492
Dallas Stars,2018,82.0,1499.8392169720225,92.0,90.20706923646203,1.7929307635379552,0.021865009311438477,2.0740111845105127,0.025292819323298934,40.217738649968766,42.0,0.0,0.0,,0.025292819323298934
Dallas Stars,2019,95.0,1508.8298157196612,109.0,105.16795448375497,3.832045516245027,0.040337321223631865,4.811499730712729,0.05064736558644978,46.96680559461969,50.0,13.0,2.4848289826173025,0.19114069097056172,0.02837403351335885
Dallas Stars,2020,96.0,1525.2156163542998,113.0,107.6684552417075,5.33154475829249,0.05553692456554677,5.520962398780296,0.057510024987294746,48.21539819860595,52.0,27.0,3.617666315582213,0.13398764131785976,0.02758400120576935
Dallas Stars,2021,56.0,1512.992990421996,60.0,63.5198435687702,-3.5198435687702023,-0.06285434944232504,-3.5014673233690217,-0.06252620220301824,28.525293932130186,23.0,0.0,0.0,,-0.06252620220301824
Dallas Stars,2022,89.0,1508.7721526384555,105.0,99.58415880869133,5.415841191308673,0.06085214821695138,6.100746951360768,0.06854771855461537,44.594257131039285,49.0,7.0,0.5258658213214149,0.07512368876020213,0.06798635524438236
Dallas Stars,2023,101.0,1540.0641369151872,132.0,120.26109505672207,11.738904943277939,0.11622678161661326,11.64903037243859,0.1153369343805801,54.73202901333037,57.0,19.0,1.873669051162843,0.09861416058751805,0.11921172343019203
Detroit Red Wings,1927,44.0,1374.2849657570234,31.0,42.2974231631769,-11.297423163176894,-0.2567596173449294,-9.31845611779502,-0.21178309358625044,18.179580250958402,12.0,0.0,0.0,,-0.21178309358625044
Detroit Red Wings,1928,44.0,1413.2151837633382,46.0,44.8279796716898,1.1720203283101949,0.02663682564341352,5.050584131605267,0.1147860029910288,19.577987855998593,19.0,0.0,0.0,,0.1147860029910288
Detroit Red Wings,1929,46.0,1462.1019260342339,47.0,50.86626671024752,-3.8662667102475248,-0.0840492763097288,-0.12064824513059236,-0.002622787937621573,22.71352627646073,19.0,2.0,-1.8704326276861187,-0.9352163138430594,0.039767826876261944
Detroit Red Wings,1930,44.0,1458.617611894461,37.0,47.33688434588024,-10.336884345880245,-0.23492918967909648,-7.617633135010578,-0.17312802579569497,20.984463829467707,14.0,0.0,0.0,,-0.17312802579569497
Detroit Red Wings,1931,44.0,1468.2764001857586,41.0,47.32465733265438,-6.324657332654384,-0.14374221210578145,-3.1386113003882805,-0.07133207500882456,21.009334471854814,16.0,0.0,0.0,,-0.07133207500882456
Detroit Red Wings,1932,50.0,1470.9271518193314,50.0,50.14138697346189,-0.14138697346189755,-0.002827739469237951,3.0200654786334398,0.060401309572668795,21.795899689120073,18.0,2.0,-0.9852970821335335,-0.49264854106676675,0.08344505334931196
Detroit Red Wings,1933,52.0,1504.7119978257454,63.0,58.023728378651626,4.9762716213483795,0.09569753117977653,8.919624352733152,0.1715312375525606,25.95535270425273,27.0,4.0,-0.20070571184248953,-0.05017642796062238,0.19000687634532587
Detroit Red Wings,1934,57.0,1526.9078823425282,68.0,66.89975469850653,1.1002453014934663,0.019302549149008183,4.673107174104177,0.08198433638779258,30.327801351232,28.0,9.0,0.21280765643889638,0.023645295159877375,0.09292290661802666
Detroit Red Wings,1935,48.0,1516.8463161771795,49.0,56.28983718999834,-7.289837189998338,-0.1518716081249654,-3.7367975446136947,-0.07784994884611864,25.512659926013427,19.0,0.0,0.0,,-0.07784994884611864
Detroit Red Wings,1936,55.0,1526.7239700855905,75.0,63.2985354952323,11.701464504767705,0.21275390008668554,15.863223567924432,0.28842224668953514,28.54414330000749,30.0,7.0,5.747199043092332,0.821028434727476,0.2107505109340021
Detroit Red Wings,1937,58.0,1550.2240325791813,71.0,71.98800549876887,-0.9880054987688798,-0.017034577564980686,3.4381759332321553,0.0592788954005544,33.071506607194515,31.0,10.0,-0.055722435730708786,-0.005572243573070878,0.07278954935339303
Detroit Red Wings,1938,48.0,1498.7694043428926,35.0,52.48248047788216,-17.48248047788216,-0.36421834328921165,-13.493700920302025,-0.28111876917295886,23.35723955080281,12.0,0.0,0.0,,-0.28111876917295886
Detroit Red Wings,1939,54.0,1480.8605757340254,49.0,55.65209821582851,-6.652098215828503,-0.12318700399682413,-2.5456927977831327,-0.04714245921820616,24.39570757300999,21.0,6.0,1.0703323436418248,0.17838872394030414,-0.07533385711301997
Detroit Red Wings,1940,53.0,1476.2560485160782,43.0,54.66122388346297,-11.661223883462961,-0.2200230921408106,-7.548775783351367,-0.14242973176134655,23.99277705606397,18.0,5.0,-1.0575437764474698,-0.21150875528949395,-0.13523400014383116
Detroit Red Wings,1941,57.0,1498.4550260885635,63.0,60.6234890260944,2.376510973905595,0.04169317498079991,6.038515234231086,0.10593886375844011,26.815920271355104,25.0,9.0,-0.3140850470397436,-0.034898338559971515,0.13234583919314233
Detroit Red Wings,1942,60.0,1494.6934219313516,58.0,63.979694992192854,-5.979694992192849,-0.09966158320321415,-2.27303608090751,-0.03788393468179183,28.32466822299665,26.0,12.0,2.0473581371152334,0.1706131780929361,-0.09000821287547384
Detroit Red Wings,1943,60.0,1534.3178828727584,78.0,69.60149580620403,8.398504193795986,0.13997506989659977,14.133722838499036,0.23556204730831726,31.4529371054592,33.0,10.0,6.418411066749346,0.6418411066749347,0.15430623543499375
Detroit Red Wings,1944,55.0,1549.238684210341,60.0,67.69098461127994,-7.6909846112799585,-0.1398360838414538,-1.5192386428544835,-0.02762252077917243,31.05126454626381,27.0,5.0,-3.945022186482393,-0.7890044372964786,0.04851567087255822
Detroit Red Wings,1945,64.0,1558.2559646644804,81.0,80.94179769864519,0.05820230135480697,0.000909410958668859,6.743558537192564,0.10536810214363382,37.41203337595387,38.0,14.0,-3.012056707587808,-0.21514690768484343,0.1951123048956075
Detroit Red Wings,1946,55.0,1532.6861508645284,53.0,65.15952102527295,-12.159521025272952,-0.22108220045950822,-6.523931149909279,-0.11861692999835052,29.623887684216395,21.0,5.0,-1.915659417057885,-0.383131883411577,-0.09216543465702787
Detroit Red Wings,1947,65.0,1490.1174097937535,58.0,68.86256819967541,-10.862568199675408,-0.16711643384116012,-4.0092816840037075,-0.061681256676980115,30.418446606420478,23.0,5.0,-1.427169301266266,-0.28543386025325324,-0.043035206378957296
Detroit Red Wings,1948,70.0,1527.2286856467792,80.0,82.35446375293479,-2.3544637529348007,-0.033635196470497154,5.596161977799772,0.07994517111142532,37.3585387885079,34.0,10.0,-2.7079591948371378,-0.2707959194837138,0.13840201954394846
Detroit Red Wings,1949,71.0,1536.9526551409042,85.0,85.0864222124173,-0.08642221241730286,-0.0012172142593986318,7.489152826829494,0.10548102572999286,38.76410867475373,38.0,11.0,-1.9704732672603966,-0.1791339333873088,0.15766043490149817
Detroit Red Wings,1950,84.0,1556.4084766470958,106.0,106.74957100821437,-0.7495710082143887,-0.008923464383504628,7.944661636148447,0.09457930519224342,49.342997524459015,45.0,14.0,0.9596236715921823,0.06854454797087016,0.09978625663651808
Detroit Red Wings,1951,76.0,1574.5359016077043,107.0,100.21322745318129,6.78677254681871,0.08929963877393039,14.382473907276816,0.18924307772732654,46.74620913724892,46.0,6.0,-1.7740280701281526,-0.2956713450213588,0.23080717110578525
Detroit Red Wings,1952,78.0,1594.390232233231,116.0,106.18817264535893,9.811827354641089,0.12579265839283446,18.561149972283523,0.2379634611831221,49.890768108290466,52.0,8.0,5.80938057946925,0.7261725724336563,0.18216813418306102
Detroit Red Wings,1953,76.0,1599.907593357375,95.0,105.52107811654454,-10.52107811654452,-0.1384352383755858,-2.2608977654379974,-0.0297486548083947,49.79920101217322,38.0,6.0,-2.977236612111743,-0.49620610201862386,0.010233412095339218
Detroit Red Wings,1954,82.0,1577.4664148415548,105.0,108.07939754043316,-3.079397540433169,-0.03755362854186792,5.846509939735311,0.07129890170408916,50.393862373648616,45.0,12.0,3.3059420763611755,0.27549517303009796,0.036293826619630536
Detroit Red Wings,1955,81.0,1570.0737033606501,111.0,104.41773625721709,6.582263742782919,0.081262515342999,15.684902962181363,0.19364077731088103,48.44547340199718,50.0,11.0,3.1080079234003826,0.2825461748545802,0.17966992912544263
Detroit Red Wings,1956,80.0,1565.3562823190346,86.0,102.21927664515547,-16.21927664515548,-0.20274095806444353,-7.227713758159925,-0.09034642197699906,47.358177410449635,35.0,10.0,-0.4640680071689748,-0.04640680071689748,-0.09662351072844215
Detroit Red Wings,1957,75.0,1557.4121713692998,90.0,94.96448531597348,-4.964485315973482,-0.06619313754631309,3.322723600221246,0.04430298133628328,43.87207297237936,39.0,5.0,-3.685014843371988,-0.7370029686743976,0.10011054919418903
Detroit Red Wings,1958,74.0,1509.5577720906638,71.0,82.63269058678924,-11.632690586789241,-0.15719852144309784,-3.5715636749260318,-0.048264373985486914,37.01586968063262,29.0,4.0,-1.9266560280875291,-0.4816640070218823,-0.02349868066912146
Detroit Red Wings,1959,70.0,1491.4812912936252,58.0,75.44669632111044,-17.446696321110473,-0.24923851887300674,-9.821449688909649,-0.1403064241272807,33.47610098597554,25.0,0.0,0.0,,-0.1403064241272807
Detroit Red Wings,1960,76.0,1483.203762848576,72.0,79.65992084013605,-7.659920840136063,-0.10078843210705346,0.6390993254950613,0.008409201651250807,35.079961632959154,28.0,6.0,-0.18970450931186622,-0.03161741821864437,0.011840054782956109
Detroit Red Wings,1961,81.0,1481.6973346567127,79.0,83.41588111504994,-4.415881115049934,-0.0545170508030856,4.587271909422163,0.05663298653607608,36.57765413308784,31.0,11.0,4.277088917337349,0.3888262652124863,0.004431185601211626
Detroit Red Wings,1962,70.0,1478.992472666084,60.0,72.84715728072294,-12.84715728072294,-0.18353081829604198,-4.9738336498596665,-0.07105476642656666,32.04692151878825,23.0,0.0,0.0,,-0.07105476642656666
Detroit Red Wings,1963,81.0,1495.4996032286856,87.0,86.36177131234804,0.6382286876519466,0.007879366514221563,9.952828615670956,0.12287442735396242,38.215344794886654,37.0,11.0,0.4953396907085912,0.04503088097350829,0.13510698464231952
Detroit Red Wings,1964,84.0,1498.2137356699968,87.0,90.02294935450689,-3.0229493545069013,-0.035987492315558346,6.1302800191689535,0.07297952403772563,39.880977648144075,37.0,14.0,3.719819780091578,0.26570141286368415,0.034435146272533926
Detroit Red Wings,1965,77.0,1529.6758574831435,93.0,90.93399480255057,2.0660051974494262,0.02683123633051203,10.612962486343708,0.13783068164082737,41.30245400362862,43.0,7.0,-1.6963213603018823,-0.2423316229002689,0.17584691209493702
Detroit Red Wings,1966,82.0,1541.7856320208366,87.0,98.16666580522622,-11.166665805226224,-0.13617885128324664,-1.9481224954374974,-0.023757591407774357,44.76504974158786,37.0,12.0,1.7171062805716117,0.14309219004763432,-0.052360411085844404
Detroit Red Wings,1967,70.0,1504.2290272002224,58.0,77.88771573356857,-19.88771573356857,-0.28411022476526526,-12.091669936939496,-0.1727381419562785,34.82927469459566,27.0,0.0,0.0,,-0.1727381419562785
Detroit Red Wings,1968,74.0,1478.6999662223495,66.0,84.4899104389799,-18.489910438979898,-0.24986365458080942,-10.72954686029903,-0.14499387649052742,38.06808252860719,27.0,0.0,0.0,,-0.14499387649052742
Detroit Red Wings,1969,76.0,1480.0818775985922,78.0,87.05701335847044,-9.057013358470439,-0.11917122840092682,-0.6460646402867234,-0.008500850530088465,39.2612602642344,33.0,0.0,0.0,,-0.008500850530088465
Detroit Red Wings,1970,80.0,1507.4724497955838,95.0,93.49023117263995,1.50976882736004,0.018872110342000502,10.48596682538409,0.13107458531730112,42.379488049403335,40.0,4.0,-3.593296205052985,-0.8983240512632462,0.18525346092680361
Detroit Red Wings,1971,78.0,1469.2781205629083,55.0,87.28690401206914,-32.28690401206913,-0.4139346668213991,-23.78149433212528,-0.30489095297596513,39.19855679201989,22.0,0.0,0.0,,-0.30489095297596513
Detroit Red Wings,1972,78.0,1448.5212760516479,76.0,80.65195944765377,-4.65195944765377,-0.0596405057391509,3.8947401824623826,0.04993256644182542,35.4826219068929,33.0,0.0,0.0,,0.04993256644182542
Detroit Red Wings,1973,78.0,1488.5837636425713,86.0,90.09870802780785,-4.098708027807814,-0.0525475388180489,4.481837324423848,0.057459452877228825,40.762815409408596,37.0,0.0,0.0,,0.057459452877228825
Detroit Red Wings,1974,78.0,1467.9349259039097,68.0,83.18417247807847,-15.184172478078487,-0.19466887792408316,-6.676273217596522,-0.08559324637944259,36.873261937805445,29.0,0.0,0.0,,-0.08559324637944259
Detroit Red Wings,1975,80.0,1438.335322118509,58.0,81.19037582629149,-23.190375826291493,-0.28987969782864365,-14.774891674462033,-0.18468614593077542,35.54944156397831,23.0,0.0,0.0,,-0.18468614593077542
Detroit Red Wings,1976,80.0,1423.086038747968,62.0,75.80059837432132,-13.80059837432133,-0.17250747967901664,-5.112113397553338,-0.06390141746941672,32.58292011779791,26.0,0.0,0.0,,-0.06390141746941672
Detroit Red Wings,1977,80.0,1418.9100442415559,41.0,74.27033798676479,-33.27033798676477,-0.41587922483455964,-24.561402515532617,-0.3070175314441577,31.742940306560918,16.0,0.0,0.0,,-0.3070175314441577
Detroit Red Wings,1978,87.0,1426.4862542345227,84.0,78.12023984167763,5.879760158322377,0.0675834500956595,15.101293390451158,0.17357808494771446,33.09735872452297,35.0,7.0,2.573194493799262,0.36759921339989454,0.15660123620814864
Detroit Red Wings,1979,80.0,1455.7464656797513,62.0,79.5713530581624,-17.57135305816239,-0.2196419132270299,-9.117652937532831,-0.1139706617191604,34.62709526190786,23.0,0.0,0.0,,-0.1139706617191604
Detroit Red Wings,1980,80.0,1458.6802659617379,63.0,85.35877088113665,-22.358770881136657,-0.2794846360142082,-13.83836456945734,-0.17297955711821675,37.83232939160909,26.0,0.0,0.0,,-0.17297955711821675
Detroit Red Wings,1981,80.0,1424.5475950241876,56.0,76.61451276430628,-20.614512764306273,-0.2576814095538284,-11.81281144010287,-0.14766014300128588,32.94927543656224,19.0,0.0,0.0,,-0.14766014300128588
Detroit Red Wings,1982,80.0,1416.1211945193286,54.0,75.08615697737955,-21.086156977379538,-0.26357696221724425,-12.62219832525619,-0.15777747906570236,32.0868822515717,21.0,0.0,0.0,,-0.15777747906570236
Detroit Red Wings,1983,80.0,1406.5198893916447,57.0,71.56774142748114,-14.56774142748114,-0.18209676784351425,-5.722084590303149,-0.07152605737878936,30.181516004659144,21.0,0.0,0.0,,-0.07152605737878936
Detroit Red Wings,1984,84.0,1430.7156644222948,74.0,80.61984843748553,-6.619848437485537,-0.07880771949387544,0.02991371285963984,0.00035611562928142666,34.69522141578475,32.0,4.0,0.07000413288424667,0.017501033221061668,-0.0005011302503075798
Detroit Red Wings,1985,83.0,1441.3916200776832,68.0,81.7851466358742,-13.7851466358742,-0.16608610404667712,-7.064298980254432,-0.0851120359066799,35.445304427172246,27.0,3.0,-2.4221968771645415,-0.8073989590548472,-0.05802627628862363
Detroit Red Wings,1986,80.0,1403.2988836342563,45.0,70.69769982834916,-25.697699828349165,-0.32122124785436457,-19.474405902521866,-0.24343007378152332,29.726940898973606,17.0,0.0,0.0,,-0.24343007378152332
Detroit Red Wings,1987,96.0,1440.9560002876049,102.0,92.39072044386484,9.609279556135156,0.10009666204307455,17.256863042875597,0.17975899002995413,39.769566188552645,43.0,16.0,4.438328611970952,0.2773955382481845,0.1602316803863081
Detroit Red Wings,1988,96.0,1510.859576730488,116.0,111.54708934917818,4.452910650821812,0.04638448594606054,12.59148398625874,0.13116129152352854,50.475568568658716,50.0,16.0,1.9647690274646896,0.1227980642165431,0.13283393698492568
Detroit Red Wings,1989,86.0,1514.995501003545,86.0,102.65499852411915,-16.654998524119133,-0.19366277353626898,-9.82983427565124,-0.11430039855408419,46.747902154796066,36.0,6.0,-1.8849142301313813,-0.3141523716885635,-0.09931150056899822
Detroit Red Wings,1990,80.0,1469.2221383907843,71.0,83.03918571647037,-12.039185716470353,-0.1504898214558794,-5.740311630289094,-0.07175389537861368,36.440992724029655,28.0,0.0,0.0,,-0.07175389537861368
Detroit Red Wings,1991,87.0,1481.778219492386,86.0,91.51102966481814,-5.511029664818137,-0.06334516856112801,1.2977887445993725,0.01491711200688934,40.340048134578105,37.0,7.0,0.5183047640724915,0.07404353772464164,0.009743549756585989
Detroit Red Wings,1992,91.0,1522.6981820960245,107.0,106.67188389014665,0.32811610985336337,0.0036056715368501468,7.792427205245267,0.08563106818950843,48.35237087485207,47.0,11.0,-4.736971445346647,-0.4306337677587861,0.15661748313239893
Detroit Red Wings,1993,91.0,1540.4503925770618,111.0,113.18675279580415,-2.1867527958041535,-0.024030250503342346,4.381454407450642,0.048147850631325734,52.05354869976599,50.0,7.0,-0.5650270951663137,-0.08071815645233052,0.05888668455496372
Detroit Red Wings,1994,91.0,1558.6268686479054,108.0,119.23720504639118,-11.237205046391182,-0.12348576974056244,-4.348710746673103,-0.04778803018322092,55.525595181637094,49.0,7.0,-3.9910042024686896,-0.5701434574955271,-0.004258411240528755
Detroit Red Wings,1995,66.0,1574.7987618988755,94.0,88.14833492740556,5.85166507259445,0.08866159200900682,11.41637721873393,0.17297541240505954,41.23562056201932,45.0,18.0,0.884567740013791,0.04914265222298839,0.21941269747333625
Detroit Red Wings,1996,101.0,1615.992207827366,154.0,142.34680631600796,11.653193683992042,0.11537815528704992,19.664797338055372,0.19470096374312248,67.38380499972176,72.0,19.0,-4.775162063567939,-0.2513243191351547,0.2980482853856502
Detroit Red Wings,1997,102.0,1586.847625183028,128.0,134.12943064737064,-6.1294306473706115,-0.06009245732716286,1.8754256164374516,0.018386525651347563,62.53899714308758,54.0,20.0,9.224654026697872,0.4612327013348936,-0.08962473671049295
Detroit Red Wings,1998,104.0,1585.7869664179327,136.0,136.23234642080772,-0.2323464208077084,-0.0022341002000741193,8.530623079425776,0.08202522191755554,63.443808508703874,60.0,22.0,7.340727280611832,0.33366942184599235,0.014510924375779792
Detroit Red Wings,1999,92.0,1561.9799646167958,106.0,118.30262607327143,-12.30262607327142,-0.1337241964486024,-4.771206055075786,-0.05186093538125854,54.852844383601415,49.0,10.0,0.40997770470342176,0.04099777047034218,-0.06318516780218547
Detroit Red Wings,2000,91.0,1565.5941792399594,119.0,116.152643864542,2.847356135458019,0.03128962786217603,8.810251823288693,0.09681595410207355,53.760598762138336,53.0,9.0,0.5534417514757354,0.06149352794174837,0.10069280575381655
Detroit Red Wings,2001,88.0,1558.8468589576403,117.0,112.78844263932265,4.211557360677346,0.047858606371333476,9.380975837345767,0.10660199815165644,52.26007559721124,51.0,6.0,-1.5673755834190517,-0.2612292639031753,0.1335164807410344
Detroit Red Wings,2002,105.0,1588.3535698923858,152.0,138.81597936834868,13.18402063165133,0.1255621012538222,19.802617140051346,0.18859635371477473,64.78010352238961,67.0,23.0,8.439026261259928,0.3669141852721708,0.13858037657062705
Detroit Red Wings,2003,86.0,1583.974448147854,112.0,113.69154697330559,-1.6915469733055681,-0.01966915085239033,2.4730816046222506,0.028756762844444773,53.05188617353229,48.0,4.0,-3.3142362897704296,-0.8285590724426074,0.07057704749259365
Detroit Red Wings,2004,94.0,1577.1384380574445,123.0,122.71771794907639,0.28228205092362635,0.0030030005417407057,5.335791316702402,0.056763737411727674,57.09836086633115,54.0,12.0,-1.3357250974215968,-0.11131042478513307,0.0813599562698049
Detroit Red Wings,2006,88.0,1587.6146346433438,129.0,118.54976914885609,10.4502308511439,0.1187526233084534,10.552380360561699,0.11991341318820113,55.557593892251404,60.0,6.0,-3.3483877277037237,-0.558064621283954,0.1695215620520174
Detroit Red Wings,2007,100.0,1578.412686811726,135.0,129.08573381679042,5.914266183209609,0.059142661832096086,6.144779331544512,0.061447793315445115,59.906506961493875,60.0,18.0,0.5977197949144732,0.03320665527302629,0.06764706751987852
Detroit Red Wings,2008,104.0,1593.724553192045,148.0,138.2709374227037,9.729062577296329,0.09354867862784931,10.452659013448077,0.10050633666776997,64.59979579889858,70.0,22.0,4.578713385153463,0.2081233356887938,0.07163348327188551
Detroit Red Wings,2009,105.0,1595.5464981568482,144.0,139.63912873203483,4.36087126796515,0.04153210731395381,4.711087393334392,0.04486749898413706,65.24924615367705,66.0,23.0,2.3075974298876747,0.10033032303859456,0.029310853212764887
Detroit Red Wings,2010,94.0,1548.355421191125,113.0,113.15008486238911,-0.15008486238910113,-0.00159664747222448,-0.5652741775814931,-0.006013555080654182,51.62483128582634,49.0,12.0,-2.4976819065371836,-0.20814015887809864,0.023565947914093787
Detroit Red Wings,2011,93.0,1552.3238772779853,120.0,112.50989763397627,7.490102366023747,0.0805387351185349,7.083798543619848,0.07616987681311664,51.382993233723816,54.0,11.0,3.9483877790879407,0.3589443435534492,0.038236716640632995
Detroit Red Wings,2012,87.0,1560.6107938233308,104.0,108.20254540255445,-4.202545402554439,-0.04830511956959126,-4.81208108493265,-0.05531127683830633,49.77288102169144,49.0,5.0,-3.2471782798010587,-0.6494356559602117,-0.01908418055038527
Detroit Red Wings,2013,62.0,1524.0110556638617,72.0,69.8984983798046,2.1015016201954047,0.03389518742250653,2.0606248426044966,0.033235884558137044,31.37464548769059,31.0,14.0,1.7628296868158455,0.12591640620113181,0.00620406574559688
Detroit Red Wings,2014,87.0,1506.9502762242973,96.0,96.50241934733718,-0.5024193473371739,-0.0057749350268640675,-1.3349648022113463,-0.01534442301392352,43.14151970876395,40.0,5.0,-1.0817016391796561,-0.2163403278359312,-0.0030885751589230506
Detroit Red Wings,2015,89.0,1516.356133525624,107.0,101.06804660473219,5.9319533952678,0.06665116174458202,5.310347697031325,0.05966682805653174,45.4353747493494,46.0,7.0,0.07095833677729657,0.01013690525389951,0.06389499219821987
Detroit Red Wings,2016,87.0,1502.070913782515,95.0,96.40772203542288,-1.4077220354228888,-0.016180713050837802,-0.9921164921951504,-0.011403637841323568,43.07271331489448,42.0,5.0,-2.6668476024416976,-0.5333695204883395,0.020423550124957925
Detroit Red Wings,2017,82.0,1479.8599331649903,79.0,85.96626299806982,-6.966262998069823,-0.08495442680572955,-7.260085301630051,-0.08853762562963477,37.85361959668053,33.0,0.0,0.0,,-0.08853762562963477
Detroit Red Wings,2018,82.0,1464.4083488285355,73.0,83.20554057192409,-10.20554057192408,-0.12445781185273269,-9.924460150951523,-0.12103000184087223,36.312307461597605,30.0,0.0,0.0,,-0.12103000184087223
Detroit Red Wings,2019,82.0,1449.2687384026353,74.0,79.68896405617018,-5.688964056170191,-0.06937761044109989,-4.843540418419122,-0.05906756607828198,34.3769022454861,32.0,0.0,0.0,,-0.05906756607828198
Detroit Red Wings,2020,71.0,1411.7419799336521,39.0,63.374407881265384,-24.37440788126539,-0.34330151945444215,-24.23431775132129,-0.34132841903269423,26.687739694068643,17.0,0.0,0.0,,-0.34132841903269423
Detroit Red Wings,2021,56.0,1405.6328922706448,48.0,46.84264214318354,1.1573578568164562,0.020667104586008147,1.175734102217637,0.020995251825314948,19.328668012940817,19.0,0.0,0.0,,0.020995251825314948
Detroit Red Wings,2022,82.0,1436.1841507160605,74.0,76.63523667791986,-2.6352366779198633,-0.03213703265755931,-2.0041999102314163,-0.02444146231989532,32.712438844485995,32.0,0.0,0.0,,-0.02444146231989532
Detroit Red Wings,2023,82.0,1455.8693277619345,80.0,81.30053211912521,-1.3005321191252097,-0.015860147794209873,-1.3734995924799296,-0.016749995030243044,35.257801605381694,35.0,0.0,0.0,,-0.016749995030243044
Edmonton Oilers,1980,83.0,1391.902869412668,71.0,73.07356272339221,-2.073562723392208,-0.024982683414363948,6.766358824975083,0.08152239548162751,30.714666033819412,28.0,3.0,0.43266208192008937,0.14422069397336312,0.07917120928818742
Edmonton Oilers,1981,89.0,1449.910495624631,85.0,87.65588250838537,-2.6558825083853788,-0.02984137649871212,7.136010214790909,0.08017989005383044,38.01426139490393,34.0,9.0,5.018758638518316,0.5576398487242573,0.026465644703407405
Edmonton Oilers,1982,85.0,1549.39623517408,116.0,109.04320150374654,6.956798496253446,0.08184468819121701,15.949754564134505,0.18764417134275888,50.568082749995376,50.0,5.0,-1.9715192904255905,-0.3943038580851181,0.22401592318200123
Edmonton Oilers,1983,96.0,1576.509248240105,128.0,126.63750926856815,1.3624907314318504,0.014192611785748441,11.977278936045437,0.1247633222504733,59.085956715672516,58.0,16.0,1.7350992008301658,0.10844370005188536,0.12802724669019092
Edmonton Oilers,1984,99.0,1616.2372521665068,151.0,139.89072431974606,11.10927568025395,0.112214905861151,18.94649535744648,0.19137874098430788,66.26544402193295,72.0,19.0,6.248303629897051,0.3288580857840553,0.15872739659436788
Edmonton Oilers,1985,98.0,1625.3538754688323,140.0,138.87392192478055,1.1260780752194741,0.011490592604280349,9.061536752939203,0.09246466074427757,65.83177689086786,64.0,18.0,6.711886926409741,0.3728826070227634,0.029370622831618242
Edmonton Oilers,1986,90.0,1621.192774625041,133.0,127.34837678816415,5.651623211835849,0.06279581346484277,12.652828878391556,0.14058698753768395,60.336283752553314,62.0,10.0,-1.758009682888358,-0.1758009682888358,0.18013548201599894
Edmonton Oilers,1987,101.0,1602.7491620364492,141.0,139.59376788652017,1.4062321134798315,0.01392309023247358,9.452127240154676,0.09358541821935322,65.80811283611041,66.0,21.0,3.862263639106522,0.1839173161479296,0.06987329501310195
Edmonton Oilers,1988,99.0,1592.0958419034691,134.0,132.188892127004,1.8111078729960242,0.01829401891915176,10.204011625165359,0.10307082449661979,61.83005451677428,60.0,19.0,9.268974887893526,0.4878407835733435,0.011687959215897903
Edmonton Oilers,1989,87.0,1569.2374534831858,93.0,110.39001651292354,-17.39001651292353,-0.1998852472749831,-10.48548988947346,-0.12052287229279839,51.01938495714724,41.0,7.0,-1.5414177567012386,-0.22020253667160553,-0.11180090165965273
Edmonton Oilers,1990,102.0,1540.6591654456133,124.0,121.9314024618653,2.0685975381347035,0.020280368020928464,10.09966199801581,0.09901629409819421,55.54528262071588,54.0,22.0,8.706056527668569,0.3957298421667531,0.017420068379340493
Edmonton Oilers,1991,98.0,1538.7066856153988,105.0,114.0438559170454,-9.043855917045391,-0.09228424405148358,-1.3741524213796945,-0.01402196348346627,51.62188759474415,46.0,18.0,3.0861788684492417,0.17145438158051343,-0.05575414112286172
Edmonton Oilers,1992,96.0,1507.3100476792551,101.0,109.01081818864385,-8.010818188643864,-0.08344602279837358,-0.13638010998866745,-0.001420626145715286,49.01057573942137,44.0,16.0,1.1659940719984276,0.07287462949990173,-0.01627967727483869
Edmonton Oilers,1993,84.0,1463.1971258427068,64.0,88.82573496648163,-24.82573496648164,-0.2955444638866862,-18.76277447116952,-0.2233663627520181,39.24364756297488,26.0,0.0,0.0,,-0.2233663627520181
Edmonton Oilers,1994,84.0,1418.1822509060144,70.0,79.876759182464,-9.876759182464014,-0.11758046645790492,-3.5181490596473277,-0.041882726900563425,34.29613078224317,25.0,0.0,0.0,,-0.041882726900563425
Edmonton Oilers,1995,48.0,1440.0077962359883,40.0,47.72776897444398,-7.727768974443984,-0.160995186967583,-3.6807055954334533,-0.07668136657153028,20.71073026681895,17.0,0.0,0.0,,-0.07668136657153028
Edmonton Oilers,1996,82.0,1436.1860568359089,70.0,80.24866028467615,-10.248660284676145,-0.12498366200824568,-3.7441899912781915,-0.045660853552173065,34.69477015935123,30.0,0.0,0.0,,-0.045660853552173065
Edmonton Oilers,1997,94.0,1477.6545485597117,98.0,97.87770487957168,0.12229512042830437,0.0013010119194500464,7.499319520408282,0.07977999489796045,43.05555604295542,41.0,12.0,1.5063176102477014,0.12552646752064178,0.07308538914829978
Edmonton Oilers,1998,94.0,1482.0285440398807,94.0,98.46763053683551,-4.467630536835528,-0.04752798443442051,3.4527457422216608,0.03673133768320916,43.360167355475106,40.0,12.0,1.9877990633285578,0.16564992194404649,0.017865203401135406
Edmonton Oilers,1999,86.0,1501.571181771998,84.0,96.1271935469232,-12.127193546923184,-0.14101387845259516,-5.0869530951316175,-0.05915061738525137,43.051154330777905,33.0,4.0,-1.9778689302088996,-0.4944672325522249,-0.03791566054783804
Edmonton Oilers,2000,87.0,1494.5210387476047,90.0,96.306454184981,-6.306454184981003,-0.07248797913771268,-0.6056638021099173,-0.006961652897815141,43.030669927809754,33.0,5.0,-2.0987388322558993,-0.41974776645117984,0.018208232074951
Edmonton Oilers,2001,88.0,1506.0343444770697,100.0,99.3339364000776,0.6660635999223921,0.007568904544572637,5.835482076590814,0.06631229632489562,44.61608818618558,41.0,6.0,1.5325096712682942,0.2554182785447157,0.05247527323564047
Edmonton Oilers,2002,82.0,1522.4706308047707,92.0,96.86859224997731,-4.868592249977306,-0.05937307621923544,0.3002164518208036,0.0036611762417171167,44.00367778551911,38.0,0.0,0.0,,0.0036611762417171167
Edmonton Oilers,2003,88.0,1515.4009918287904,96.0,99.59800055400254,-3.5980005540025335,-0.04088636993184697,0.6634798513189528,0.0075395437649881,44.74067061637617,38.0,6.0,-1.2194384599136838,-0.2032397433189473,0.022962418429666297
Edmonton Oilers,2004,82.0,1504.443245690259,89.0,91.50393522198287,-2.5039352219828643,-0.030535795390034932,1.9044452013560678,0.023224941479952046,40.96580793756302,36.0,0.0,0.0,,0.023224941479952046
Edmonton Oilers,2006,106.0,1523.632958422039,126.0,117.87538323644495,8.124616763555048,0.07664732795806649,8.247660490808306,0.0778081178378142,52.738458290237546,56.0,24.0,6.796139202317501,0.2831724667632292,0.017701479127936643
Edmonton Oilers,2007,82.0,1507.653649987142,71.0,90.9814787330068,-19.98147873300681,-0.2436765699147172,-19.792457951372185,-0.2413714384313681,40.68649709927416,32.0,0.0,0.0,,-0.2413714384313681
Edmonton Oilers,2008,82.0,1464.3419205585112,88.0,82.12185807253825,5.878141927461757,0.07168465765197264,6.448669886735249,0.07864231569189328,35.69133726346277,41.0,0.0,0.0,,0.07864231569189328
Edmonton Oilers,2009,82.0,1491.5705897979894,85.0,88.42012267374061,-3.4201226737406234,-0.04170881309439785,-3.146620556785595,-0.03837342142421457,39.218165319290186,38.0,0.0,0.0,,-0.03837342142421457
Edmonton Oilers,2010,82.0,1460.4057916352406,62.0,81.4252231620071,-19.425223162007097,-0.23689296539033045,-19.787409585898335,-0.24130987299876017,35.33353252108042,27.0,0.0,0.0,,-0.24130987299876017
Edmonton Oilers,2011,82.0,1432.1244533598983,62.0,75.96862972899467,-13.968629728994683,-0.17034914303652052,-14.32687611003898,-0.17471800134193877,32.329062714180594,25.0,0.0,0.0,,-0.17471800134193877
Edmonton Oilers,2012,82.0,1446.977325082841,74.0,79.069780297459,-5.069780297459,-0.061826588993402445,-5.644285193493638,-0.06883274626211754,34.01637817965859,32.0,0.0,0.0,,-0.06883274626211754
Edmonton Oilers,2013,48.0,1457.2590060200537,45.0,47.467588301954294,-2.4675883019542946,-0.051408089624047804,-2.499234839444032,-0.05206739248841733,20.557569004561635,19.0,0.0,0.0,,-0.05206739248841733
Edmonton Oilers,2014,82.0,1445.0782771533272,67.0,78.27237050026741,-11.272370500267408,-0.13746793293009035,-12.057068515206282,-0.14703742091714977,33.596651243331344,29.0,0.0,0.0,,-0.14703742091714977
Edmonton Oilers,2015,82.0,1416.5856735611778,62.0,73.24290960619263,-11.242909606192631,-0.13710865373405648,-11.81562496861275,-0.14409298742210672,30.8505175075741,24.0,0.0,0.0,,-0.14409298742210672
Edmonton Oilers,2016,82.0,1431.7969245960053,70.0,76.48468923968389,-6.484689239683891,-0.07908157609370599,-6.09296907250372,-0.07430450088419172,32.60013837705297,31.0,0.0,0.0,,-0.07430450088419172
Edmonton Oilers,2017,95.0,1487.5889516856703,120.0,100.78979684305958,19.21020315694045,0.2022126648098995,18.86979926866946,0.19862946598599432,44.53182235430319,54.0,13.0,3.5427077060342507,0.27251597738725003,0.18691575076384395
Edmonton Oilers,2018,82.0,1495.1558321777427,78.0,89.42272386816171,-11.422723868161714,-0.13930151058733797,-11.141643447189155,-0.1358737005754775,39.78366821241887,36.0,0.0,0.0,,-0.1358737005754775
Edmonton Oilers,2019,82.0,1478.8607588787243,79.0,86.3078800535518,-7.307880053551788,-0.08912048845794864,-6.462456415800719,-0.07881044409513072,38.04245357489341,35.0,0.0,0.0,,-0.07881044409513072
Edmonton Oilers,2020,75.0,1486.88104063338,85.0,80.40696653778872,4.593033462211277,0.061240446162817035,4.741015993842376,0.06321354658456502,35.58728687964432,38.0,4.0,-2.494500679642028,-0.623625169910507,0.10190868554203386
Edmonton Oilers,2021,60.0,1512.5240956073233,75.0,69.67543268361247,5.324567316387558,0.0887427886064593,5.344256150745966,0.0890709358457661,31.451402776075476,35.0,4.0,-1.5742112578911227,-0.3935528144727807,0.12354406086851943
Edmonton Oilers,2022,98.0,1530.582586807921,122.0,113.93189987408947,8.068100125910522,0.08232755230520941,8.82226601900159,0.09002312264287338,51.53516896195039,57.0,16.0,-0.0836765986945387,-0.0052297874184086685,0.10860905631336744
Edmonton Oilers,2023,94.0,1551.2051149193671,123.0,114.69504796778322,8.304952032216766,0.08835055353422092,8.221306392029652,0.08746070629818778,52.50845131218109,56.0,12.0,-0.6197281575090883,-0.05164401312575736,0.10781749450656998
Florida Panthers,1994,84.0,1416.6135741431513,88.0,78.23830424837533,9.761695751624664,0.11621066370981743,16.12030587444135,0.1919084032671589,33.4038722229705,33.0,0.0,0.0,,0.1919084032671589
Florida Panthers,1995,48.0,1459.421569059931,49.0,49.21961675996684,-0.2196167599668435,-0.004575349165975906,3.827446619043685,0.07973847123007677,21.55436311941242,20.0,0.0,0.0,,0.07973847123007677
Florida Panthers,1996,104.0,1516.1217059778942,120.0,116.38294777551667,3.6170522244833263,0.03477934831233968,11.86662430391488,0.11410215676841232,52.1489958334557,53.0,22.0,4.939737615662529,0.22453352798466042,0.08447422790551647
Florida Panthers,1997,87.0,1535.6168032409666,97.0,105.50316354345038,-8.503163543450361,-0.09773751199368232,-1.6754920243199556,-0.019258529015171902,48.21654912731665,36.0,5.0,-1.0586534399549699,-0.21173068799099398,-0.007522421760548609
Florida Panthers,1998,82.0,1476.1533220378954,65.0,86.4471082785757,-21.44710827857569,-0.2615501009582401,-14.537843864930057,-0.17729077884061045,38.11586171418174,24.0,0.0,0.0,,-0.17729077884061045
Florida Panthers,1999,82.0,1472.1475533922746,80.0,85.45926271400857,-5.459262714008572,-0.06657637456108015,1.2535246935136224,0.015286886506263688,37.57523415878247,30.0,0.0,0.0,,0.015286886506263688
Florida Panthers,2000,86.0,1506.8462009905181,98.0,99.73715486921854,-1.7371548692185435,-0.020199475223471434,3.8981091874126403,0.04532685101642605,45.09986918742146,43.0,4.0,-3.767660930759711,-0.9419152326899277,0.09348500144112624
Florida Panthers,2001,82.0,1460.1798297730754,66.0,86.0510505406408,-20.05105054064081,-0.2445250065931806,-15.234092414654318,-0.18578161481285754,37.93618575184028,22.0,0.0,0.0,,-0.18578161481285754
Florida Panthers,2002,82.0,1428.370604694088,60.0,79.29694643237977,-19.29694643237977,-0.23532861502902158,-14.128137730581658,-0.172294362568069,34.17167197142931,22.0,0.0,0.0,,-0.172294362568069
Florida Panthers,2003,82.0,1425.805087847457,70.0,77.650501638402,-7.650501638402004,-0.09329880046831712,-3.679576715261527,-0.04487288677148203,33.262215132234196,24.0,0.0,0.0,,-0.04487288677148203
Florida Panthers,2004,82.0,1436.9855602638104,75.0,79.58279409690796,-4.582794096907955,-0.055887732889121404,-0.17441367356902426,-0.002126996019134442,34.32269088918579,28.0,0.0,0.0,,-0.002126996019134442
Florida Panthers,2006,82.0,1450.7666563385374,85.0,82.32282835089994,2.6771716491000674,0.03264843474512277,2.772356419239383,0.03380922462487052,35.83943499867319,37.0,0.0,0.0,,0.03380922462487052
Florida Panthers,2007,82.0,1465.2346712034,86.0,84.40591939063764,1.5940806093623676,0.019440007431248386,1.783101390996986,0.021745138914597388,36.96719890687525,35.0,0.0,0.0,,0.021745138914597388
Florida Panthers,2008,82.0,1481.7128184150258,85.0,88.83262060857247,-3.8326206085724643,-0.046739275714298346,-3.262092649298971,-0.0397816176743777,39.435988668456545,38.0,0.0,0.0,,-0.0397816176743777
Florida Panthers,2009,82.0,1489.7207013861107,93.0,89.46890138175209,3.5310986182479187,0.04306217827131608,3.8046007352029463,0.04639756994149934,39.78581957616332,41.0,0.0,0.0,,0.04639756994149934
Florida Panthers,2010,82.0,1485.8228381781523,77.0,88.34149547688385,-11.341495476883848,-0.13831092044980303,-11.703681900775088,-0.14272782805823278,39.16572192822904,32.0,0.0,0.0,,-0.14272782805823278
Florida Panthers,2011,82.0,1468.7791217583451,72.0,84.99744394823978,-12.99744394823976,-0.1585054140029239,-13.355690329284057,-0.16287427230834217,37.3069448578047,30.0,0.0,0.0,,-0.16287427230834217
Florida Panthers,2012,89.0,1470.012323283229,102.0,91.34410846300729,10.655891536992703,0.11972911839317645,10.032343540077063,0.11272296112446138,39.97489566037619,41.0,7.0,1.3891897404093423,0.1984556772013346,0.10540431463009416
Florida Panthers,2013,48.0,1452.419620995218,36.0,47.69789374918649,-11.697893749186496,-0.24370611977471868,-11.729540286676237,-0.24436542263908825,20.68635564827001,15.0,0.0,0.0,,-0.24436542263908825
Florida Panthers,2014,82.0,1439.0031498760534,66.0,78.13221660027908,-12.132216600279074,-0.14795386097901309,-12.91691461521795,-0.15752334896607256,33.48975176581877,29.0,0.0,0.0,,-0.15752334896607256
Florida Panthers,2015,82.0,1450.4341437818507,91.0,80.14577602741332,10.854223972586686,0.13236858503154494,10.281508610166565,0.1253842513434947,34.613950602813375,38.0,0.0,0.0,,0.1253842513434947
Florida Panthers,2016,88.0,1505.607012652958,110.0,99.0155326752301,10.984467324769899,0.12482349232693067,11.40484994320715,0.1296005675364449,44.410183412009815,49.0,6.0,0.25797509940495184,0.042995849900825306,0.13593749809514882
Florida Panthers,2017,82.0,1499.2121682373097,81.0,90.20238348688144,-9.202383486881441,-0.11222418886440783,-9.496205790441671,-0.11580738768831306,40.21867815209701,35.0,0.0,0.0,,-0.11580738768831306
Florida Panthers,2018,82.0,1486.6080657141363,96.0,87.99651527507581,8.003484724924197,0.09760347225517314,8.284565145896755,0.10103128226703359,38.96424324340211,44.0,0.0,0.0,,0.10103128226703359
Florida Panthers,2019,82.0,1498.7465899184162,86.0,90.15184157488595,-4.151841574885959,-0.05063221432787755,-3.306417937134891,-0.04032216996505965,40.17742381401638,36.0,0.0,0.0,,-0.04032216996505965
Florida Panthers,2020,73.0,1506.5399999729084,80.0,81.58417546360684,-1.5841754636068417,-0.021701033748038927,-1.4401391328192426,-0.019727933326290994,36.509135386662514,36.0,4.0,-2.3653311759785782,-0.5913327939946446,0.013408580335642548
Florida Panthers,2021,62.0,1521.4413679040297,83.0,71.09144573560854,11.908554264391457,0.19207345587728156,11.928899393228477,0.19240160311658833,32.00876852179578,39.0,6.0,-2.243619793984458,-0.373936632330743,0.25308069977165953
Florida Panthers,2022,92.0,1571.4465836498912,130.0,117.5435557491885,12.456444250811515,0.13539613316099472,13.164436721876598,0.14309170349865868,54.411434841893026,62.0,10.0,-3.956669185888889,-0.3956669185888889,0.208793974484945
Florida Panthers,2023,103.0,1541.8434046094933,118.0,118.04569004272234,-0.04569004272234001,-0.0004435926477897088,-0.13734430803375874,-0.0013334398838229003,53.24696160006147,55.0,21.0,5.927602046854819,0.28226676413594376,-0.07396276042547047
Los Angeles Kings,1968,81.0,1385.0862957958234,79.0,84.99333738598914,-5.9933373859891255,-0.07399181958011267,2.5011146393237156,0.030877958510169327,37.48409861396357,34.0,7.0,-0.48768596811047127,-0.0696694240157816,0.040389197397759286
Los Angeles Kings,1969,87.0,1402.9722196846083,66.0,85.01025153727238,-19.010251537272378,-0.2185086383594526,-9.38192866250944,-0.10783826048861425,36.765920242087844,28.0,11.0,-0.7804174971504226,-0.07094704519549297,-0.11317777849156604
Los Angeles Kings,1970,76.0,1367.9878774012004,38.0,64.73236840781594,-26.732368407815937,-0.35174168957652546,-18.20498030969309,-0.23953921460122488,26.912288367388815,14.0,0.0,0.0,,-0.23953921460122488
Los Angeles Kings,1971,78.0,1389.0577205897284,63.0,71.30607417126028,-8.306074171260288,-0.10648813040077293,0.19933550868356553,0.0025555834446610967,30.3029555426688,25.0,0.0,0.0,,0.0025555834446610967
Los Angeles Kings,1972,78.0,1396.866210882292,49.0,70.5253118244135,-21.525311824413496,-0.27596553621042946,-12.978612194297344,-0.16639246402945312,29.880355982128464,20.0,0.0,0.0,,-0.16639246402945312
Los Angeles Kings,1973,78.0,1434.318756914454,73.0,79.39773967698379,-6.397739676983815,-0.08202230355107455,2.182805675247847,0.027984688144203167,34.748283432818766,31.0,0.0,0.0,,0.027984688144203167
Los Angeles Kings,1974,83.0,1454.924012725004,80.0,84.93701566135277,-4.93701566135278,-0.05948211640184073,4.116261756852383,0.0495935151427998,37.27036002020734,34.0,5.0,-0.8934826878238942,-0.17869653756477882,0.06422749288046511
Los Angeles Kings,1975,83.0,1534.2680748372811,108.0,104.69247086582827,3.3075291341717437,0.03984974860447884,12.038593941694801,0.145043300502347,48.353584722450194,43.0,3.0,-0.7851273337053055,-0.2617091112351018,0.16029651594250138
Los Angeles Kings,1976,89.0,1519.2852726365077,95.0,104.4078559326576,-9.407855932657593,-0.10570624643435499,0.25808360399679764,0.0028998157752449173,47.43529230773636,43.0,9.0,2.92812710175183,0.32534745575020335,-0.033375543721937885
Los Angeles Kings,1977,89.0,1509.5134091085436,91.0,101.14928784102744,-10.149287841027434,-0.11403694203401611,-0.46059712928166263,-0.005175248643614187,45.59526034047424,38.0,9.0,-0.3035140867008215,-0.03372378741120238,-0.00196353803226052
Los Angeles Kings,1978,82.0,1518.38123991792,77.0,95.63984266686933,-18.63984266686933,-0.22731515447401623,-9.948282609000824,-0.12132051962196126,43.40965011706637,31.0,2.0,-1.8442879565270434,-0.9221439782635217,-0.10129993315592227
Los Angeles Kings,1979,82.0,1494.2836929589512,81.0,90.1344567574448,-9.1344567574448,-0.11139581411518049,-0.46941413379949803,-0.005724562607310951,40.285907119199415,34.0,2.0,-0.8326894640046959,-0.41634473200234795,0.0045409416275649485
Los Angeles Kings,1980,84.0,1485.5620720310455,77.0,93.74135938048474,-16.741359380484734,-0.19930189738672302,-7.79493275322145,-0.09279681849073154,42.0475652246154,31.0,4.0,0.2783118577824628,0.0695779644456157,-0.10091555763754892
Los Angeles Kings,1981,84.0,1511.6345259923498,101.0,99.04093456541193,1.9590654345880718,0.023322207554619903,11.200851825001644,0.13334347410716244,44.983260898282616,44.0,4.0,-2.1634206198891466,-0.5408551549722866,0.16705340556113488
Los Angeles Kings,1982,90.0,1472.5314622108033,73.0,94.62944868700744,-21.62944868700744,-0.240327207633416,-12.107495203368671,-0.13452772448187414,41.769854022327266,28.0,10.0,2.585061473029497,0.2585061473029497,-0.18365695845497712
Los Angeles Kings,1983,80.0,1462.5462724715987,66.0,82.08002671935867,-16.08002671935868,-0.20100033399198353,-7.2343698821806885,-0.09042962352725861,35.975907147973224,27.0,0.0,0.0,,-0.09042962352725861
Los Angeles Kings,1984,80.0,1445.293693021335,62.0,77.54627976897305,-15.546279768973061,-0.19432849711216327,-9.213172959120513,-0.1151646619890064,33.46177621146727,23.0,0.0,0.0,,-0.1151646619890064
Los Angeles Kings,1985,83.0,1473.6660479308046,86.0,84.75250811925689,1.2474918807431166,0.01503002265955562,7.968339536362887,0.09600409079955285,37.14220245971864,34.0,3.0,0.19510428848784667,0.06503476282928222,0.09716544059843801
Los Angeles Kings,1986,80.0,1446.7319835685753,57.0,77.43346306233164,-20.433463062331636,-0.2554182882791455,-14.210169136504343,-0.17762711420630428,33.41472254705775,23.0,0.0,0.0,,-0.17762711420630428
Los Angeles Kings,1987,85.0,1455.752068907422,74.0,82.12659687427586,-8.126596874275876,-0.09560702205030443,-1.3552989953911085,-0.015944694063424806,35.40363899977139,32.0,5.0,-0.9792952691577758,-0.19585905383155516,-0.004700046577916672
Los Angeles Kings,1988,85.0,1454.3275055914264,73.0,81.5948736460462,-8.594873646046198,-0.10111616054171997,-1.3888451719614139,-0.01633935496425193,35.08228533248437,31.0,5.0,-1.2322728350411278,-0.24645456700822557,-0.00195715421150357
Los Angeles Kings,1989,91.0,1515.008173500883,101.0,100.77209841885247,0.22790158114753456,0.002504412979643237,7.449877704526352,0.08186678796182804,45.04245942499373,46.0,11.0,-0.8512459941285985,-0.07738599946623623,0.10376404623318687
Los Angeles Kings,1990,90.0,1513.3818362236166,86.0,99.30820503655085,-13.308205036550858,-0.1478689448505651,-6.2219716895969395,-0.06913301877329933,44.354394138722476,38.0,10.0,1.0164575250608858,0.10164575250608858,-0.09048036518322283
Los Angeles Kings,1991,92.0,1546.0900676359538,120.0,112.32708400338667,7.672915996613332,0.08340126083275361,14.873045808870925,0.16166354140077094,51.43171491649482,52.0,12.0,0.6664053943882582,0.055533782865688185,0.17758300518103332
Los Angeles Kings,1992,86.0,1531.5040796667317,89.0,104.1857668102743,-15.185766810274318,-0.17657868384039904,-8.13158269814571,-0.09455328718774081,47.622168659240806,37.0,6.0,-2.3841673409347015,-0.3973612234891169,-0.07184269196513755
Los Angeles Kings,1993,108.0,1508.5264866033085,119.0,122.2291539037617,-3.2291539037616857,-0.029899573182978572,4.566081018782461,0.04227852795168946,54.95162889491398,52.0,24.0,7.076521407606625,0.29485505865027606,-0.02988619510504955
Los Angeles Kings,1994,84.0,1486.9313619905247,69.0,94.97566633989082,-25.975666339890825,-0.3092341230939384,-19.61705621707414,-0.2335363835365969,42.663967549768145,27.0,0.0,0.0,,-0.2335363835365969
Los Angeles Kings,1995,48.0,1454.1620845174857,41.0,49.7810683723878,-8.781068372387796,-0.18293892442474577,-4.734004993377267,-0.09862510402869307,21.856399532956345,16.0,0.0,0.0,,-0.09862510402869307
Los Angeles Kings,1996,82.0,1456.9239794571365,68.0,84.54713106419818,-16.54713106419817,-0.20179428127070936,-10.042660770800213,-0.12247147281463674,37.07571935541981,24.0,0.0,0.0,,-0.12247147281463674
Los Angeles Kings,1997,82.0,1443.24560735922,70.0,79.66356118916194,-9.663561189161946,-0.11784830718490179,-3.228284584924096,-0.039369324206391415,34.35865478289085,28.0,0.0,0.0,,-0.039369324206391415
Los Angeles Kings,1998,86.0,1481.3401974720766,89.0,91.91883114932968,-2.918831149329676,-0.03393989708522879,4.32747055278648,0.05031942503240092,40.696548603507416,38.0,4.0,-3.2374251270146392,-0.8093562817536598,0.09225482536342827
Los Angeles Kings,1999,82.0,1468.267140704742,71.0,84.48380390600445,-13.483803906004445,-0.1644366330000542,-6.771016498482251,-0.08257337193271039,37.03527509451122,32.0,0.0,0.0,,-0.08257337193271039
Los Angeles Kings,2000,86.0,1497.6449634219605,94.0,94.79383114449226,-0.793831144492256,-0.009230594703398326,4.841432912138931,0.056295731536499194,42.30049310254023,39.0,4.0,-3.250052616073777,-0.8125131540184443,0.0986766527830818
Los Angeles Kings,2001,95.0,1510.7295635733067,106.0,106.15177558181834,-0.15177558181833872,-0.001597637703350934,5.428846637312348,0.05714575407697208,47.58296989756955,45.0,13.0,3.295649280303353,0.25351148310025795,0.026014601914743828
Los Angeles Kings,2002,89.0,1521.9987661836487,101.0,102.84690550146756,-1.8469055014675688,-0.020751747207500774,3.7631429675572092,0.04228250525345179,46.46514600983515,43.0,7.0,-0.44963141608717117,-0.06423305944102445,0.05137529736151685
Los Angeles Kings,2003,82.0,1510.106877346043,79.0,93.62706061663197,-14.627060616631947,-0.17837878800770668,-10.656135693491471,-0.1299528743108716,42.15561994246014,33.0,0.0,0.0,,-0.1299528743108716
Los Angeles Kings,2004,82.0,1498.2007411130824,81.0,89.9160512324929,-8.916051232492904,-0.108732332103572,-4.507670809153971,-0.054971595233585004,40.03990534023766,28.0,0.0,0.0,,-0.054971595233585004
Los Angeles Kings,2006,82.0,1501.2174319629976,89.0,90.19122966021236,-1.191229660212357,-0.014527190978199477,-1.096044890073044,-0.013366401098451755,40.21270906441896,42.0,0.0,0.0,,-0.013366401098451755
Los Angeles Kings,2007,82.0,1458.6786845488346,68.0,81.06042249239982,-13.060422492399834,-0.15927344502926627,-12.871401710765213,-0.15696831354591723,35.14926972191783,27.0,0.0,0.0,,-0.15696831354591723
Los Angeles Kings,2008,82.0,1452.5095819829962,71.0,78.80817407960423,-7.808174079604221,-0.09522163511712464,-7.237646120330726,-0.08826397707720397,33.88438675530977,32.0,0.0,0.0,,-0.08826397707720397
Los Angeles Kings,2009,82.0,1466.7388770094283,79.0,82.399528675837,-3.3995286758369914,-0.041457666778499894,-3.1260265588819647,-0.038122275108316644,35.8609153746512,34.0,0.0,0.0,,-0.038122275108316644
Los Angeles Kings,2010,88.0,1504.3509761566127,106.0,96.25644532540761,9.743554674592376,0.110722212211277,9.354866805050563,0.1063053046028473,42.842819616698606,48.0,6.0,-0.9740995636084914,-0.1623499272680819,0.1259630044958421
Los Angeles Kings,2011,88.0,1526.2646876943545,105.0,100.76504310492965,4.2349568950703524,0.048124510171254006,3.850497364193542,0.0437556518658357,45.411323622488936,48.0,6.0,0.9758611188535946,0.16264351980893244,0.035056539577316435
Los Angeles Kings,2012,102.0,1524.3386122247912,127.0,115.8414633437542,11.15853665624579,0.10939741819848814,10.443908614836852,0.10239126092977306,52.07881821869213,56.0,20.0,9.464207166168856,0.4732103583084428,0.011947578642292615
Los Angeles Kings,2013,66.0,1551.5432028493178,80.0,79.16671831044451,0.8332816895554898,0.012625480144780148,0.7897677005070984,0.011966177280410582,36.09145383941031,36.0,18.0,0.7301791817885936,0.04056551009936631,0.001241427473302183
Los Angeles Kings,2014,108.0,1551.3423357306867,134.0,128.41130981241096,5.588690187589039,0.051747131366565176,4.555185484986622,0.04217764337950576,58.414920099699174,62.0,26.0,4.997998937916101,0.1922307283813885,-0.005400164060115584
Los Angeles Kings,2015,82.0,1543.0586556593817,95.0,99.13271079616457,-4.132710796164571,-0.05039891214834843,-4.705426158584689,-0.057383245836398644,45.267822000351124,40.0,0.0,0.0,,-0.057383245836398644
Los Angeles Kings,2016,87.0,1539.5408237567242,104.0,105.24526904902798,-1.2452690490279952,-0.01431343734514937,-0.8296635058002542,-0.009536362135635105,48.07241782683317,49.0,5.0,-3.780514615155347,-0.7561029230310694,0.03598598913847673
Los Angeles Kings,2017,82.0,1513.033471041425,86.0,93.59320414840786,-7.593204148407867,-0.09260005059033985,-7.887026451968094,-0.09618324941424504,42.12635547082456,39.0,0.0,0.0,,-0.09618324941424504
Los Angeles Kings,2018,86.0,1524.6360893793042,99.0,99.99900817331105,-0.9990081733110511,-0.011616374108268036,-0.7042165122910502,-0.00818856409640756,45.24064366234373,45.0,4.0,-3.2900715682632207,-0.8225178920658052,0.0315348177557582
Los Angeles Kings,2019,82.0,1475.6075630345551,71.0,85.53897866340483,-14.53897866340485,-0.17730461784640061,-13.693555025653781,-0.1669945734835827,37.61225100478324,31.0,0.0,0.0,,-0.1669945734835827
Los Angeles Kings,2020,70.0,1452.0224998895148,64.0,68.49305246420307,-4.493052464203082,-0.06418646377432974,-4.354935434680725,-0.06221336335258179,29.57557713215195,29.0,0.0,0.0,,-0.06221336335258179
Los Angeles Kings,2021,56.0,1472.0912330728338,49.0,57.826748935387,-8.826748935386998,-0.15762051670333926,-8.80837268998582,-0.1572923694640325,25.313400370161347,21.0,0.0,0.0,,-0.1572923694640325
Los Angeles Kings,2022,89.0,1487.4447929391338,105.0,94.54919223874394,10.450807761256055,0.11742480630624781,11.135713521308153,0.12512037664391185,41.765431457015296,47.0,7.0,-0.5062468980987476,-0.07232098544267822,0.1419751270659378
Los Angeles Kings,2023,88.0,1512.344033178206,109.0,98.78105914157845,10.218940858421544,0.11612432793660844,10.140634301650625,0.11523448070057528,44.29083512560678,49.0,6.0,-0.8709055542750251,-0.14515092571250418,0.13428707141372745
Minnesota Wild,2001,82.0,1398.5626338598686,68.0,71.12902208752642,-3.1290220875264305,-0.038158805945444275,1.6879360384600526,0.02058458583487869,29.726032043527546,25.0,0.0,0.0,,0.02058458583487869
Minnesota Wild,2002,82.0,1433.152785898709,73.0,78.1732241371449,-5.173224137144875,-0.06308809923347408,-0.004415435346767027,-5.384677252154911e-05,33.555649693542286,26.0,0.0,0.0,,-5.384677252154911e-05
Minnesota Wild,2003,100.0,1491.28460898231,114.0,104.9530492638858,9.046950736114209,0.09046950736114208,13.88954210579772,0.1388954210579772,46.24941243544212,50.0,18.0,2.5566263703856484,0.14203479835475824,0.13820628945624477
Minnesota Wild,2004,82.0,1503.7425271034108,83.0,91.63768755942205,-8.637687559422051,-0.10533765316368356,-4.2293071360831185,-0.05157691629369657,41.03951453829207,30.0,0.0,0.0,,-0.05157691629369657
Minnesota Wild,2006,82.0,1511.9155878409863,84.0,91.4796118436251,-7.479611843625106,-0.09121477858079398,-7.384427073485794,-0.09005398870104626,40.94198289580216,38.0,0.0,0.0,,-0.09005398870104626
Minnesota Wild,2007,87.0,1526.2334461937292,106.0,100.44622009484647,5.553779905153538,0.06383655063394872,5.7543263442049,0.0661416821172977,45.36469330868989,49.0,5.0,-3.357628922920164,-0.6715257845840328,0.11112140569664716
Minnesota Wild,2008,88.0,1532.489728536171,103.0,103.68052516979945,-0.6805251697994592,-0.007733240565902946,-0.06825126228644152,-0.00077558252598229,47.04801408409996,46.0,6.0,-1.5423695091938572,-0.25706158486564284,0.017977051791553855
Minnesota Wild,2009,82.0,1516.3555916768819,89.0,93.42034510165605,-4.420345101656056,-0.05390664758117142,-4.146842984701028,-0.05057125591098814,42.0466377211738,40.0,0.0,0.0,,-0.05057125591098814
Minnesota Wild,2010,82.0,1501.4365877526366,84.0,90.89767289746594,-6.897672897465942,-0.0841179621642188,-7.259859321357178,-0.08853486977264852,40.58971793037191,38.0,0.0,0.0,,-0.08853486977264852
Minnesota Wild,2011,82.0,1490.727920644309,86.0,88.38670935642367,-2.38670935642366,-0.029106211663703172,-2.744955737467955,-0.033475069969121404,39.182943993246646,39.0,0.0,0.0,,-0.033475069969121404
Minnesota Wild,2012,82.0,1478.5851860687071,81.0,86.28808489704167,-5.2880848970416565,-0.06448884020782508,-5.862589793076292,-0.07149499747654015,38.018543877455286,35.0,0.0,0.0,,-0.07149499747654015
Minnesota Wild,2013,53.0,1476.9876351772239,58.0,53.86464878192992,4.135351218070076,0.07802549468056746,4.1004081662584895,0.07736619181619792,23.521734713841116,27.0,5.0,-0.8573302163827847,-0.17146604327655696,0.10328621630502656
Minnesota Wild,2014,95.0,1494.5417093267702,113.0,101.06788075524481,11.932119244755178,0.12560125520794924,11.023017885984531,0.1160317672208898,44.67376804386446,49.0,13.0,2.216280817437919,0.17048313980291685,0.10739923254325137
Minnesota Wild,2015,92.0,1521.3149282429972,108.0,103.98019811444804,4.019801885551943,0.04369349875599938,3.3772431862513197,0.03670916506794913,46.693394278554386,50.0,10.0,-2.959919771698389,-0.2959919771698389,0.07728247509694768
Minnesota Wild,2016,88.0,1525.4913654055747,91.0,101.70487719605148,-10.70487719605148,-0.12164633177331229,-10.284494577614224,-0.116869256563798,45.919478765796846,40.0,6.0,-1.9528229537887323,-0.325470492298122,-0.10160575151006698
Minnesota Wild,2017,87.0,1545.4408956748891,110.0,105.99804323542698,4.001956764573011,0.04599950304106909,3.6902184668932536,0.04241630421716384,48.50772085033524,50.0,5.0,-1.6376563774871382,-0.32753127549742767,0.06497408346805357
Minnesota Wild,2018,87.0,1534.2888155425992,103.0,102.21639447962897,0.7836055203710391,0.009006960004264817,1.0818249914028997,0.012434770016125283,46.35495170091037,46.0,5.0,-2.9737998162909083,-0.5947599632581817,0.04945883911821717
Minnesota Wild,2019,82.0,1512.607554157875,83.0,92.93645216049296,-9.93645216049296,-0.12117624585967025,-9.091028522741892,-0.11086620149685235,41.759038005131885,37.0,0.0,0.0,,-0.11086620149685235
Minnesota Wild,2020,73.0,1486.8060608443354,80.0,78.36906804963733,1.6309319503626476,0.022341533566611612,1.7749682811502498,0.024314633988359587,34.68588552364163,36.0,4.0,-1.5836752190694483,-0.3959188047673621,0.0486759927568072
Minnesota Wild,2021,63.0,1523.1065149898232,81.0,72.18251534750648,8.817484652493528,0.1399600738491036,8.838157928569853,0.14028822108841035,32.4970573829045,38.0,7.0,-0.5178878721544631,-0.07398398173635187,0.1670722464415057
Minnesota Wild,2022,88.0,1547.5000234338768,117.0,106.52603093089255,10.473969069107456,0.119022375785312,11.151179258821886,0.12671794612297596,48.659539531199115,55.0,6.0,-2.743886150040664,-0.4573143583401107,0.16945201718125066
Minnesota Wild,2023,88.0,1541.4436493962137,107.0,106.21232328408064,0.7876767159193596,0.008950871771810904,0.7093701591484405,0.008061024535777733,48.48381578591304,48.0,6.0,-2.511147455209418,-0.4185245758682363,0.03927460505314464
Montreal Canadiens,1918,24.0,1400.2178920674075,28.0,27.963566113093485,0.0364338869065195,0.001518078621104979,2.2203649136412658,0.09251520473505274,12.647479376906741,14.0,2.0,-0.07289269901107842,-0.03644634950553921,0.10423898239328845
Montreal Canadiens,1919,23.0,1434.7706586468332,29.0,26.850642858041898,2.149357141958106,0.09345031051991765,3.7700008104300995,0.16391307871435215,12.150885732475412,14.0,5.0,2.4119070739235857,0.48238141478471713,0.07544965202813973
Montreal Canadiens,1920,24.0,1466.3948680991732,29.0,29.369381264926997,-0.3693812649269974,-0.015390886038624893,1.3983884083332812,0.058266183680553384,13.45427390519719,13.0,0.0,0.0,,0.058266183680553384
Montreal Canadiens,1921,24.0,1464.7056086335112,27.0,27.7230816208546,-0.7230816208546014,-0.030128400868941724,0.8457399877780507,0.03523916615741878,12.524980696318202,13.0,0.0,0.0,,0.03523916615741878
Montreal Canadiens,1922,24.0,1475.6954408382114,26.0,27.40679516167097,-1.4067951616709697,-0.05861646506962374,0.6527436710802983,0.027197652961679097,12.340248378805052,12.0,0.0,0.0,,0.027197652961679097
Montreal Canadiens,1923,26.0,1492.7494340879898,31.0,29.929177325588086,1.0708226744119131,0.04118548747738127,2.5443140763059784,0.09785823370407609,13.500288472460616,14.0,2.0,0.016528223644342588,0.008264111822171294,0.10532441052756818
Montreal Canadiens,1924,26.0,1498.8082398406077,31.0,29.754451913617032,1.2455480863829684,0.04790569563011417,2.7188918361704246,0.10457276292963172,13.398059475692753,15.0,2.0,1.9953485901579853,0.9976742950789926,0.030147635250518303
Montreal Canadiens,1925,32.0,1521.6891672265283,42.0,41.59286403855654,0.407135961443454,0.012722998795107937,2.835892128408477,0.08862162901276491,19.333850175286237,19.0,2.0,1.726959992737934,0.863479996368967,0.03696440452235146
Montreal Canadiens,1926,36.0,1490.4400483860436,25.0,45.164679011878775,-20.164679011878775,-0.5601299725521882,-17.695766502620806,-0.49154906951724464,20.825933230607788,11.0,0.0,0.0,,-0.49154906951724464
Montreal Canadiens,1927,48.0,1471.904670481031,64.0,57.06777680306058,6.932223196939416,0.1444213166029045,9.091096337356007,0.18939784036158347,25.95904278122528,29.0,4.0,-0.3484779274641572,-0.0871194818660393,0.21453577874591281
Montreal Canadiens,1928,46.0,1530.5646601489832,62.0,59.7589194225643,2.2410805774356986,0.048719142987732576,6.295942735426001,0.13686832033534785,27.770591561024073,26.0,2.0,-0.3015199919211097,-0.15075999596055484,0.1499423347124343
Montreal Canadiens,1929,47.0,1532.189191358972,60.0,59.433397182007326,0.5666028179926794,0.012055379106227221,4.393647771481719,0.09348186747833445,27.43730812007385,22.0,3.0,-3.250651427280418,-1.0835504757601393,0.17373407269913949
Montreal Canadiens,1930,50.0,1532.1428462162844,63.0,62.31868526647645,0.681314733523541,0.01362629467047082,3.7713729276936174,0.07542745855387235,28.67444736078343,26.0,6.0,4.122326209449549,0.6870543682415916,-0.007976210948998448
Montreal Canadiens,1931,54.0,1552.2997986977066,75.0,68.49434470234287,6.505655297657144,0.12047509810476192,10.415802700892817,0.19288523520171882,31.65200310456447,32.0,10.0,3.7488377402742312,0.3748837740274231,0.1515219309231497
Montreal Canadiens,1932,52.0,1543.5406097103607,63.0,63.09598459326345,-0.09598459326345998,-0.0018458575627588458,3.1919259569156884,0.06138319147914785,28.833279013628243,26.0,4.0,-1.6651887136394432,-0.4162971784098608,0.1011898889698986
Montreal Canadiens,1933,50.0,1511.9462639943702,44.0,56.75519162549181,-12.755191625491808,-0.25510383250983615,-8.963506306852603,-0.17927012613705207,25.496951303034407,18.0,2.0,-0.9088189650198119,-0.4544094825099059,-0.1678059862881831
Montreal Canadiens,1934,50.0,1500.749044965094,53.0,55.33915404957858,-2.3391540495785814,-0.04678308099157163,0.7949353123606385,0.01589870624721277,24.698253475774532,22.0,2.0,-1.11358770414192,-0.55679385207096,0.03976089617713663
Montreal Canadiens,1935,50.0,1487.2540469697624,46.0,54.451247886066355,-8.451247886066362,-0.16902495772132725,-4.750164922124024,-0.09500329844248048,24.223698525428222,19.0,2.0,-0.8669979081360655,-0.43349895406803274,-0.08089931279141582
Montreal Canadiens,1936,48.0,1471.8620533075498,35.0,48.64582871964151,-13.64582871964151,-0.2842880983258648,-10.013748082704728,-0.20861975172301517,21.20414052293478,11.0,0.0,0.0,,-0.20861975172301517
Montreal Canadiens,1937,53.0,1486.0806065493864,61.0,55.580118582418564,5.419881417581431,0.10226191353927228,9.464495484754792,0.1785753865048074,24.458044359554933,26.0,5.0,0.7224577554248964,0.1444915510849793,0.18212578602770615
Montreal Canadiens,1938,51.0,1497.1647786599708,55.0,56.082010036088775,-1.0820100360887706,-0.021215883060564128,3.1560682438401226,0.06188369105568868,24.995745125884476,19.0,3.0,-0.6048109240913915,-0.20160364136379716,0.07835164933190654
Montreal Canadiens,1939,51.0,1468.980972985547,43.0,50.670145020729244,-7.670145020729236,-0.1503950004064556,-3.791873237019717,-0.07435045562783758,21.989578129979357,16.0,3.0,0.11471899663125398,0.03823966554375133,-0.08138733820106189
Montreal Canadiens,1940,48.0,1464.3696302715944,25.0,47.56336052367946,-22.563360523679453,-0.4700700109099886,-18.838879225465178,-0.39247665053052455,20.643930061157246,10.0,0.0,0.0,,-0.39247665053052455
Montreal Canadiens,1941,51.0,1439.6300940311633,44.0,47.189886607613346,-3.18988660761334,-0.06254679622771254,0.08664352004631315,0.0016988925499277089,20.08217708736688,17.0,3.0,-0.7490460568380642,-0.2496820189460214,0.017410199518424502
Montreal Canadiens,1942,51.0,1444.064377231701,46.0,47.63259315936404,-1.6325931593640455,-0.032011630575765594,1.5180669152284905,0.029766017945656677,20.33207570672488,19.0,3.0,-0.6548030117715581,-0.21826767059051935,0.0452681234791677
Montreal Canadiens,1943,55.0,1478.4755578566912,56.0,54.64602741619026,1.3539725838097385,0.024617683341995246,6.611256341454202,0.12020466075371276,23.700369169930187,20.0,5.0,0.8843856651605873,0.17687713303211744,0.11453741352587224
Montreal Canadiens,1944,59.0,1571.25582496317,99.0,75.78437736535291,23.215622634647094,0.3934851294007982,29.836222855321687,0.5056986924630794,35.132060815302104,46.0,9.0,4.376099859315713,0.4862333177017459,0.5092024599201196
Montreal Canadiens,1945,56.0,1622.0368565700207,85.0,79.57062511809906,5.42937488190093,0.09695312289108804,11.279061588258969,0.20141181407605302,37.73342651584593,40.0,6.0,-3.0430469395169704,-0.5071744899194951,0.2864421705555188
Montreal Canadiens,1946,59.0,1598.8794289522577,78.0,81.36536287239193,-3.36536287239194,-0.05704004868460916,2.680088084816366,0.04542522177654858,38.337607622974275,36.0,9.0,5.160860082417189,0.5734288980463543,-0.04961543995201648
Montreal Canadiens,1947,71.0,1587.8076496673661,91.0,95.16445625187791,-4.164456251877909,-0.058654313406731114,3.321441326778871,0.04678086375744889,44.54767627174478,40.0,11.0,-0.16978412351761973,-0.015434920319783612,0.058187090838274814
Montreal Canadiens,1948,60.0,1531.856552992046,51.0,71.31359486713019,-20.31359486713018,-0.3385599144521697,-13.498772812214838,-0.2249795468702473,32.4395265371773,20.0,0.0,0.0,,-0.2249795468702473
Montreal Canadiens,1949,67.0,1514.230201372319,72.0,75.2524912808098,-3.2524912808097883,-0.048544645982235644,3.89629079847944,0.05815359400715582,33.72693643324361,31.0,7.0,0.6478860460123158,0.09255514943033083,0.054140079207785415
Montreal Canadiens,1950,75.0,1523.5694963044634,79.0,88.25173918130952,-9.251739181309512,-0.12335652241746016,-1.4890314631284074,-0.019853752841712098,40.01288107144161,30.0,5.0,-3.86591407720804,-0.773182815441608,0.033955465915423345
Montreal Canadiens,1951,81.0,1502.7369529810726,79.0,86.07522084057548,-7.07522084057549,-0.08734840543920358,1.020197714649596,0.012595033514192543,38.06761811847402,30.0,11.0,5.868025080837449,0.5334568255306772,-0.06925467665982649
Montreal Canadiens,1952,81.0,1520.4622907952944,86.0,93.01191218934726,-7.011912189347252,-0.08656681715243521,2.0739228366660436,0.02560398563785239,41.984759097470786,38.0,11.0,-3.2248706085838696,-0.2931700553258063,0.07569704921785587
Montreal Canadiens,1953,82.0,1524.8322027589888,92.0,97.14351352175088,-5.143513521750883,-0.06272577465549857,3.7687863307587866,0.04596080891169252,44.16484225684414,36.0,12.0,3.5616179828860814,0.29680149857384014,0.002959547826752907
Montreal Canadiens,1954,81.0,1539.372330447028,96.0,96.62560085156701,-0.6256008515670037,-0.007723467303296342,8.19145409835552,0.10112906294266073,43.99308485141489,42.0,11.0,3.979625642307722,0.361784149300702,0.06016897794353996
Montreal Canadiens,1955,82.0,1569.22793256704,107.0,104.78734326343731,2.2126567365626855,0.026983618738569335,11.427674217929011,0.13936188070645136,48.53372356700125,48.0,12.0,1.191330227477224,0.09927751895643533,0.14623348557788268
Montreal Canadiens,1956,80.0,1585.178403289797,116.0,107.4276589668402,8.572341033159807,0.10715426291449759,17.563903920155365,0.21954879900194207,50.32525982302498,53.0,10.0,3.2266362759231746,0.3226636275923175,0.204818109203317
Montreal Canadiens,1957,80.0,1581.1321687941268,99.0,107.36941217324069,-8.369412173240686,-0.10461765216550858,0.4702773373670208,0.00587846671708776,50.28788031850016,43.0,10.0,4.2118960597350235,0.42118960597350236,-0.05345169603382862
Montreal Canadiens,1958,80.0,1593.1923525579837,112.0,109.20146182436767,2.7985381756323386,0.03498172719540423,11.513269972241215,0.1439158746530152,51.33914874683616,51.0,10.0,3.4917861845525495,0.34917861845525494,0.11459262553840954
Montreal Canadiens,1959,81.0,1591.6617889679133,108.0,111.3221998814349,-3.32219988143489,-0.04101481335104802,5.501299792968913,0.06791728139467794,52.41701331451047,47.0,11.0,2.2957467854679554,0.2087042532243596,0.04579361439287086
Montreal Canadiens,1960,78.0,1592.3946766983347,108.0,106.40399586223809,1.5960041377619105,0.020461591509768083,10.113419570909645,0.1296592252680724,50.01807801486438,48.0,8.0,6.125391745520485,0.7656739681900606,0.056971826076988
Montreal Canadiens,1961,76.0,1583.5532041105598,97.0,101.65480158199354,-4.654801581993532,-0.061247389236756995,3.7926012557827575,0.049902648102404704,47.56317202417647,43.0,6.0,-2.28042486492139,-0.3800708108202317,0.08675751601005925
Montreal Canadiens,1962,76.0,1586.1393274688687,102.0,101.67194760375457,0.3280523962454194,0.004316478897966045,8.876232338325543,0.11679253076744137,47.570395658104154,44.0,6.0,-3.1779107415681076,-0.5296517902613512,0.17220204399848074
Montreal Canadiens,1963,75.0,1563.8322227026067,81.0,95.54374240105315,-14.54374240105315,-0.19391656534737534,-5.919112838072588,-0.07892150450763451,44.2099808432402,29.0,5.0,-2.7195742619174554,-0.5439148523834911,-0.04570769394507333
Montreal Canadiens,1964,77.0,1548.0600443895466,91.0,95.02175163334198,-4.021751633341989,-0.0522305406927531,4.368708625860878,0.056736475660530875,43.63210830091033,39.0,7.0,-1.4054618389998061,-0.20078026271425803,0.08248814949800976
Montreal Canadiens,1965,83.0,1545.0921993364204,100.0,101.30655523698894,-1.3065552369889302,-0.01574162936131241,7.906398723767241,0.0952578159490029,46.39678470215687,44.0,13.0,3.4520799023149067,0.2655446078703774,0.06363312602074767
Montreal Canadiens,1966,80.0,1556.3325679373643,106.0,100.02107354601564,5.978926453984355,0.07473658067480445,14.972627244022137,0.1871578405502767,46.077743973094925,49.0,10.0,4.807439096125013,0.48074390961250135,0.14521697354138752
Montreal Canadiens,1967,80.0,1545.6771616365763,90.0,98.81394281231171,-8.813942812311705,-0.11017428515389631,0.09582381240723953,0.001197797655090494,45.37347473494457,38.0,10.0,1.5538827467357184,0.15538827467357183,-0.02082941334754969
Montreal Canadiens,1968,87.0,1545.1002713432129,118.0,115.51665344540099,2.48334655459902,0.028544213271253106,11.607017248453554,0.1334139913615351,53.97137905762542,54.0,13.0,6.589214037049076,0.5068626182345443,0.06780815150546593
Montreal Canadiens,1969,90.0,1570.5186056545122,127.0,122.22751863444032,4.772481365559699,0.0530275707284411,14.732815373935154,0.1636979485992795,57.383532806769445,58.0,14.0,7.464186549896466,0.5331561821354619,0.09563985294787743
Montreal Canadiens,1970,76.0,1572.0198045549173,92.0,102.53605839364872,-10.536058393648696,-0.13863234728485127,-2.0086702955258513,-0.026429872309550673,48.07793484820921,38.0,0.0,0.0,,-0.026429872309550673
Montreal Canadiens,1971,98.0,1545.7372582473633,122.0,123.05838230678354,-1.0583823067835367,-0.010799819456974865,9.627901650068996,0.09824389438845914,56.83916159423636,54.0,20.0,5.306272352661538,0.2653136176330769,0.0554055038129161
Montreal Canadiens,1972,84.0,1572.9603432557403,112.0,111.75165121574649,0.2483487842535146,0.002956533145875174,9.452486847455527,0.11252960532685151,52.271145133269535,48.0,6.0,-2.061400724632379,-0.3435667874387298,0.14761394323189622
Montreal Canadiens,1973,95.0,1605.9706544012008,146.0,135.65809833843295,10.341901661567025,0.1088621227533371,20.79256587261841,0.21886911444861484,64.4079956077258,64.0,17.0,2.877985523644341,0.16929326609672593,0.22967410703812904
Montreal Canadiens,1974,84.0,1595.6133836500437,104.0,115.54008608130464,-11.540086081304638,-0.13738197715838854,-2.377733031554833,-0.028306345613748014,54.4192262908245,47.0,6.0,-1.4521533142529068,-0.24202555237548448,-0.01186640663207599
Montreal Canadiens,1975,91.0,1583.82520225705,127.0,124.30013238271665,2.6998676172833513,0.029668874915201662,12.272480839989354,0.13486242681306984,58.437964364719015,53.0,11.0,0.20697309822688964,0.018815736202444512,0.15081884677203086
Montreal Canadiens,1976,93.0,1629.9306161082623,151.0,134.62585361094202,16.37414638905797,0.1760660902049244,26.47451017455076,0.28467215241452426,64.08807522960042,70.0,13.0,7.0241599140079085,0.5403199933852237,0.24312937825678568
Montreal Canadiens,1977,94.0,1669.9257210344479,157.0,142.8176556884581,14.182344311541877,0.15087600331427528,24.41534349023966,0.2597376967046772,68.64258304984646,72.0,14.0,5.288397500677977,0.3777426786198555,0.2390868248695211
Montreal Canadiens,1978,95.0,1679.8657587701234,154.0,145.61458179854458,8.385418201455419,0.0882675600153202,18.454908512400635,0.19426219486737512,70.10610031656138,71.0,15.0,3.715057606216114,0.24767050708107427,0.18424813632730658
Montreal Canadiens,1979,96.0,1658.1260073893934,140.0,142.61331219908186,-2.61331219908184,-0.027222002073769166,7.531127945673631,0.07844924943410032,68.25595089845882,64.0,16.0,4.046260525962932,0.25289128287268325,0.04356084274638374
Montreal Canadiens,1980,90.0,1602.341785651584,119.0,127.62828532175304,-8.628285321753037,-0.09586983690836708,0.9571717788861958,0.010635241987624397,60.50635488692165,53.0,10.0,-1.9861916514073354,-0.19861916514073355,0.03679204287866914
Montreal Canadiens,1981,83.0,1590.1995086441439,103.0,113.82876522268604,-10.828765222686041,-0.13046705087573543,-1.697000098825009,-0.020445784323192877,53.569894470606215,45.0,3.0,-4.054328219050552,-1.3514427396835174,0.029466601502819295
Montreal Canadiens,1982,85.0,1595.0357692338887,114.0,115.51836488862324,-1.5183648886232437,-0.017863116336744044,7.474591179257812,0.08793636681479779,54.25675867539998,48.0,5.0,-1.9574764668108808,-0.39149529336217614,0.11790084557585867
Montreal Canadiens,1983,83.0,1585.701613685594,98.0,110.64220420159948,-12.642204201599489,-0.152315713272283,-3.4648352330273173,-0.04174500280755804,51.74386195226652,42.0,3.0,-3.4755919579164853,-1.1585306526388284,0.0001344590611146168
Montreal Canadiens,1984,95.0,1528.3089957587442,95.0,107.9023852286149,-12.902385228614895,-0.135814581353841,-5.381820891914992,-0.056650746230684126,48.582608398455776,44.0,15.0,6.217006585156923,0.41446710567712824,-0.14498534346339897
Montreal Canadiens,1985,92.0,1543.803172309962,112.0,110.379494353761,1.6205056462390055,0.017614191806945713,9.070119915118749,0.09858825994694292,50.36051351863997,47.0,12.0,2.1373696011601737,0.17811413343001448,0.0866593789244822
Montreal Canadiens,1986,100.0,1554.3238445728205,124.0,122.76285362000628,1.2371463799937312,0.012371463799937312,9.016263787277854,0.09016263787277853,56.2971946581895,55.0,20.0,8.737720385292137,0.43688601926460685,0.003481792524821431
Montreal Canadiens,1987,97.0,1550.1531633912402,117.0,118.6397950474506,-1.6397950474506113,-0.016905103581965064,6.087450767276712,0.06275722440491456,54.34356688436981,51.0,17.0,1.4464349302204877,0.08508440766002869,0.05801269796320283
Montreal Canadiens,1988,91.0,1569.728797637948,115.0,116.35931205606275,-1.359312056062732,-0.014937495121568485,6.355377251486859,0.06983931045589954,53.86469351490021,50.0,11.0,-3.5883202692931015,-0.3262109335721001,0.12429621900974949
Montreal Canadiens,1989,101.0,1592.8515265114706,144.0,132.25367535065817,11.746324649341858,0.11630024405288969,19.761924522542525,0.1956626190350745,61.59679626789679,67.0,21.0,2.761047141528258,0.13147843531086942,0.2125109672626783
Montreal Canadiens,1990,91.0,1583.74010384144,106.0,118.2160298441034,-12.216029844103414,-0.1342420861989386,-5.05106057107223,-0.05550616012167286,54.94845464872638,46.0,11.0,-0.8380580781658272,-0.0761870980150752,-0.05266253116133
Montreal Canadiens,1991,93.0,1547.4324106889987,106.0,113.14106868672688,-7.1410686867268796,-0.07678568480351483,0.13732340609872806,0.0014765957645024523,51.76988911415809,46.0,13.0,0.6169461988672713,0.04745739991286702,-0.005995284909606757
Montreal Canadiens,1992,91.0,1554.6850134952097,106.0,116.64674493234195,-10.646744932341951,-0.11699719705870276,-3.1824338369500484,-0.03497180040604449,54.033188394753026,45.0,11.0,-3.6275029226399607,-0.32977299296726914,0.005563363571123914
Montreal Canadiens,1993,104.0,1542.3701329828423,138.0,129.43077590037467,8.569224099625327,0.08239638557332045,16.075746617630806,0.1545744867079885,59.54704094887447,64.0,20.0,10.294457218612012,0.5147228609306006,0.06882487379784279
Montreal Canadiens,1994,91.0,1540.672761092686,104.0,112.70455940335128,-8.704559403351293,-0.0956544989379263,-1.816065103633218,-0.019956759380584815,51.80634981915847,44.0,7.0,-1.1111038167575626,-0.1587291166796518,-0.00839239627232921
Montreal Canadiens,1995,48.0,1512.7400565899115,45.0,55.35974438650573,-10.359744386505742,-0.21582800805220295,-6.312681007495211,-0.13151418765615022,24.989445971352403,18.0,0.0,0.0,,-0.13151418765615022
Montreal Canadiens,1996,88.0,1510.5832133124836,97.0,101.61815118427027,-4.618151184270269,-0.05247899073034397,2.3622559598641217,0.026843817725728657,45.90440805432428,42.0,6.0,-2.0890097664877407,-0.34816829441462344,0.054283728370144654
Montreal Canadiens,1997,87.0,1491.969104807659,83.0,94.3658720941234,-11.365872094123397,-0.13064220797842985,-4.538200574992989,-0.05216322499991941,41.9453296344954,32.0,5.0,-1.624767255817798,-0.32495345116355956,-0.0355296746240877
Montreal Canadiens,1998,92.0,1511.6122473379003,101.0,104.48520589289369,-3.485205892893691,-0.03788267274884447,4.266651741928242,0.04637664936878524,46.97280869058703,41.0,10.0,0.6815868987376981,0.0681586898737698,0.04372030296573834
Montreal Canadiens,1999,82.0,1491.559323054954,79.0,89.691769964675,-10.691769964674997,-0.13038743859359753,-3.978982557152803,-0.048524177526253695,39.94313538097016,32.0,0.0,0.0,,-0.048524177526253695
Montreal Canadiens,2000,82.0,1480.0337953241515,83.0,89.29221605047013,-6.292216050470131,-0.07673434207890403,-0.9190572987985328,-0.011208015839006498,39.726148127004976,35.0,0.0,0.0,,-0.011208015839006498
Montreal Canadiens,2001,82.0,1467.4650691970435,70.0,87.10996172854418,-17.109961728544175,-0.2086580698602948,-12.29300360255769,-0.14991467807997183,38.51205418415833,28.0,0.0,0.0,,-0.14991467807997183
Montreal Canadiens,2002,94.0,1481.7554021245667,100.0,102.50504859194551,-2.5050485919455086,-0.026649453105803283,3.4201711393840295,0.03638479935514925,45.604984012917576,42.0,12.0,0.8930465913809555,0.0744205492817463,0.030818592048818004
Montreal Canadiens,2003,82.0,1482.8276930265313,77.0,88.89409383382954,-11.894093833829567,-0.1450499248027996,-7.923168910689091,-0.09662401110596452,39.491484714000734,30.0,0.0,0.0,,-0.09662401110596452
Montreal Canadiens,2004,93.0,1491.63201068271,104.0,100.39096421468632,3.609035785313679,0.03880683640122235,8.608784314222468,0.09256757327120933,44.548636965572555,45.0,11.0,0.6085559452826841,0.05532326775297128,0.09756376059682664
Montreal Canadiens,2006,88.0,1502.0171470631103,99.0,97.60420304146444,1.395796958535562,0.015861329074267752,1.4979464679533632,0.01702211895401549,43.63288044048247,44.0,6.0,-0.8418337463007753,-0.14030562438346256,0.028533905051879735
Montreal Canadiens,2007,82.0,1512.2230202599776,90.0,93.12686996849379,-3.1268699684937875,-0.03813256059138765,-2.9378491868591654,-0.0358274291080386,41.86830963030224,42.0,0.0,0.0,,-0.0358274291080386
Montreal Canadiens,2008,94.0,1517.8965437122993,115.0,110.16947815778643,4.830521842213587,0.051388530236314754,5.4845416979661294,0.05834618827623542,49.92602588809487,52.0,12.0,-4.5896541131378426,-0.38247117609482023,0.1228560464768777
Montreal Canadiens,2009,86.0,1520.361682547562,93.0,100.0904826800655,-7.0904826800655085,-0.08244747302401755,-6.803638996429748,-0.07911208135383428,45.28417903577708,41.0,4.0,-3.605723742794781,-0.9014309356986953,-0.03899896650774351
Montreal Canadiens,2010,101.0,1491.043844452229,107.0,106.6936209671973,0.30637903280270484,0.0030334557703238104,-0.13972863564869764,-0.0013834518381059173,47.09410025324396,48.0,19.0,1.536940689747007,0.08089161524984248,-0.020447186895069556
Montreal Canadiens,2011,89.0,1507.0559491457518,105.0,100.1574668427247,4.842533157275301,0.054410484913205624,4.453704768093073,0.05004162660778733,44.911727892255975,47.0,7.0,1.8194901435370912,0.2599271633624416,0.03212456859214614
Montreal Canadiens,2012,82.0,1487.8776542199375,78.0,88.75561601119823,-10.755616011198242,-0.13116604891705175,-11.330120907232876,-0.13817220618576678,39.40414188941318,31.0,0.0,0.0,,-0.13817220618576678
Montreal Canadiens,2013,53.0,1507.1246614223721,66.0,59.67340460849244,6.326595391507562,0.1193697243680672,6.2916523396959745,0.11871042150369764,26.759959777457663,30.0,5.0,-2.6875912274563984,-0.5375182454912797,0.18706757431567442
Montreal Canadiens,2014,99.0,1519.5589481404381,122.0,111.68596539776061,10.314034602239385,0.10418216769938772,9.366655291520498,0.09461267971232827,50.145775428379004,56.0,17.0,4.388154360787153,0.25812672710512663,0.06071342598455297
Montreal Canadiens,2015,94.0,1548.5469603722215,123.0,114.85243861170211,8.147561388297888,0.08667618498189242,7.491034021621171,0.07969185129384224,52.58656241445482,56.0,12.0,-0.8646621518074104,-0.0720551793172842,0.10189873382229969
Montreal Canadiens,2016,82.0,1528.8621403083093,82.0,96.57983614957168,-14.579836149571683,-0.1778028798728254,-14.188115982391516,-0.17302580466331116,43.83483897603709,38.0,0.0,0.0,,-0.17302580466331116
Montreal Canadiens,2017,88.0,1518.4182433431315,108.0,100.62514127389863,7.374858726101359,0.08380521279660635,7.0595372295977,0.08022201397270114,45.3014420175775,49.0,6.0,-1.400671237844252,-0.23344520630737534,0.10317327399319451
Montreal Canadiens,2018,82.0,1481.18033859248,71.0,86.13982815901353,-15.139828159013534,-0.18463205071967725,-14.858747738040975,-0.18120424070781677,37.953499817372,29.0,0.0,0.0,,-0.18120424070781677
Montreal Canadiens,2019,82.0,1482.2813333746465,96.0,87.16700439646783,8.832995603532174,0.10771945857966066,9.678419241283242,0.11802950294247856,38.513860775996136,44.0,0.0,0.0,,0.11802950294247856
Montreal Canadiens,2020,81.0,1502.6150281819046,81.0,88.87300764417125,-7.873007644171251,-0.09719762523668211,-7.713186510009666,-0.09522452481493415,39.594711049293714,36.0,9.0,-0.6232628726286353,-0.06925143029207059,-0.09847116163029204
Montreal Canadiens,2021,78.0,1500.098144429737,86.0,82.26875736796913,3.7312426320308605,0.04783644400039565,3.75683811669679,0.04816459123970244,36.2621013577285,37.0,22.0,7.668885039021709,0.34858568359189585,-0.0698579807558021
Montreal Canadiens,2022,82.0,1441.311438949465,55.0,78.80406644675102,-23.804066446751015,-0.29029349325306114,-23.173029679062566,-0.28259792291539715,33.9173453018463,22.0,0.0,0.0,,-0.28259792291539715
Montreal Canadiens,2023,82.0,1429.7959786137424,68.0,75.14575367057316,-7.1457536705731455,-0.08714333744601396,-7.218721143927868,-0.08803318468204717,31.888879334198847,31.0,0.0,0.0,,-0.08803318468204717
Montreal Maroons,1925,30.0,1387.1784892226917,22.0,27.45578308246599,-5.455783082465988,-0.1818594360821996,-3.1788241759362785,-0.10596080586454262,11.663051200531557,9.0,0.0,0.0,,-0.10596080586454262
Montreal Maroons,1926,40.0,1440.7009010066406,52.0,44.25272680081482,7.74727319918518,0.19368182997962952,10.490509320582923,0.2622627330145731,19.783519564942047,22.0,4.0,2.106496345132621,0.5266240862831553,0.23288924931806396
Montreal Maroons,1927,46.0,1461.7202754071104,50.0,53.58303748273232,-3.5830374827323155,-0.07789211918983295,-1.514117389833084,-0.032915595431154,24.2514580751912,20.0,2.0,0.09968540505335383,0.04984270252667691,-0.03667733624741904
Montreal Maroons,1928,53.0,1482.1799260542475,67.0,62.02498568556299,4.975014314437012,0.0938681946120191,9.646920713860622,0.18201737195963438,28.111191871549455,29.0,9.0,1.7444643878928114,0.19382937643253462,0.17960128013563206
Montreal Maroons,1929,44.0,1498.1971998246127,41.0,52.142849146138595,-11.1428491461386,-0.25324657150315,-7.560083657765881,-0.17182008313104277,23.6926336107265,15.0,0.0,0.0,,-0.17182008313104277
Montreal Maroons,1930,48.0,1506.3514377834397,54.0,55.396762072668956,-1.3967620726689578,-0.029099209847269953,1.5696937937343143,0.03270195403613155,25.026387317776976,24.0,4.0,-0.10294014976670585,-0.02573503744167646,0.03801440780684137
Montreal Maroons,1931,46.0,1500.976447541489,47.0,52.81431080393352,-5.814310803933526,-0.12639806095507664,-2.483444497473508,-0.05398792385811974,23.819870000634246,20.0,2.0,-2.0340994587656933,-1.0170497293828467,-0.010212387243359444
Montreal Maroons,1932,52.0,1490.1572948892485,55.0,55.218898440392735,-0.21889844039273776,-0.004209585392168034,3.0690121097864123,0.059019463649738695,24.379325590360228,20.0,4.0,0.8425056361791079,0.21062640904477697,0.04638555153348551
Montreal Maroons,1933,50.0,1504.2457388082466,51.0,55.86607466056568,-4.866074660565685,-0.0973214932113137,-1.0743893419264814,-0.02148778683852963,25.00488466169983,22.0,2.0,-2.0039938467172,-1.0019969233586,0.019366760516473302
Montreal Maroons,1934,52.0,1499.3597927396352,54.0,57.30338460697143,-3.303384606971422,-0.06352662705714272,-0.04393167055463465,-0.0008448398183583586,25.557595768930206,20.0,4.0,-1.1331334167695903,-0.2832833541923976,0.02269170304614491
Montreal Maroons,1935,55.0,1523.4258642562431,67.0,64.49316027135743,2.5068397286425803,0.04557890415713783,6.578030988979149,0.11960056343598453,29.245134243029742,29.0,7.0,5.134966063346737,0.7335665804781053,0.030063852617341957
Montreal Maroons,1936,51.0,1530.493171899735,55.0,60.02892294843151,-5.028922948431507,-0.09860633232218642,-1.1698372716861771,-0.022937985719336806,27.225107764595716,22.0,3.0,-2.2512379957289603,-0.7504126652429868,0.022529181750891303
Montreal Maroons,1937,53.0,1520.2754227379194,58.0,60.785831242500386,-2.7858312425003904,-0.05256285363208284,1.2587828246729695,0.023750619333452256,27.389250625298367,24.0,5.0,-1.3397602491462703,-0.2679520498292541,0.05413631403790082
Montreal Maroons,1938,48.0,1497.6290730623753,33.0,52.58574660294564,-19.585746602945637,-0.40803638756136745,-15.596967045365503,-0.32493681344511466,23.416927557219992,12.0,0.0,0.0,,-0.32493681344511466
Montreal Wanderers,1918,6.0,1371.6479614598636,2.0,6.552822660024572,-4.552822660024572,-0.7588037766707619,-4.006839903340885,-0.6678066505568142,2.917736093951991,1.0,0.0,0.0,,-0.6678066505568142
Nashville Predators,1999,82.0,1388.7667529934158,65.0,68.56994107249533,-3.5699410724953253,-0.04353586673774787,3.142846335026868,0.03832739432959595,28.324359230635203,28.0,0.0,0.0,,0.03832739432959595
Nashville Predators,2000,82.0,1424.0854003641743,70.0,75.41708935882023,-5.417089358820228,-0.06606206535146619,-0.04393060714863073,-0.0005357391115686674,32.04484925231384,28.0,0.0,0.0,,-0.0005357391115686674
Nashville Predators,2001,82.0,1453.1890880026647,80.0,83.01459307025772,-3.0145930702577193,-0.03676333012509414,1.802365055728767,0.021980061655228866,36.24255787863808,34.0,0.0,0.0,,0.021980061655228866
Nashville Predators,2002,82.0,1472.6243412740673,69.0,85.92591956190856,-16.925919561908557,-0.20641365319400679,-11.757110860110451,-0.14337940073305427,37.84384471887173,28.0,0.0,0.0,,-0.14337940073305427
Nashville Predators,2003,82.0,1463.4114819085894,74.0,82.41742465117824,-8.417424651178246,-0.10265152013632008,-4.446499728037766,-0.05422560643948496,35.89470150982735,27.0,0.0,0.0,,-0.05422560643948496
Nashville Predators,2004,88.0,1485.0170280172013,95.0,92.56172629602848,2.4382737039715168,0.027707655726949054,7.169218548530372,0.08146839259693604,40.811215481717014,40.0,6.0,-0.7357462816302562,-0.12262438027170937,0.0964020101239101
Nashville Predators,2006,87.0,1515.967714138449,108.0,100.76333872393369,7.2366612760663145,0.0831800146674289,7.337649995604364,0.0843408045471766,45.55642766439134,50.0,5.0,-3.395707676209531,-0.6791415352419061,0.130894605753828
Nashville Predators,2007,87.0,1544.1630525808707,113.0,106.1079925097103,6.89200749028969,0.0792184768998815,7.092553929341054,0.08152360838323051,48.59804493041156,52.0,5.0,-2.4366835563326568,-0.48733671126653133,0.11621021323992332
Nashville Predators,2008,88.0,1523.180327348542,96.0,100.6895107445557,-4.689510744555707,-0.05328989482449667,-4.077236837042688,-0.04633223678457599,45.37653464036392,43.0,6.0,-0.2808197481280531,-0.046803291354675515,-0.046297769377007705
Nashville Predators,2009,82.0,1500.0056004379653,88.0,89.76849019264941,-1.768490192649413,-0.02156695356889528,-1.4949880756943845,-0.018231561898712008,39.96073485578018,40.0,0.0,0.0,,-0.018231561898712008
Nashville Predators,2010,88.0,1510.4137017779299,105.0,97.55898835844565,7.441011641554344,0.08455695047220846,7.052323772012528,0.08014004286377872,43.58376585197858,49.0,6.0,-0.8724293684417854,-0.14540489474029758,0.09664333098115019
Nashville Predators,2011,94.0,1523.750697354474,112.0,106.73983098731328,5.260169012686718,0.05595924481581615,4.849496331977398,0.05159038651039785,47.99163670712427,50.0,12.0,0.3565644178868257,0.029713701490568806,0.05479185261086063
Nashville Predators,2012,92.0,1536.095642742535,115.0,108.11383710570335,6.886162894296654,0.07484959667713754,6.241596425574865,0.06784343940842244,49.02404250086971,53.0,10.0,-0.8611051157031029,-0.08611051157031029,0.08661831147899964
Nashville Predators,2013,48.0,1522.18310994016,41.0,55.32428324566952,-14.324283245669521,-0.29842256761811503,-14.355929783159262,-0.29908187048248464,24.973419579347848,16.0,0.0,0.0,,-0.29908187048248464
Nashville Predators,2014,82.0,1472.6025234720466,88.0,84.35059173361407,3.6494082663859353,0.04450497885836507,2.8647102514470637,0.03493549087130565,36.932850913836766,38.0,0.0,0.0,,0.03493549087130565
Nashville Predators,2015,88.0,1526.7449486527707,110.0,101.55416507990716,8.445834920092823,0.09597539681923663,7.8312135555444,0.08899106313118636,45.84588266331042,49.0,6.0,-0.06815705960853025,-0.011359509934755041,0.09633378798966989
Nashville Predators,2016,96.0,1512.9765228238093,110.0,106.31051104045783,3.6894889595421825,0.038432176661897736,4.148088179655552,0.043209251871412,47.487585636731524,48.0,14.0,0.12211511312695889,0.008722508080497062,0.04909723251864138
Nashville Predators,2017,104.0,1521.117824853612,123.0,116.39061329510643,6.6093867048935575,0.06355179523936114,6.236734027207417,0.05996859641545593,52.128220205511184,55.0,22.0,5.346665773737289,0.24303026244260406,0.010854490895977136
Nashville Predators,2018,95.0,1558.7486127870584,131.0,117.57567047557312,13.424329524426888,0.1413087318360725,13.749971475553636,0.144736541847933,54.02517193030306,60.0,13.0,-2.1110976025108004,-0.16239212327006156,0.19342767168371264
Nashville Predators,2019,88.0,1555.443389999106,105.0,109.8497132776418,-4.8497132776418015,-0.05511037815502047,-3.9424293737138267,-0.04480033379220258,50.56910203489136,49.0,6.0,-2.0845794195139034,-0.3474299032523172,-0.022656706758535664
Nashville Predators,2020,73.0,1517.7277704918843,81.0,84.26085156417534,-3.2608515641753426,-0.044669199509251266,-3.1168152333877384,-0.04269609908750326,38.02185852196541,36.0,4.0,-1.657737881644318,-0.4144344704110795,-0.021146048575991592
Nashville Predators,2021,62.0,1500.6564380658322,70.0,67.20523729030027,2.7947627096997425,0.04507681789838294,2.8151078385367634,0.04540496513768973,29.833413319069756,33.0,6.0,0.22601206970167637,0.03766867828361273,0.046233853014912264
Nashville Predators,2022,86.0,1523.73728812183,98.0,98.74539721982227,-0.7453972198222546,-0.008667409532816915,-0.08357817078315027,-0.0009718391951529102,44.52390473190452,45.0,4.0,-2.3253329356642567,-0.5813332339160642,0.027338472742452515
Nashville Predators,2023,82.0,1499.4701223881166,92.0,90.34286345892966,1.6571365410703516,0.02020898220817502,1.5841690677156297,0.019319134972141827,40.30033845160484,42.0,0.0,0.0,,0.019319134972141827
New Jersey Devils,1975,80.0,1347.6011022106134,41.0,63.43379789680981,-22.4337978968098,-0.2804224737101225,-14.018313744980345,-0.1752289218122543,25.83322455653719,15.0,0.0,0.0,,-0.1752289218122543
New Jersey Devils,1976,80.0,1347.1506678787405,36.0,62.149759438068,-26.149759438068006,-0.32687199297585007,-17.461274461300015,-0.21826593076625017,25.158761363019202,12.0,0.0,0.0,,-0.21826593076625017
New Jersey Devils,1977,80.0,1367.7797812282104,54.0,64.95898896712448,-10.958988967124489,-0.1369873620890561,-2.250053495892331,-0.028125668698654138,26.653684233830795,20.0,0.0,0.0,,-0.028125668698654138
New Jersey Devils,1978,82.0,1404.8729704798789,60.0,73.33380298558849,-13.33380298558849,-0.16260735348278646,-4.642242927719985,-0.05661271863073152,30.985475347848592,19.0,2.0,0.05524160978464088,0.02762080489232044,-0.05871855671880781
New Jersey Devils,1979,80.0,1392.816427902512,42.0,69.86854388704437,-27.86854388704436,-0.3483567985880545,-19.414843766414805,-0.24268554708018505,29.287568080169343,15.0,0.0,0.0,,-0.24268554708018505
New Jersey Devils,1980,80.0,1390.4962816283287,51.0,71.20765373200304,-20.20765373200304,-0.252595671650038,-11.687247420323718,-0.14609059275404648,30.02132251934634,19.0,0.0,0.0,,-0.14609059275404648
New Jersey Devils,1981,80.0,1406.496123021192,57.0,72.89290902992863,-15.892909029928637,-0.19866136287410796,-7.091207705725234,-0.08864009632156541,30.919788303693814,22.0,0.0,0.0,,-0.08864009632156541
New Jersey Devils,1982,80.0,1385.3340443075656,49.0,67.53849851494749,-18.53849851494749,-0.23173123143684365,-10.074539862824139,-0.12593174828530174,27.993530689448193,18.0,0.0,0.0,,-0.12593174828530174
New Jersey Devils,1983,80.0,1387.2000956355769,48.0,66.3160714161685,-18.31607141616849,-0.22895089270210614,-9.470414578990496,-0.1183801822373812,27.34848795856128,17.0,0.0,0.0,,-0.1183801822373812
New Jersey Devils,1984,80.0,1385.4709121743824,48.0,65.71006316212402,-17.71006316212403,-0.22137578952655038,-11.376956352271478,-0.14221195440339346,27.041686915814463,17.0,0.0,0.0,,-0.14221195440339346
New Jersey Devils,1985,80.0,1412.3528218659021,56.0,70.3004158749815,-14.300415874981486,-0.17875519843726856,-7.822490423781708,-0.09778113029727134,29.514978689173308,22.0,0.0,0.0,,-0.09778113029727134
New Jersey Devils,1986,80.0,1417.3177213857057,62.0,70.92797132316184,-8.927971323161849,-0.1115996415395231,-2.704677397334553,-0.03380846746668191,29.847265920852372,28.0,0.0,0.0,,-0.03380846746668191
New Jersey Devils,1987,80.0,1438.4131787394767,68.0,75.23031252214957,-7.230312522149578,-0.09037890652686972,-0.8573262831992092,-0.010716578539990116,32.15202301104847,29.0,0.0,0.0,,-0.010716578539990116
New Jersey Devils,1988,100.0,1471.5213301263423,108.0,99.5547466744268,8.44525332557319,0.0844525332557319,16.92293388332,0.1692293388332,43.218630060395434,49.0,20.0,6.339193570059114,0.3169596785029557,0.132296753915761
New Jersey Devils,1989,80.0,1484.709523232949,70.0,85.0945345336358,-15.094534533635796,-0.18868168167044747,-8.745544535061015,-0.10931930668826269,37.60817982865935,27.0,0.0,0.0,,-0.10931930668826269
New Jersey Devils,1990,86.0,1485.6014664142645,92.0,91.76213465497341,0.2378653450266054,0.0027658761049605277,7.009154987671461,0.08150180218222629,40.5920987767253,39.0,6.0,-1.0716842867472447,-0.17861404779120746,0.1010104909302338
New Jersey Devils,1991,87.0,1509.6859426542546,87.0,98.15111060378182,-11.151110603781813,-0.12817368510094038,-4.342292194364309,-0.049911404532923094,44.05210847062212,35.0,7.0,0.29194363663774703,0.041706233805392436,-0.057927947887525665
New Jersey Devils,1992,87.0,1530.4818972958026,97.0,101.08686178100048,-4.086861781000475,-0.0469754227701204,3.0493477277807974,0.0350499738825379,45.731487769647224,41.0,7.0,-0.06437290982246913,-0.009196129974638447,0.03892150797004079
New Jersey Devils,1993,89.0,1517.3931740083417,89.0,100.80457311835613,-11.804573118356135,-0.13263565301523747,-5.380722117370674,-0.060457551880569366,45.33326164164235,41.0,5.0,-1.4329336915659097,-0.28658673831318193,-0.046997481259580545
New Jersey Devils,1994,104.0,1546.0092728403906,133.0,127.42082957394514,5.57917042605486,0.05364586948129673,13.451735340018374,0.1293436090386382,58.416789467571384,58.0,20.0,4.603556663455553,0.23017783317277765,0.10533546043527167
New Jersey Devils,1995,68.0,1554.4401072910355,87.0,83.31713452261995,3.682865477380051,0.05415978643205958,9.416205264311634,0.13847360682811227,38.18394538071609,38.0,20.0,11.25150409533249,0.5625752047666245,-0.03823539231293447
New Jersey Devils,1996,82.0,1548.9367519737873,86.0,102.02389969144463,-16.023899691444633,-0.195413410871276,-9.519429398046677,-0.11609060241520337,46.93409152890443,37.0,0.0,0.0,,-0.11609060241520337
New Jersey Devils,1997,92.0,1542.0905535641984,118.0,112.94033122291484,5.059668777085157,0.05499639975092562,12.279735211108115,0.13347538272943602,51.78229309205029,50.0,10.0,-0.5739639132972854,-0.057396391329728534,0.15675242834640732
New Jersey Devils,1998,88.0,1570.7955019172407,116.0,114.3873922541413,1.612607745858682,0.018325088021121386,9.027428092210092,0.10258441013875105,53.16227076318491,50.0,6.0,-1.6631625752384815,-0.2771937625397469,0.13037305692010456
New Jersey Devils,1999,89.0,1559.1828499846922,113.0,113.23024294736095,-0.23024294736094952,-0.0025869994085499946,7.05558728763265,0.07927626165879383,52.35048520799163,50.0,7.0,-1.514765549452953,-0.21639507849327902,0.10451649801323909
New Jersey Devils,2000,105.0,1558.5464972165862,136.0,131.2141826621667,4.785817337833301,0.04557921274126953,11.66608159302254,0.11110553898116704,60.42910685059757,61.0,23.0,8.406160028573915,0.36548521863364847,0.03975514102986128
New Jersey Devils,2001,107.0,1578.583996947242,142.0,141.0249411630488,0.975058836951231,0.009112699410759168,7.260601757445789,0.06785609119108214,65.77697054363914,63.0,25.0,-0.23057680318251583,-0.009223072127300634,0.09135583610522324
New Jersey Devils,2002,88.0,1550.4957555840044,101.0,111.17635082632438,-10.176350826324386,-0.11564035029914076,-4.62933660976056,-0.052606097838188176,51.31913725966537,43.0,6.0,-1.1816584164162942,-0.1969430694027157,-0.04204485601639348
New Jersey Devils,2003,106.0,1553.9241542005973,144.0,133.4067333650164,10.593266634983564,0.09993647768852419,15.726413486848081,0.14836239138535925,61.54498206478433,62.0,24.0,7.206673701961491,0.30027807091506215,0.10389926566934869
New Jersey Devils,2004,87.0,1560.7196815783389,102.0,110.97045192878298,-8.970451928782985,-0.10310864285957455,-4.293267821094122,-0.049347905989587604,51.366072939764265,44.0,5.0,-3.3007894995550573,-0.6601578999110115,-0.012103394165110528
New Jersey Devils,2006,91.0,1520.3363320912176,112.0,107.85391605748053,4.146083942519479,0.04556136200570857,4.251715821576523,0.0467221518854563,49.02306066406005,51.0,9.0,0.14633984609736972,0.016259982899707745,0.050065560676575034
New Jersey Devils,2007,93.0,1535.298136255778,117.0,112.69784083696318,4.302159163036823,0.046259775946632505,4.516536390988283,0.048564907429981534,51.5010970712201,54.0,11.0,-2.2366938430187835,-0.2033358039107985,0.08235646626837884
New Jersey Devils,2008,87.0,1524.465698644473,101.0,102.81381747007875,-1.813817470078728,-0.020848476667571586,-1.2085012206056327,-0.013890818627650951,46.67346745792982,47.0,5.0,-3.564186449185761,-0.7128372898371522,0.028727868641221066
New Jersey Devils,2009,89.0,1529.3834517492803,113.0,105.99647385825858,7.00352614174143,0.07869130496338686,7.300376000387739,0.0820266966335701,48.222411944124396,54.0,7.0,-1.3325701873298972,-0.19036716961855674,0.10527983155753216
New Jersey Devils,2010,87.0,1539.9861711508304,106.0,106.23056839437925,-0.23056839437925936,-0.0026502114296466594,-0.6148393563126451,-0.00706711903807638,48.63284123498238,49.0,5.0,-3.120197774749659,-0.6240395549499318,0.030553151444353832
New Jersey Devils,2011,82.0,1483.1940049684488,81.0,87.71198173600231,-6.711981736002302,-0.08185343580490613,-7.070228117046602,-0.08622229411032441,38.8247218769307,38.0,0.0,0.0,,-0.08622229411032441
New Jersey Devils,2012,106.0,1514.8847738299414,133.0,119.32307271873663,13.676927281263355,0.12902761586097505,12.934274610779559,0.12202145859225999,53.524626532350446,62.0,24.0,3.510453045338498,0.1462688768891041,0.11492465323708609
New Jersey Devils,2013,48.0,1518.3525917187715,48.0,55.64174795246063,-7.641747952460635,-0.1592030823429299,-7.673394489950374,-0.15986238520729945,25.14098276065274,19.0,0.0,0.0,,-0.15986238520729945
New Jersey Devils,2014,82.0,1486.138018288004,88.0,87.99172626471058,0.008273735289407114,0.00010089921084642822,-0.7764242796494669,-0.00946858877621301,38.97059416797092,35.0,0.0,0.0,,-0.00946858877621301
New Jersey Devils,2015,82.0,1474.0974091313674,78.0,85.25211533794297,-7.252115337942964,-0.08844043095052395,-7.8248307003630835,-0.09542476463857419,37.45461507667702,32.0,0.0,0.0,,-0.09542476463857419
New Jersey Devils,2016,82.0,1476.5488091668049,84.0,85.25946341183138,-1.2594634118313874,-0.015359309900382773,-0.8677432446512191,-0.010582234690868525,37.43885536792508,38.0,0.0,0.0,,-0.010582234690868525
New Jersey Devils,2017,82.0,1464.7197511693994,70.0,82.24712547814289,-12.2471254781429,-0.14935518875784023,-12.540947781703125,-0.1529383875817454,35.78012769389081,28.0,0.0,0.0,,-0.1529383875817454
New Jersey Devils,2018,87.0,1472.2832729159175,99.0,88.22602716515281,10.773972834847191,0.12383876821663438,11.072192305879053,0.12726657822849485,38.49667144449017,45.0,5.0,-2.3077693827791226,-0.4615538765558245,0.1631702644958314
New Jersey Devils,2019,82.0,1475.9344088084624,72.0,85.38830002384773,-13.388300023847737,-0.16327195151033827,-12.542876386096669,-0.15296190714752037,37.52613270394063,31.0,0.0,0.0,,-0.15296190714752037
New Jersey Devils,2020,69.0,1445.2884407715565,68.0,66.69779249894295,1.302207501057061,0.018872572479087843,1.4383514301576703,0.0208456729008358,28.72711920174401,28.0,0.0,0.0,,0.0208456729008358
New Jersey Devils,2021,56.0,1454.6171728496304,45.0,53.568801953979246,-8.568801953979245,-0.15301432060677223,-8.550425708578068,-0.1526861733674655,22.979081254065,19.0,0.0,0.0,,-0.1526861733674655
New Jersey Devils,2022,82.0,1444.6374492436619,63.0,78.42732493293381,-15.427324932933805,-0.18813810893821714,-14.796288165245356,-0.18044253860055312,33.699196633599634,27.0,0.0,0.0,,-0.18044253860055312
New Jersey Devils,2023,94.0,1506.6427797814147,123.0,102.54353230818397,20.45646769181603,0.21762199672144714,20.3728220516289,0.21673214948541383,45.63000513154524,57.0,12.0,-0.9012536909449451,-0.0751044742454121,0.2594399480801689
New York Americans,1926,36.0,1376.3362313196858,30.0,33.43574776654939,-3.4357477665493894,-0.09543743795970526,-0.9668352572914201,-0.026856534924761668,14.25367242260715,12.0,0.0,0.0,,-0.026856534924761668
New York Americans,1927,44.0,1421.8455888237718,40.0,46.60170420930697,-6.601704209306971,-0.1500387320297039,-4.622737163925097,-0.10506220827102494,20.579508140928585,17.0,0.0,0.0,,-0.10506220827102494
New York Americans,1928,44.0,1413.241461742822,28.0,43.32408380006455,-15.32408380006454,-0.34827463181964863,-11.445519996769471,-0.26012545447203345,18.764065646187742,11.0,0.0,0.0,,-0.26012545447203345
New York Americans,1929,46.0,1435.6748060858317,52.0,46.212870139581554,5.787129860418441,0.12580717087866175,9.532748325535369,0.2072336592507689,20.1097615210341,19.0,2.0,0.21862392563410338,0.10931196281705169,0.21168464545230156
New York Americans,1930,44.0,1435.3702265699196,37.0,43.128832578343825,-6.128832578343827,-0.13929164950781425,-3.4095813674741615,-0.07749048562441276,18.639348625273634,14.0,0.0,0.0,,-0.07749048562441276
New York Americans,1931,44.0,1461.0401414510138,46.0,45.88234446662622,0.11765553337378243,0.0026739893948586916,3.3037015656398854,0.07508412649181558,20.181577270668583,18.0,0.0,0.0,,0.07508412649181558
New York Americans,1932,48.0,1474.256159686649,40.0,48.88572268141648,-8.885722681416485,-0.1851192225295101,-5.850728327404961,-0.12189017348760335,21.34257515856477,16.0,0.0,0.0,,-0.12189017348760335
New York Americans,1933,48.0,1467.2734360205102,44.0,48.51442564814243,-4.514425648142423,-0.09405053433630049,-0.8744077422487877,-0.01821682796351641,21.126571904687744,15.0,0.0,0.0,,-0.01821682796351641
New York Americans,1934,48.0,1464.7612368133093,44.0,48.391654776581156,-4.391654776581158,-0.0914928078454408,-1.3829289891195091,-0.02881102060665644,21.063688472689158,15.0,0.0,0.0,,-0.02881102060665644
New York Americans,1935,48.0,1460.0731468831825,35.0,48.80625311284884,-13.806253112848841,-0.28763027318435086,-10.253213467464198,-0.21360861390550412,21.32165822400878,12.0,0.0,0.0,,-0.21360861390550412
New York Americans,1936,53.0,1460.6452508784214,45.0,51.33577755309163,-6.3357775530916305,-0.11954297269984208,-2.3253551831406005,-0.04387462609699246,22.10110488242142,18.0,5.0,0.05085700351383404,0.010171400702766809,-0.04950442055530072
New York Americans,1937,48.0,1462.541586960695,39.0,47.43866829669158,-8.43866829669158,-0.17580558951440792,-4.775621594345896,-0.09949211654887284,20.532972813998988,15.0,0.0,0.0,,-0.09949211654887284
New York Americans,1938,54.0,1480.4132650207337,57.0,56.024746720564806,0.9752532794351947,0.01806024591546657,5.462630281712848,0.1011598200317194,24.588445422161392,22.0,6.0,1.1587608744830054,0.19312681241383423,0.08966394598395504
New York Americans,1939,50.0,1496.1464700857277,44.0,53.6660365005823,-9.666036500582301,-0.193320730011646,-5.8638092616514,-0.117276185233028,23.772016630280564,17.0,2.0,-1.734083752561427,-0.8670418762807135,-0.0860359481060411
New York Americans,1940,51.0,1456.2514411379402,38.0,49.23937238137084,-11.239372381370838,-0.22037985061511448,-7.282111002018171,-0.1427864902356504,21.22162249660844,16.0,3.0,0.1929642283490033,0.06432140944966776,-0.1557307339659828
New York Americans,1941,48.0,1442.9942640121687,30.0,44.696198947510545,-14.696198947510547,-0.30617081140646973,-11.612405886183815,-0.24192512262882948,19.062768194744233,8.0,0.0,0.0,,-0.24192512262882948
New York Americans,1942,48.0,1428.7524410246651,40.0,42.75517462188469,-2.7551746218846924,-0.057399471289264425,0.2101525071435768,0.00437817723215785,18.00368012983447,16.0,0.0,0.0,,0.00437817723215785
New York Islanders,1973,78.0,1327.7932589746024,30.0,58.33125618361756,-28.33125618361757,-0.3632212331233022,-19.7507108313859,-0.25321424142802434,23.303060152792963,12.0,0.0,0.0,,-0.25321424142802434
New York Islanders,1974,78.0,1370.0365240564518,56.0,64.71957416571406,-8.719574165714073,-0.11178941238094965,-0.2116749052321119,-0.0027137808363091273,26.713106063575882,19.0,0.0,0.0,,-0.0027137808363091273
New York Islanders,1975,97.0,1453.294128503935,107.0,97.21351947116095,9.786480528839064,0.10089155184370169,19.99025506293228,0.2060851037415699,42.39299604090657,42.0,17.0,6.038414670137906,0.35520086294928854,0.17439800490992968
New York Islanders,1976,93.0,1542.8875370482233,116.0,113.11855077162903,2.8814492283709603,0.030983325036246886,12.981813013863748,0.13958938724584674,51.83114180964474,49.0,13.0,3.3774899311339732,0.2598069177795364,0.12005403853412219
New York Islanders,1977,92.0,1576.4933836055625,122.0,117.99978573193269,4.000214268067327,0.043480589870297036,14.015490059984312,0.15234228326069904,54.77348556209752,55.0,12.0,4.73742389958001,0.39478532496500085,0.11597582700505375
New York Islanders,1978,87.0,1598.6831668887994,118.0,118.85364674632784,-0.8536467463278179,-0.009812031566986413,8.367886485800963,0.09618260328506853,55.903257790057665,51.0,7.0,-2.054320986232356,-0.29347442660462225,0.1302775934004165
New York Islanders,1979,90.0,1620.6681424750461,128.0,125.2689416683438,2.7310583316562065,0.03034509257395785,12.24147096736446,0.13601634408182733,59.15068674016877,57.0,10.0,-1.6029670019053148,-0.1602967001905315,0.1730554746158722
New York Islanders,1980,101.0,1567.1613986711538,122.0,130.2306656703922,-8.230665670392172,-0.08149173931081359,2.5263472981029667,0.025013339585177888,60.466530280591705,54.0,21.0,8.995771490854123,0.42837007099305346,-0.08086780240938939
New York Islanders,1981,98.0,1586.7868962665018,140.0,133.91779116634177,6.082208833658216,0.062063355445492,16.864292955807382,0.1720846219980345,62.98225419323112,63.0,18.0,6.142541305350647,0.3412522947417026,0.13402189563070924
New York Islanders,1982,99.0,1618.1312475185541,149.0,141.21201757442626,7.7879824255737695,0.07866648914720979,18.262131257576417,0.1844659722987517,67.02631845384208,69.0,19.0,4.458991758087065,0.2346837767414245,0.17253924374361684
New York Islanders,1983,100.0,1593.4650747177643,126.0,133.35010275845792,-7.350102758457918,-0.07350102758457919,3.7069682880145685,0.037069682880145685,62.376958002430335,57.0,20.0,7.854062909377641,0.392703145468882,-0.051838682767038416
New York Islanders,1984,101.0,1594.21604386241,131.0,134.20512583248006,-3.205125832480036,-0.0317339191334657,4.790421514958806,0.047429915989691145,62.73084771288534,62.0,21.0,0.12482467122583218,0.005944031963134866,0.058319960546662185
New York Islanders,1985,90.0,1565.773363351419,104.0,112.19331006498653,-8.193310064986532,-0.09103677849985035,-0.9056439323867833,-0.010062710359853148,51.69497850788113,44.0,10.0,1.3697141864114308,0.1369714186411431,-0.028441976484977684
New York Islanders,1986,83.0,1539.246858220292,91.0,99.30822740869513,-8.308227408695124,-0.10009912540596536,-1.8515599606493063,-0.022307951333124174,45.28042106044683,39.0,3.0,-2.6132085532340055,-0.8710695177446685,0.009520607407308743
New York Islanders,1987,94.0,1523.28321730749,99.0,106.87179656586123,-7.871796565861237,-0.08374251665809826,-0.3835377350945536,-0.004080188671218655,48.09406208237824,42.0,14.0,2.0052260143822203,0.14323042959873003,-0.02985954686845969
New York Islanders,1988,86.0,1525.9153768450894,92.0,101.11782283337067,-9.11782283337066,-0.10602119573686813,-1.82701755370841,-0.021244390159400117,45.85038094737477,41.0,6.0,-2.8711572302504713,-0.4785262050417452,0.013051745956775773
New York Islanders,1989,80.0,1477.2297743134006,64.0,83.47041201846604,-19.470412018466025,-0.24338015023082532,-13.121422019891245,-0.16401777524864056,36.70067745080907,28.0,0.0,0.0,,-0.16401777524864056
New York Islanders,1990,85.0,1478.5649844733352,77.0,88.85408953136151,-11.854089531361533,-0.13945987683954744,-5.161535814793943,-0.06072395076228169,39.086454060322474,32.0,5.0,-2.524523039950547,-0.5049046079901094,-0.03296265968554245
New York Islanders,1991,80.0,1458.7072671148417,63.0,79.730661846724,-16.73066184672401,-0.20913327308405014,-10.469679401282622,-0.1308709925160328,34.625755383572155,25.0,0.0,0.0,,-0.1308709925160328
New York Islanders,1992,80.0,1461.6256628267492,81.0,80.06021152282938,0.9397884771706146,0.011747355964632684,7.501820209383277,0.09377275261729097,34.8155816579193,34.0,0.0,0.0,,0.09377275261729097
New York Islanders,1993,102.0,1508.55893210487,110.0,111.62996397824577,-1.6299639782457749,-0.015980039002409557,5.732202337490367,0.0561980621322585,49.756977747606484,49.0,18.0,4.311040927375418,0.2395022737430788,0.01691858821565417
New York Islanders,1994,88.0,1504.837326491063,86.0,100.26556371704575,-14.265563717045746,-0.16210867860279257,-7.604162635999696,-0.0864109390454511,45.139300206040204,36.0,4.0,-3.5290057276190017,-0.8822514319047504,-0.04851377271881777
New York Islanders,1995,48.0,1481.367068711025,36.0,51.73386784953874,-15.733867849538743,-0.32778891353205714,-11.686804470528212,-0.24347509313600443,22.956048821843538,15.0,0.0,0.0,,-0.24347509313600443
New York Islanders,1996,82.0,1438.8702497789723,59.0,78.72896016199006,-19.728960161990052,-0.24059707514622014,-13.224489868592096,-0.16127426669014752,33.87102415403958,22.0,0.0,0.0,,-0.16127426669014752
New York Islanders,1997,82.0,1448.5895214463053,72.0,80.33361043003549,-8.333610430035499,-0.1016293954882378,-1.8983338257976463,-0.023150412509727394,34.7271127269492,29.0,0.0,0.0,,-0.023150412509727394
New York Islanders,1998,82.0,1471.6445030729794,73.0,84.97598842013727,-11.975988420137268,-0.1460486392699667,-5.06672400649163,-0.06178931715233695,37.31524537986972,30.0,0.0,0.0,,-0.06178931715233695
New York Islanders,1999,82.0,1455.4871963789508,64.0,82.21154294885768,-18.211542948857694,-0.22209198718119139,-11.498755541335498,-0.14022872611384754,35.76914125339451,24.0,0.0,0.0,,-0.14022872611384754
New York Islanders,2000,82.0,1428.4946621812621,58.0,77.76324075536981,-19.763240755369797,-0.2410151311630463,-14.3900820036982,-0.17548880492314878,33.34996888523844,24.0,0.0,0.0,,-0.17548880492314878
New York Islanders,2001,82.0,1411.5263379763405,52.0,75.38973031534412,-23.38973031534411,-0.28524061360175745,-18.57277218935762,-0.22649722182143442,32.06132360261218,21.0,0.0,0.0,,-0.22649722182143442
New York Islanders,2002,89.0,1457.6674287331025,102.0,90.03017823900308,11.969821760996924,0.13449237933704408,17.5798702300217,0.19752663179799665,39.28659792034358,45.0,7.0,0.06697317223538213,0.009567596033626018,0.2135719153388575
New York Islanders,2003,87.0,1487.162439014389,86.0,93.83391350687201,-7.8339135068720305,-0.09004498283760955,-3.6208590152473805,-0.04161906914077449,41.63515262520807,36.0,5.0,-0.8093712941473714,-0.1618742588294743,-0.03428643562317084
New York Islanders,2004,87.0,1507.84426477193,94.0,98.20521446796893,-4.205214467968935,-0.048335798482401555,0.4719696397199318,0.005424938387585423,44.103877714135066,39.0,5.0,-1.765870396687587,-0.35317407933751743,0.02729073215131121
New York Islanders,2006,82.0,1489.8562645829372,78.0,90.91068101684492,-12.910681016844919,-0.15744732947371853,-12.815496246705605,-0.1562865395939708,40.624902157196466,36.0,0.0,0.0,,-0.1562865395939708
New York Islanders,2007,87.0,1480.642938961011,94.0,92.62519396668102,1.3748060333189884,0.01580236819906883,1.5753524723703534,0.018107499682417854,40.962813373367844,41.0,5.0,-2.119845831467212,-0.42396916629344245,0.045063393949238625
New York Islanders,2008,82.0,1479.2433196438851,79.0,86.7445524786547,-7.744552478654686,-0.09444576193481324,-7.17402451938119,-0.08748810389489256,38.27663551889465,35.0,0.0,0.0,,-0.08748810389489256
New York Islanders,2009,82.0,1436.0397512674335,61.0,77.6880135108277,-16.688013510827712,-0.20351235988814284,-16.414511393872683,-0.20017696821795955,33.25918109977882,26.0,0.0,0.0,,-0.20017696821795955
New York Islanders,2010,82.0,1439.9330712592673,79.0,78.31709196884368,0.6829080311563103,0.008328146721418418,0.32072160726507315,0.003911239112988697,33.58559034182959,34.0,0.0,0.0,,0.003911239112988697
New York Islanders,2011,82.0,1445.8133632881172,73.0,79.74808101289325,-6.748081012893241,-0.08229367088894196,-7.106327393937542,-0.08666252919436028,34.38581382759198,30.0,0.0,0.0,,-0.08666252919436028
New York Islanders,2012,82.0,1452.5525964355502,79.0,80.26215316937999,-1.2621531693799872,-0.01539211182170716,-1.8366580654146225,-0.022398269090422227,34.66951976807276,34.0,0.0,0.0,,-0.022398269090422227
New York Islanders,2013,54.0,1472.7328458931236,61.0,54.08811477309714,6.911885226902854,0.12799787457227507,6.8762828722269,0.12733857170790555,23.51712748461753,26.0,6.0,1.0914639522392078,0.18191065870653464,0.1205170608330769
New York Islanders,2014,82.0,1469.3671044718512,79.0,84.57024010201513,-5.570240102015119,-0.0679297573416478,-6.354938116953992,-0.07749924532870722,37.07367968223216,34.0,0.0,0.0,,-0.07749924532870722
New York Islanders,2015,89.0,1511.5872370122668,108.0,99.62421531006258,8.375784689937399,0.09410994033637526,7.754178991700929,0.08712560664832504,44.63199283272787,50.0,7.0,-0.20166858625065487,-0.028809798035807837,0.09702253143843392
New York Islanders,2016,93.0,1521.1079072383163,112.0,106.5346036710508,5.4653963289491765,0.0587677024618191,5.9096643234340025,0.06354477767133336,47.996296588616275,50.0,11.0,0.31814669518122773,0.028922426834657067,0.06818923936893628
New York Islanders,2017,82.0,1505.2895207888348,94.0,91.60469669539255,2.395303304607459,0.029211015909847062,2.1014810010472305,0.025627817085941834,40.9899171005084,41.0,0.0,0.0,,0.025627817085941834
New York Islanders,2018,82.0,1504.3288905656668,80.0,92.08535627194422,-12.085356271944221,-0.14738239356029537,-11.804275850971662,-0.1439545835484349,41.277058700754786,35.0,0.0,0.0,,-0.1439545835484349
New York Islanders,2019,90.0,1511.276249041284,112.0,101.2842952992921,10.715704700707892,0.11906338556342103,11.643608693361506,0.12937342992623896,45.44562423824752,52.0,8.0,0.18995175555868404,0.023743969444835505,0.13967874314393683
New York Islanders,2020,90.0,1533.2348114686843,110.0,104.13714691006858,5.862853089931416,0.06514281211034907,6.040432127888734,0.06711591253209705,47.02528878810139,48.0,22.0,7.090426176185717,0.3222920989175326,-0.015441088945543838
New York Islanders,2021,75.0,1543.2889154768193,94.0,87.04604131982211,6.953958680177892,0.09271944906903856,6.978569723125899,0.09304759630834532,39.29890961306639,43.0,19.0,3.131732887571369,0.16482804671428256,0.06869351492061661
New York Islanders,2022,82.0,1515.9840197296726,84.0,94.07118672513157,-10.071186725131572,-0.12281935030648258,-9.440149957443126,-0.1151237799688186,42.380390233183654,37.0,0.0,0.0,,-0.1151237799688186
New York Islanders,2023,88.0,1514.1526181012348,99.0,99.114669891012,-0.11466989101199809,-0.0013030669433181602,-0.19297644778291723,-0.002192914179351332,44.483919526736905,44.0,6.0,0.35961974843880207,0.05993662473980035,-0.006738978002703909
New York Rangers,1927,46.0,1407.824951359132,62.0,48.33573511674637,13.664264883253626,0.2970492365924701,15.733184976152854,0.342025760351149,21.299610270167967,25.0,2.0,-1.063899911248044,-0.531949955624022,0.38175192925911133
New York Rangers,1928,53.0,1460.0400455059685,58.0,59.01606400477316,-1.0160640047731575,-0.019171018957984103,3.655842394650452,0.06897815838963117,26.41843615222626,24.0,9.0,2.8679210465333287,0.31865789405925876,0.01790730336629825
New York Rangers,1929,50.0,1492.9155522170458,59.0,59.4141102018271,-0.41411020182710256,-0.008282204036542052,3.6572142167782586,0.07314428433556518,27.024985325332825,24.0,6.0,0.7089440999782475,0.11815734999637457,0.06700613901818206
New York Rangers,1930,48.0,1497.3999772171767,49.0,55.766144111600624,-6.766144111600621,-0.14096133565834626,-3.799688245197351,-0.07916017177494482,25.227279048940566,18.0,4.0,0.2997883801660409,0.07494709504151023,-0.09316992330371342
New York Rangers,1931,48.0,1495.1090791190957,53.0,54.82953485375118,-1.8295348537511718,-0.038115309453149414,1.6461517269027595,0.034294827643807486,24.708761584185694,21.0,4.0,-0.3150409870623023,-0.07876024676557558,0.04457256168102412
New York Rangers,1932,55.0,1530.556657424304,62.0,63.76089819420544,-1.760898194205446,-0.03201633080373538,1.7166995030994254,0.031212718238171372,28.81676160481486,26.0,7.0,-0.784666457435424,-0.11209520820506057,0.052111790844476
New York Rangers,1933,56.0,1532.6890525860888,67.0,66.51789826974252,0.48210173025748526,0.008608959468883666,4.728789287133393,0.08444266584166774,30.235673941560652,29.0,8.0,4.625897057519636,0.5782371321899545,0.0021435881169532774
New York Rangers,1934,50.0,1536.911418544366,53.0,60.59822607954878,-7.598226079548774,-0.15196452159097548,-4.464136717609556,-0.08928273435219111,27.68127248361635,21.0,2.0,-1.2164299535780914,-0.6082149767890457,-0.06766055758398881
New York Rangers,1935,52.0,1511.6988609735308,54.0,60.218069256137625,-6.218069256137627,-0.1195782549257236,-2.3689429736375978,-0.04555659564687688,27.207477788458014,23.0,4.0,-0.253755799124039,-0.06343894978100975,-0.04406639946903246
New York Rangers,1936,48.0,1504.6089125620103,50.0,52.739834509061524,-2.7398345090615215,-0.05707988560544836,0.8922461278752598,0.018588460997401246,23.492866706595244,19.0,0.0,0.0,,0.018588460997401246
New York Rangers,1937,57.0,1520.916056774578,61.0,64.2696921667605,-3.269692166760507,-0.05736302046948258,1.080175792274994,0.018950452496052525,28.8352430691349,25.0,9.0,3.5747641617062405,0.39719601796736004,-0.051970591029817624
New York Rangers,1938,51.0,1547.8905695996293,65.0,62.85242966812004,2.1475703318799573,0.04210922219372465,6.385648611808851,0.12520879630997747,28.84022192659721,28.0,3.0,0.0883789272049883,0.029459642401662767,0.1311931184292471
New York Rangers,1939,55.0,1560.2913228282152,69.0,66.5304191652126,2.469580834787397,0.04490146972340722,6.652030797611389,0.12094601450202526,30.408730943236392,29.0,7.0,3.0775519186588713,0.4396502740941245,0.07446830997817742
New York Rangers,1940,60.0,1576.063340766867,82.0,75.497672114071,6.502327885928989,0.10837213143214981,11.157929508696833,0.1859654918116139,34.833460262832844,35.0,12.0,3.311358095871987,0.27594650798933223,0.16347023776718428
New York Rangers,1941,51.0,1554.1024833384806,58.0,63.52565572746444,-5.525655727464448,-0.10834619073459702,-2.2491255998048,-0.04410050195695686,29.233136914835416,22.0,3.0,-0.4543543045582392,-0.1514514348527464,-0.03739106865097001
New York Rangers,1942,54.0,1550.2077482063414,65.0,66.23074204961375,-1.230742049613755,-0.02279151943729176,2.105250970543047,0.0389861290841305,30.376092224304774,31.0,6.0,-2.295632855712051,-0.3826054759520085,0.09168507971364794
New York Rangers,1943,50.0,1489.4723181521188,30.0,52.08114970903572,-22.081149709035724,-0.4416229941807145,-17.301800838449843,-0.34603601676899687,22.877539780419884,11.0,0.0,0.0,,-0.34603601676899687
New York Rangers,1944,50.0,1422.9849455344033,17.0,42.69115731127224,-25.691157311272242,-0.5138231462254449,-20.080479158158163,-0.40160958316316325,17.73959506882346,6.0,0.0,0.0,,-0.40160958316316325
New York Rangers,1945,50.0,1406.9796753139951,32.0,40.995693268039375,-8.995693268039377,-0.17991386536078754,-3.7727587087911276,-0.07545517417582255,16.84258587320772,11.0,0.0,0.0,,-0.07545517417582255
New York Rangers,1946,50.0,1418.1575185726097,35.0,42.52853055790004,-7.5285305579000426,-0.15057061115800086,-2.405267034842155,-0.04810534069684311,17.650995829805026,13.0,0.0,0.0,,-0.04810534069684311
New York Rangers,1947,60.0,1458.4278037826696,50.0,58.30046014387562,-8.300460143875608,-0.1383410023979268,-1.9743495140248113,-0.032905825233746855,25.15443412295405,22.0,0.0,0.0,,-0.032905825233746855
New York Rangers,1948,66.0,1474.414623618109,59.0,66.92981421122184,-7.929814211221839,-0.12014870017002786,-0.43350995081495314,-0.0065683325881053505,29.196609252118108,23.0,6.0,-0.7434370336225775,-0.12390617227042959,0.0051654513801270546
New York Rangers,1949,60.0,1468.41147240506,47.0,60.24576397735713,-13.245763977357125,-0.22076273295595208,-6.843869577993633,-0.11406449296656056,26.19052581770878,18.0,0.0,0.0,,-0.11406449296656056
New York Rangers,1950,82.0,1479.2740270968632,83.0,82.83009655860806,0.16990344139193458,0.0020719931877065194,8.657130546603273,0.10557476276345455,36.10240339011523,35.0,12.0,6.667562767217042,0.5556302306014201,0.02842239684837477
New York Rangers,1951,70.0,1479.8822674866124,61.0,73.03042224755282,-12.030422247552822,-0.17186317496504033,-5.034381520815096,-0.07191973601164423,32.123199664003316,20.0,0.0,0.0,,-0.07191973601164423
New York Rangers,1952,70.0,1475.710987606783,59.0,71.94775081295296,-12.947750812952973,-0.18496786875647106,-5.095794617632843,-0.07279706596618347,31.546230580305707,23.0,0.0,0.0,,-0.07279706596618347
New York Rangers,1953,70.0,1451.9494804669844,50.0,67.22274357989868,-17.22274357989868,-0.24603919399855256,-9.614682730195304,-0.1373526104313615,28.898618511940455,17.0,0.0,0.0,,-0.1373526104313615
New York Rangers,1954,70.0,1456.0442883768785,68.0,68.07508292151454,-0.07508292151452922,-0.0010726131644932745,7.544594195702464,0.10777991708146377,29.371861642246184,29.0,0.0,0.0,,0.10777991708146377
New York Rangers,1955,70.0,1470.9758617114348,52.0,71.1687237383615,-19.168723738361514,-0.2738389105480216,-11.302245400609774,-0.16146064858013962,31.105251205121334,17.0,0.0,0.0,,-0.16146064858013962
New York Rangers,1956,75.0,1493.5338021844793,76.0,79.76896117873244,-3.7689611787324284,-0.05025281571643238,4.660629027825906,0.06214172037101208,35.31837031486822,33.0,5.0,-1.1212999532295318,-0.22425999064590635,0.08259898544364912
New York Rangers,1957,75.0,1477.9153156383675,69.0,76.57534405771554,-7.57534405771554,-0.1010045874362072,0.7118648584791879,0.009491531446389171,33.51487336949187,27.0,5.0,-0.3167681514326782,-0.06335363028653565,0.014694757284455231
New York Rangers,1958,76.0,1493.761384010906,82.0,81.74443678359884,0.255563216401141,0.003362673900015013,8.53455842317957,0.11229682135762592,36.2571311320191,34.0,6.0,-0.6816418631287754,-0.11360697718812923,0.13166000409011924
New York Rangers,1959,70.0,1501.1615765547438,64.0,77.42438194076982,-13.424381940769797,-0.19177688486813996,-5.799135308568976,-0.08284479012241394,34.583236674026786,26.0,0.0,0.0,,-0.08284479012241394
New York Rangers,1960,70.0,1464.2121747483213,49.0,69.75598211959951,-20.75598211959949,-0.29651403027999274,-13.112147756518198,-0.18731639652168855,30.291915135516007,17.0,0.0,0.0,,-0.18731639652168855
New York Rangers,1961,70.0,1457.6537940798225,54.0,68.42595947768135,-14.42595947768132,-0.20608513539544743,-6.64545686394,-0.09493509805628571,29.56089614138844,22.0,0.0,0.0,,-0.09493509805628571
New York Rangers,1962,76.0,1474.8284009703218,69.0,76.76452039223688,-7.764520392236872,-0.10216474200311675,0.7836595498432556,0.010311309866358627,33.502341750962465,28.0,6.0,0.7898473563488381,0.1316412260581397,-8.839723579404022e-05
New York Rangers,1963,70.0,1469.0885824743807,56.0,70.85057713841246,-14.850577138412445,-0.21215110197732065,-6.800922879630585,-0.0971560411375798,30.925582992347532,22.0,0.0,0.0,,-0.0971560411375798
New York Rangers,1964,70.0,1467.958858011854,54.0,70.45226805273647,-16.45226805273647,-0.23503240075337817,-8.824576908006597,-0.12606538440009424,30.688596090052496,22.0,0.0,0.0,,-0.12606538440009424
New York Rangers,1965,70.0,1454.278210946395,52.0,67.63468329417948,-15.63468329417947,-0.22335261848827814,-7.864722122457395,-0.11235317317796278,29.137496408918093,20.0,0.0,0.0,,-0.11235317317796278
New York Rangers,1966,70.0,1436.289997554523,47.0,63.980391136388285,-16.98039113638829,-0.2425770162341184,-9.11090294510523,-0.13015575635864615,27.15307634433909,18.0,0.0,0.0,,-0.13015575635864615
New York Rangers,1967,74.0,1475.525146246908,73.0,75.57668616723032,-2.576686167230327,-0.03482008334095037,5.6648479606347,0.07655199946803648,33.05618608724262,30.0,4.0,-2.0512120645029635,-0.5128030161257409,0.11022942893053805
New York Rangers,1968,80.0,1497.3039473547417,94.0,92.85324180552193,1.1467581944780587,0.014334477430975734,9.53634044170062,0.11920425552125775,42.004180464467694,41.0,6.0,-2.2577438029906483,-0.3762906338317747,0.15937951682015228
New York Rangers,1969,80.0,1513.6352645470402,91.0,97.22844681224481,-6.228446812244821,-0.07785558515306026,2.625183417422249,0.03281479271777811,44.49302042758863,41.0,4.0,-3.3389471831641777,-0.8347367957910444,0.07847540263929509
New York Rangers,1970,82.0,1542.4808461346915,96.0,102.76732614861061,-6.767326148610596,-0.08252836766598287,2.433276799364059,0.029674107309317795,47.3814632982715,40.0,6.0,-1.282531860038235,-0.2137553100063725,0.048892219202661756
New York Rangers,1971,91.0,1550.5047691279,124.0,117.67526268752985,6.324737312470146,0.06950260782934226,16.24771527240464,0.17854632167477627,54.68496576943008,56.0,13.0,1.3426462182304446,0.10328047832541881,0.1910906288996692
New York Rangers,1972,94.0,1586.1766368998499,129.0,124.23974936029997,4.760250639700056,0.05064096425212825,15.060119424711827,0.16021403643310453,58.033736197656964,58.0,16.0,4.546557491979957,0.2841598432487473,0.13478925554784452
New York Rangers,1973,88.0,1583.7967315926574,112.0,119.03935467373176,-7.039354673731762,-0.07999266674695184,2.64126059545268,0.03001432494832591,55.87983717992032,52.0,10.0,-0.12297976279368306,-0.012297976279368305,0.03543897895187644
New York Rangers,1974,91.0,1560.6199972751233,108.0,115.35415107595276,-7.354151075952741,-0.08081484698849166,2.5717313946095466,0.028260784556148864,53.34716295726582,47.0,13.0,2.1818551949749843,0.1678350149980757,0.004998412815827728
New York Rangers,1975,83.0,1545.7054093591066,91.0,106.74157231766954,-15.741572317669544,-0.1896574978032475,-7.010507510146484,-0.08446394590537933,49.525732241791175,38.0,3.0,-0.5954060675120356,-0.19846868917067853,-0.0801887680329306
New York Rangers,1976,80.0,1478.6846540535164,67.0,87.14721484664096,-20.147214846640956,-0.25184018558301197,-11.458729869872965,-0.14323412337341207,38.879421636045066,29.0,0.0,0.0,,-0.14323412337341207
New York Rangers,1977,80.0,1469.5593783846846,72.0,84.2916753045958,-12.29167530459581,-0.15364594130744763,-3.582739833363655,-0.04478424791704569,37.25940044978395,29.0,0.0,0.0,,-0.04478424791704569
New York Rangers,1978,83.0,1471.9291499585772,75.0,85.84417766988824,-10.844177669888238,-0.13065274301070165,-2.0466229771676803,-0.02465810815864675,37.78024166189309,31.0,3.0,0.06973377077501686,0.023244590258338953,-0.02645445934928372
New York Rangers,1979,98.0,1530.4034180070241,117.0,108.21619199471205,8.783808005287945,0.08963069393150964,19.13959065305915,0.1953019454393791,48.41878347301045,51.0,18.0,11.259189679034238,0.6255105377241243,0.09850501217531141
New York Rangers,1980,89.0,1529.7076813432182,94.0,108.58280619932655,-14.582806199326562,-0.16385175504861305,-5.103854177583321,-0.05734667615262158,49.76055846010247,42.0,9.0,-0.3985608271025456,-0.04428453634472729,-0.0588161668810097
New York Rangers,1981,94.0,1496.6333945127385,88.0,104.5710732641601,-16.571073264160113,-0.17628801344851183,-6.2290742082211095,-0.06626674689596924,46.8228084843491,37.0,14.0,1.351026857715682,0.09650191840826301,-0.09475126332420988
New York Rangers,1982,90.0,1510.603387920057,103.0,101.36253762268822,1.6374623773117762,0.018194026414575293,11.159415860950542,0.12399350956611713,45.538824390665255,44.0,10.0,2.5621241314532988,0.2562124131453299,0.10746614661871556
New York Rangers,1983,89.0,1523.030718171027,90.0,102.45417269168577,-12.454172691685779,-0.1399345246256829,-2.6133794603252607,-0.029363814160957985,46.29303836176979,40.0,9.0,2.843129192759938,0.3159032436399931,-0.06820635816356499
New York Rangers,1984,85.0,1524.541415346795,101.0,99.39126402376544,1.6087359762345494,0.018926305602759406,8.337661961702882,0.09809014072591625,45.08263403777656,44.0,5.0,1.1242265272790912,0.22484530545581824,0.09016794293029741
New York Rangers,1985,83.0,1487.1299262062103,68.0,88.45938740232849,-20.459387402328474,-0.24649864340154787,-13.738539746708701,-0.16552457526155062,39.2130791314219,26.0,3.0,-0.6503886654478535,-0.21679622181595115,-0.1636018885157606
New York Rangers,1986,96.0,1485.6030214912907,102.0,98.16127404296395,3.8387259570360475,0.039986728719125494,11.306678668028802,0.11777790279196669,42.990635230326745,44.0,16.0,4.535654295529043,0.2834783934705652,0.084637804656247
New York Rangers,1987,86.0,1503.2202910542885,86.0,94.07026021076372,-8.070260210763708,-0.09384023500888032,-1.2193000038920583,-0.014177907022000677,41.90451049408644,36.0,6.0,-0.9144703482855151,-0.15241172471425252,-0.0038103706950817994
New York Rangers,1988,80.0,1499.3624703329879,83.0,88.18316039342582,-5.183160393425827,-0.06478950491782284,1.5989840527716144,0.01998730065964518,39.319100793072565,36.0,0.0,0.0,,0.01998730065964518
New York Rangers,1989,84.0,1525.3551219414537,83.0,98.42875736104145,-15.428757361041459,-0.18367568286954117,-8.762317862537941,-0.10431330788735645,44.619918868511405,37.0,4.0,-3.8776383079947694,-0.9694095769986923,-0.06105849443178964
New York Rangers,1990,90.0,1500.1939437267638,100.0,100.50116113316572,-0.5011611331657306,-0.005568457035174785,6.585072213788189,0.073167469042091,44.994546283834886,41.0,10.0,1.8492148127660144,0.18492148127660143,0.059198217512777186
New York Rangers,1991,86.0,1530.483033875239,92.0,101.92750513291081,-9.927505132910802,-0.11543610619663723,-3.1969490040613135,-0.03717382562861993,46.32608332603085,38.0,6.0,-1.2560708746885951,-0.2093451457814325,-0.024260976617158973
New York Rangers,1992,93.0,1545.1469856900897,119.0,112.29312274083372,6.706877259166273,0.07211695977598143,14.335239147863499,0.15414235642863977,51.27310796833027,56.0,13.0,-2.230152491084682,-0.17155019162189863,0.2070673954868522
New York Rangers,1993,84.0,1532.2938700380312,83.0,100.85542751256732,-17.855427512567307,-0.21256461324484888,-11.792467017255193,-0.14038651211018088,46.002621316881886,34.0,0.0,0.0,,-0.14038651211018088
New York Rangers,1994,107.0,1546.744794549962,147.0,133.2038989222287,13.7961010777713,0.12893552409132056,21.895759210406833,0.204633263648662,61.29333256027091,68.0,23.0,6.758847933497932,0.29386295363034487,0.18020132472510603
New York Rangers,1995,58.0,1546.2521632480111,57.0,71.2095550228334,-14.209555022833388,-0.24499232797988602,-9.319353439862331,-0.16067850758383329,32.653577890720044,26.0,10.0,-0.6215054757748248,-0.062150547577482486,-0.18120516591848976
New York Rangers,1996,93.0,1544.777045851529,108.0,113.59529764566105,-5.595297645661036,-0.060164490813559526,1.7817235407537175,0.019158317642513092,52.02193351304408,46.0,11.0,-0.03788346992869274,-0.00344395181169934,0.022190329398565974
New York Rangers,1997,97.0,1530.12905625531,104.0,112.37142732550834,-8.371427325508328,-0.08630337448977658,-0.758965976592818,-0.007824391511266165,50.80970836107432,47.0,15.0,3.8382298368940306,0.2558819891262687,-0.05606336357910793
New York Rangers,1998,82.0,1504.891148489057,72.0,92.49232617621513,-20.492326176215123,-0.24990641678311126,-13.583061762569484,-0.1656470946654815,41.513330397901086,25.0,0.0,0.0,,-0.1656470946654815
New York Rangers,1999,82.0,1480.4192007532397,80.0,87.39305259987975,-7.393052599879746,-0.09015917804731398,-0.6802651923575508,-0.008295916979970131,38.65371486160417,33.0,0.0,0.0,,-0.008295916979970131
New York Rangers,2000,82.0,1480.2238029627613,73.0,88.09966464408578,-15.09966464408577,-0.18414225175714355,-9.726505892414176,-0.11861592551724605,39.050479500959774,29.0,0.0,0.0,,-0.11861592551724605
New York Rangers,2001,82.0,1459.6878902456717,72.0,85.57175838497768,-13.571758384977683,-0.1655092485972888,-8.7548002589912,-0.10676585681696585,37.6611080927225,33.0,0.0,0.0,,-0.10676585681696585
New York Rangers,2002,82.0,1464.0247720707268,80.0,85.27918243830597,-5.279182438305955,-0.0643802736378775,-0.11037373650784321,-0.0013460211769249172,37.49006911805253,36.0,0.0,0.0,,-0.0013460211769249172
New York Rangers,2003,82.0,1456.775755842093,78.0,83.41740663126107,-5.417406631261086,-0.06606593452757421,-1.4464817081206087,-0.01764002083073913,36.45169251957525,32.0,0.0,0.0,,-0.01764002083073913
New York Rangers,2004,82.0,1472.1387435616953,69.0,86.50307761575135,-17.50307761575136,-0.21345216604574827,-13.094697192412424,-0.15969142917576126,38.160814348900935,27.0,0.0,0.0,,-0.15969142917576126
New York Rangers,2006,86.0,1497.1360417511428,100.0,95.71238674246311,4.287613257536888,0.04985596811089405,4.387441187195195,0.05101675799064181,42.805773321000615,44.0,4.0,-3.9398738116892544,-0.9849684529223136,0.10155262193761522
New York Rangers,2007,92.0,1502.1031680244057,107.0,102.65023896593095,4.349761034069027,0.04728001123988072,4.5618331305371385,0.049585142723229766,45.94863907981938,48.0,10.0,2.553904007225913,0.2553904007225913,0.024486940528185657
New York Rangers,2008,92.0,1514.7917253789983,109.0,105.1114087856935,3.8885912143065005,0.04226729580767935,4.5286957539792025,0.04922495384760003,47.314722971169,47.0,10.0,1.4944689024459372,0.14944689024459373,0.037002766482112995
New York Rangers,2009,89.0,1514.6431351362282,101.0,101.76989832531221,-0.7698983253122134,-0.008650542981036105,-0.4730484666659025,-0.005315151310852837,45.84123061056849,46.0,7.0,-1.140201173769774,-0.16288588196711057,0.00813600862321794
New York Rangers,2010,82.0,1495.0558427060153,87.0,90.62974999426848,-3.6297499942684963,-0.044265243832542635,-3.991936418159733,-0.048682151440972356,40.4498597613371,38.0,0.0,0.0,,-0.048682151440972356
New York Rangers,2011,87.0,1511.620831442091,97.0,98.3088951351837,-1.3088951351836864,-0.015044771668778004,-1.6889858077550763,-0.01941362997419628,44.126251024636495,45.0,5.0,-0.8454156157391447,-0.16908312314782895,-0.010287441366047938
New York Rangers,2012,102.0,1542.3052234723164,132.0,124.0618343239835,7.93816567601649,0.07782515368643617,7.223537634607553,0.0708189964177211,56.73852437637433,61.0,20.0,-1.3077635342720053,-0.06538817671360027,0.10404025815706779
New York Rangers,2013,60.0,1525.6466451500585,69.0,69.18259589877592,-0.18259589877589144,-0.0030432649795981907,-0.22215407063806414,-0.0037025678439677355,31.225448089577704,31.0,12.0,0.11035424456870857,0.009196187047392381,-0.006927256566807778
New York Rangers,2014,107.0,1528.817111083567,126.0,123.71764858864226,2.2823514113577366,0.021330387022034922,1.2584161967423793,0.011760899034975507,55.87746642039984,58.0,25.0,1.9405238326955727,0.07762095330782291,-0.008318385804307256
New York Rangers,2015,101.0,1557.4867843481402,136.0,125.07020204535581,10.929797954644176,0.10821582133311065,10.2243802521511,0.1012314876450604,57.456617216198005,64.0,19.0,-1.2087530286295203,-0.06361858045418528,0.1394284546436661
New York Rangers,2016,87.0,1555.1995823142222,103.0,106.78835146149584,-3.7883514614958265,-0.04354426967236582,-3.372745918268084,-0.03876719446285154,48.95212598193796,47.0,5.0,-3.0947367507572414,-0.6189473501514483,-0.003390355701351755
New York Rangers,2017,94.0,1548.1747130944036,117.0,114.5199535503775,2.4800464496225256,0.02638347286832474,2.1432257601754348,0.02280027404441952,52.39466634216608,54.0,12.0,0.8036587556704573,0.0669715629725381,0.016336182981768012
New York Rangers,2018,82.0,1507.9881831911453,77.0,92.3179973279625,-15.317997327962503,-0.18680484546295736,-15.036916906989946,-0.1833770354510969,41.41794414937356,34.0,0.0,0.0,,-0.1833770354510969
New York Rangers,2019,82.0,1462.6871515153723,78.0,82.91448283198746,-4.914482831987471,-0.05993271746326185,-4.069059194236403,-0.049622673100443944,36.15659149560826,32.0,0.0,0.0,,-0.049622673100443944
New York Rangers,2020,73.0,1477.4165988145617,79.0,76.27481718742271,2.7251828125773008,0.0373312714051685,2.869219143364903,0.03930437182691648,33.541984314479556,37.0,3.0,-2.9329462047918433,-0.9776487349306144,0.08288807640223922
New York Rangers,2021,56.0,1505.7784473321485,60.0,61.8372248553651,-1.8372248553651036,-0.032807586702948276,-1.8188486099639234,-0.03247943946364149,27.567828873805837,27.0,0.0,0.0,,-0.03247943946364149
New York Rangers,2022,102.0,1545.2548066021131,132.0,120.3858849364473,11.614115063552678,0.11386387317208507,12.399063237994408,0.1215594435097491,54.676200450910656,62.0,20.0,0.518553433407551,0.02592767167037755,0.1448842659095958
New York Rangers,2023,89.0,1556.2621137622568,114.0,110.14901590606344,3.8509840939365603,0.04326948420153438,3.771787689929609,0.042379636965501226,50.59033906320519,50.0,7.0,-1.5351848530288226,-0.21931212186126037,0.0647191773531516
Oakland Seals,1968,74.0,1356.8184180568712,47.0,70.77239374684423,-23.77239374684424,-0.3212485641465438,-16.012030168163374,-0.21637878605626182,30.41880029867122,15.0,0.0,0.0,,-0.21637878605626182
Oakland Seals,1969,83.0,1387.1216907223468,76.0,79.56082971156597,-3.560829711565958,-0.0429015627899513,5.624811651713627,0.06776881508088707,34.25817343179782,32.0,7.0,-0.9233625178800013,-0.13190893112571447,0.08616018644202143
Oakland Seals,1970,80.0,1409.41038085307,59.0,77.74382450182296,-18.74382450182295,-0.23429780627278687,-9.767626503798896,-0.1220953312974862,33.58969481299235,22.0,4.0,-2.8402138095359217,-0.7100534523839804,-0.09115016702977596
Oakland Seals,1971,78.0,1393.2614334887883,45.0,71.92076127501099,-26.920761275011,-0.3451379650642436,-18.415351595067143,-0.23609425121880953,30.632588044005907,20.0,0.0,0.0,,-0.23609425121880953
Oakland Seals,1972,78.0,1399.1113487054133,60.0,70.78959531353969,-10.789595313539687,-0.1383281450453806,-2.2428956834235345,-0.028755072864404287,30.01735803242675,21.0,0.0,0.0,,-0.028755072864404287
Oakland Seals,1973,78.0,1388.8508533481909,48.0,70.19820719719858,-22.19820719719858,-0.28459239996408436,-13.61766184496692,-0.17458540826880667,29.680791498344657,16.0,0.0,0.0,,-0.17458540826880667
Oakland Seals,1974,78.0,1377.538387074254,36.0,66.08842414471836,-30.088424144718363,-0.3857490274963893,-21.580524884236404,-0.2766733959517488,27.449530911560355,13.0,0.0,0.0,,-0.2766733959517488
Oakland Seals,1975,80.0,1372.621151375103,51.0,67.0211046372896,-16.021104637289607,-0.2002638079661201,-7.605620485460149,-0.09507025606825185,27.775007867887687,19.0,0.0,0.0,,-0.09507025606825185
Oakland Seals,1976,80.0,1412.193313188621,65.0,73.20329081929486,-8.203290819294864,-0.1025411352411858,0.485194157473126,0.006064926968414075,31.146388483058438,27.0,0.0,0.0,,0.006064926968414075
Oakland Seals,1977,80.0,1437.7316696112075,63.0,76.93771276372154,-13.937712763721533,-0.17422140954651916,-5.2287772924893785,-0.06535971615611723,33.17064915543406,25.0,0.0,0.0,,-0.06535971615611723
Oakland Seals,1978,80.0,1434.504485775433,57.0,75.7685677877605,-18.768567787760503,-0.2346070973470063,-10.288996999596108,-0.12861246249495134,32.56891303831652,22.0,0.0,0.0,,-0.12861246249495134
Ottawa Senators,1918,22.0,1370.046433075549,19.0,23.509895174051668,-4.509895174051669,-0.2049952351841668,-2.507958399544817,-0.11399810907021896,10.392669855958399,9.0,0.0,0.0,,-0.11399810907021896
Ottawa Senators,1919,23.0,1419.52828499946,26.0,25.040516685479155,0.9594833145208477,0.04171666584873251,2.5801269829928435,0.1121794340431671,11.131414873808366,13.0,5.0,-2.8704822417958686,-0.5740964483591737,0.30281162359937286
Ottawa Senators,1920,24.0,1470.049283993626,38.0,30.048139773762358,7.9518602262376445,0.3313275094265685,9.719629899497923,0.40498457914574676,13.83987684227436,19.0,0.0,0.0,,0.40498457914574676
Ottawa Senators,1921,26.0,1507.1707616286305,33.0,33.5301302134264,-0.5301302134263992,-0.020389623593323046,1.169426529258973,0.04497794343303742,15.552575223401782,16.0,2.0,1.7192540996406311,0.8596270498203156,-0.02290948209923575
Ottawa Senators,1922,26.0,1519.4973709612345,32.0,33.22259973280774,-1.22259973280773,-0.04702306664645116,1.0085673360061433,0.038791051384851664,15.373840156540448,14.0,2.0,-1.2500859926487444,-0.6250429963243722,0.0941105553606203
Ottawa Senators,1923,26.0,1515.3833743874866,34.0,31.958509283955213,2.0414907160447893,0.07851887369403035,3.514982117938855,0.1351916199207252,14.64887060740748,15.0,2.0,-0.25642375813088036,-0.12821187906544018,0.15714191150290566
Ottawa Senators,1924,26.0,1529.3151201597586,34.0,32.48052346659824,1.5194765334017601,0.058441405130836926,2.9928202831892157,0.11510847243035445,14.946829631911225,16.0,2.0,-2.2349672880077147,-1.1174836440038574,0.21782448213320546
Ottawa Senators,1925,30.0,1511.8641504512027,37.0,38.407029026643414,-1.4070290266434051,-0.04690096755478017,0.8699298798863042,0.028997662662876806,17.793666513908015,17.0,0.0,0.0,,0.028997662662876806
Ottawa Senators,1926,38.0,1531.158643722795,53.0,51.80079583470414,1.1992041652958705,0.03155800434989133,3.805278480623727,0.10013890738483493,24.34587982633187,24.0,2.0,-1.5844576942696529,-0.7922288471348264,0.1497148937470383
Ottawa Senators,1927,50.0,1528.2953383043475,76.0,67.40439180609319,8.59560819390682,0.1719121638781364,10.844434381840765,0.2168886876368153,31.598504715789304,33.0,6.0,1.4083331633161436,0.23472219388602392,0.21445684587555958
Ottawa Senators,1928,46.0,1523.753986315551,51.0,58.46342637598654,-7.463426375986546,-0.1622483994779684,-3.4085642179962434,-0.07409922213035312,27.028710275031543,20.0,2.0,-2.2128476135230293,-1.1064238067615146,-0.02717537737439122
Ottawa Senators,1929,44.0,1500.500375986567,41.0,52.12384238693966,-11.123842386939659,-0.25281459970317405,-7.541076898566939,-0.1713881113310668,23.68424230958844,14.0,0.0,0.0,,-0.1713881113310668
Ottawa Senators,1930,46.0,1499.6371020646898,53.0,52.432137667013876,0.5678623329861228,0.012344833325785277,3.4107158716225916,0.07414599720918677,23.591385409187573,21.0,2.0,-1.313511984561987,-0.6567559922809935,0.10736881491328587
Ottawa Senators,1931,44.0,1474.4852358071555,25.0,46.81152511968689,-21.811525119686895,-0.495716479992884,-18.62547908742079,-0.423306342895927,20.70646262820924,10.0,0.0,0.0,,-0.423306342895927
Ottawa Senators,1933,48.0,1451.444998363672,37.0,46.2357931331032,-9.235793133103206,-0.19241235693965011,-5.595775227209571,-0.11657865056686606,19.87912988612769,11.0,0.0,0.0,,-0.11657865056686606
Ottawa Senators,1934,48.0,1446.6919796125442,35.0,45.80296022443978,-10.802960224439776,-0.22506167134249533,-7.794234436978124,-0.16237988410371093,19.634407923343893,13.0,0.0,0.0,,-0.16237988410371093
Ottawa Senators,1993,84.0,1322.5939011997143,30.0,58.70629668827776,-28.706296688277753,-0.34174162724140184,-22.643336192965634,-0.26956352610673373,22.88399922789679,10.0,0.0,0.0,,-0.26956352610673373
Ottawa Senators,1994,84.0,1321.9679696672051,41.0,59.722774667231455,-18.72277466723145,-0.22289017460989824,-12.364164544414765,-0.14719243505255672,23.430024573791,14.0,0.0,0.0,,-0.14719243505255672
Ottawa Senators,1995,48.0,1338.9417119241473,24.0,34.56431199586733,-10.56431199586732,-0.22008983324723583,-6.51724861685679,-0.13577601285118313,13.60061062333187,9.0,0.0,0.0,,-0.13577601285118313
Ottawa Senators,1996,82.0,1368.8654333982943,44.0,64.57473888903257,-20.574738889032563,-0.25091144986625075,-14.070268595634607,-0.17158864141017813,26.178333168502903,18.0,0.0,0.0,,-0.17158864141017813
Ottawa Senators,1997,89.0,1427.8296129171454,86.0,82.19610348801076,3.803896511989236,0.042740410247070065,10.788525997076661,0.12121939322558047,34.93761383480026,34.0,7.0,1.0317954743120308,0.14739935347314725,0.11898451857030037
Ottawa Senators,1998,93.0,1482.0074110719167,93.0,97.74796588306143,-4.747965883061443,-0.05105339659205853,3.088151073878118,0.03320592552557116,43.08034495434659,39.0,11.0,0.8262093394367304,0.07510993994879367,0.027584655298065718
Ottawa Senators,1999,86.0,1525.3482282981379,106.0,101.13315909425937,4.8668409057406254,0.05659117332256541,11.907081357532197,0.13845443438990926,45.87698748818711,44.0,4.0,-3.232033276119367,-0.8080083190298417,0.18462334919087275
Ottawa Senators,2000,88.0,1534.3822939098623,100.0,107.69030875538238,-7.690308755382375,-0.08738987222025427,-1.923992046271393,-0.02186354598035674,49.32568627315852,43.0,6.0,-1.3045163205478498,-0.21741938675797498,-0.00755458202101882
Ottawa Senators,2001,86.0,1543.3292349053468,111.0,108.34992760695572,2.650072393044285,0.0308147952679568,7.702004086152064,0.08955818704827981,49.99523883749235,48.0,4.0,-2.689305833341548,-0.672326458335387,0.12672329170114158
Ottawa Senators,2002,94.0,1541.387094829991,110.0,114.5462796765103,-4.546279676510295,-0.04836467740968399,1.3789400548192505,0.014669575051268622,52.432771320485315,46.0,12.0,3.5634487381878146,0.29695406151565124,-0.026640349797177616
Ottawa Senators,2003,100.0,1568.3774081999165,135.0,128.31968354794273,6.680316452057264,0.06680316452057264,11.522907821740771,0.11522907821740772,59.48147282964307,63.0,18.0,0.09884134428993196,0.0054911857938851096,0.1393178838713517
Ottawa Senators,2004,89.0,1577.4348028400573,108.0,116.14860836451838,-8.148608364518381,-0.09155739735413912,-3.363902783089537,-0.0377966604841521,54.03085041121414,46.0,7.0,-1.8158865641307809,-0.2594123663043973,-0.018878246572667748
Ottawa Senators,2006,92.0,1590.6541482892198,126.0,122.70642029643878,3.2935797035612357,0.03579977938653517,3.4003723724980297,0.03696056926628293,57.376649466041414,57.0,10.0,0.2420569540675036,0.024205695406750362,0.03851604168817714
Ottawa Senators,2007,102.0,1566.7318115443725,132.0,128.590757937489,3.409242062511023,0.03342394178932375,3.6443654738126225,0.03572907327267277,59.3330153393173,61.0,20.0,2.2156061703862706,0.11078030851931353,0.017423893944223827
Ottawa Senators,2008,86.0,1561.9225482963734,94.0,109.05708099182979,-15.057080991829785,-0.17508233711429982,-14.458722400396608,-0.16812467907437917,50.396079744348576,43.0,4.0,-4.132390783985602,-1.0330976959964004,-0.12593087337086598
Ottawa Senators,2009,82.0,1485.1542675061448,83.0,87.96715878747311,-4.967158787473112,-0.060575107164306245,-4.693656670518086,-0.057239715494123,38.954758328476764,36.0,0.0,0.0,,-0.057239715494123
Ottawa Senators,2010,88.0,1495.4738897985042,99.0,96.58915134752004,2.4108486524799377,0.027396007414544746,2.0221607829381214,0.022979099806115014,43.0472204124844,46.0,6.0,-1.0247230672374887,-0.17078717787291478,0.037157120124092814
Ottawa Senators,2011,82.0,1464.014349734428,74.0,84.06294295302398,-10.062942953023972,-0.12271881650029234,-10.421189334068275,-0.12708767480571068,36.783621572703815,32.0,0.0,0.0,,-0.12708767480571068
Ottawa Senators,2012,89.0,1482.3331569004201,98.0,93.57440287060226,4.425597129397737,0.0497258104426712,3.802049132482098,0.04271965317395616,41.22081189102429,44.0,7.0,-0.7813722253163292,-0.11162460361661845,0.05589538241217594
Ottawa Senators,2013,58.0,1513.2165003769765,66.0,64.44989561566165,1.5501043843383475,0.02672593766100599,1.5118648182049153,0.02606663479663647,28.814676339107717,30.0,10.0,0.08101026394824729,0.00810102639482473,0.029809469880347234
Ottawa Senators,2014,82.0,1492.499780546047,88.0,89.530877731228,-1.53087773122801,-0.01866924062473183,-2.315575746166882,-0.028238728611791244,39.84080350341365,37.0,0.0,0.0,,-0.028238728611791244
Ottawa Senators,2015,88.0,1497.1569667569083,105.0,96.15538779539528,8.844612204604719,0.10050695687050816,8.229990840056299,0.09352262318245795,42.79952407575176,45.0,6.0,-0.17786868687290047,-0.029644781145483412,0.1025348722796244
Ottawa Senators,2016,82.0,1506.183665474215,85.0,91.7694900891356,-6.76949008913561,-0.08255475718458061,-6.377769921955443,-0.07777768197506638,41.08978376084395,38.0,0.0,0.0,,-0.07777768197506638
Ottawa Senators,2017,101.0,1510.7401596062482,122.0,111.85685988609302,10.143140113906982,0.1004271298406632,9.781237032692554,0.09684393101675795,49.9599012664106,55.0,19.0,4.751073673475294,0.25005650913027866,0.06134345560021049
Ottawa Senators,2018,82.0,1479.8835885694016,67.0,86.24450695058881,-19.244506950588814,-0.23468910915352212,-18.963426529616257,-0.23126129914166166,38.0212399233268,28.0,0.0,0.0,,-0.23126129914166166
Ottawa Senators,2019,82.0,1445.0941747828851,64.0,78.97253937634702,-14.972539376346992,-0.1825919436139877,-14.127115738595924,-0.1722818992511698,33.970335877965816,29.0,0.0,0.0,,-0.1722818992511698
Ottawa Senators,2020,71.0,1440.0860760884761,62.0,68.76477820886069,-6.7647782088606885,-0.09527856632198153,-6.624688078916583,-0.09330546590023357,29.62947438434058,25.0,0.0,0.0,,-0.09330546590023357
Ottawa Senators,2021,56.0,1430.4206447666475,51.0,51.40023373283218,-0.4002337328321781,-0.007147030943431752,-0.3818574874309988,-0.006818883704124978,21.774752359638406,23.0,0.0,0.0,,-0.006818883704124978
Ottawa Senators,2022,82.0,1451.7986250226838,73.0,81.24965746977735,-8.249657469777336,-0.10060557889972362,-7.6186207020888865,-0.0929100085620596,35.25042809831489,33.0,0.0,0.0,,-0.0929100085620596
Ottawa Senators,2023,82.0,1474.0940945295722,86.0,84.94242701654169,1.057572983458324,0.012897231505589317,0.9846055101036041,0.012007384269556148,37.29154678335389,39.0,0.0,0.0,,0.012007384269556148
Philadelphia Flyers,1968,81.0,1394.9199051656503,80.0,85.76460092840074,-5.764600928400752,-0.07116791269630557,2.7298510969120953,0.03370186539397649,37.898813189731456,34.0,7.0,-0.16706193950050774,-0.023865991357215392,0.03914747346503518
Philadelphia Flyers,1969,80.0,1402.2986104837607,61.0,78.13324341467762,-17.133243414677626,-0.21416554268347032,-8.279613185010556,-0.10349516481263195,33.79572479059159,20.0,4.0,-3.0376074680578604,-0.7594018670144651,-0.06897375943358813
Philadelphia Flyers,1970,76.0,1419.8675095950791,58.0,75.55760499489898,-17.557604994898966,-0.23102111835393377,-9.03021689677612,-0.11881864337863315,32.8604691038843,17.0,0.0,0.0,,-0.11881864337863315
Philadelphia Flyers,1971,82.0,1439.4304497658507,73.0,83.6351315237898,-10.635131523789784,-0.1296967258998754,-1.6935469884641958,-0.02065301205444141,36.65952851360642,28.0,4.0,-2.3265523311232568,-0.5816380827808142,0.008115453111013627
Philadelphia Flyers,1972,78.0,1436.4392813157688,66.0,78.44503952528261,-12.445039525282606,-0.15955178878567444,-3.8983398951664565,-0.04997871660469816,34.25386359416105,26.0,0.0,0.0,,-0.04997871660469816
Philadelphia Flyers,1973,89.0,1474.136776211526,96.0,96.71645163289391,-0.7164516328939027,-0.008050018347122502,9.074170627985813,0.1019569733481552,43.12549952874967,42.0,11.0,2.169489046669114,0.19722627696991946,0.08852155873482946
Philadelphia Flyers,1974,95.0,1552.9110405387528,137.0,120.03741485756485,16.962585142435127,0.1785535278151066,27.32477013917598,0.28762915935974714,55.466652016383186,62.0,17.0,5.8147680239888535,0.34204517788169725,0.27576925788701445
Philadelphia Flyers,1975,97.0,1588.3355312835672,139.0,134.20749219685953,4.792507803140484,0.04940729693959262,14.996282337233698,0.1546008488374608,63.284371111969975,63.0,17.0,4.284713086853779,0.2520419462855164,0.13389461562974897
Philadelphia Flyers,1976,96.0,1613.4231178651241,134.0,134.0434402300223,-0.04344023002230646,-0.00045250239606569226,10.382741742099284,0.10815355981353421,63.34291867449019,59.0,16.0,-2.7738460070655364,-0.17336537544159603,0.16445734686456026
Philadelphia Flyers,1977,90.0,1602.4496850311339,122.0,124.13222900818485,-2.1322290081848636,-0.02369143342427626,7.665323396951313,0.08517025996612569,58.50823972473873,52.0,10.0,-2.2027599151472272,-0.2202759915147227,0.12335104140123176
Philadelphia Flyers,1978,92.0,1595.0841542832252,120.0,123.08499356827758,-3.0849935682775698,-0.03353253878562576,6.666512838111482,0.07246209606642916,57.65260651601718,52.0,12.0,2.062292138753752,0.1718576782294793,0.05755275874197163
Philadelphia Flyers,1979,88.0,1564.857328759847,101.0,110.87030419447012,-9.870304194470116,-0.11216254766443313,-0.5712340617776013,-0.006491296156563651,51.19932203240751,43.0,8.0,-4.064869812254814,-0.5081087265318518,0.04367044688096518
Philadelphia Flyers,1980,99.0,1585.7318982057243,144.0,134.465739614452,9.534260385547999,0.0963056604600808,20.078263196251154,0.20281073935607227,63.16100656568543,61.0,19.0,5.1718614944465395,0.2722032365498179,0.18633002127255768
Philadelphia Flyers,1981,92.0,1570.5457507238493,110.0,122.00221376995755,-12.002213769957562,-0.13045884532562568,-1.880257247123643,-0.020437578773083075,56.99017942208056,47.0,12.0,-0.9940730727756593,-0.08283942273130494,-0.011077302179349824
Philadelphia Flyers,1982,84.0,1534.7265033683516,89.0,101.01973385941197,-12.019733859411957,-0.14309206975490424,-3.13257727468244,-0.037292586603362377,46.11246299898841,39.0,4.0,-1.9300333571367256,-0.4825083392841814,-0.015031798969321452
Philadelphia Flyers,1983,83.0,1554.1711975711794,106.0,104.70351856173838,1.296481438261623,0.01562025829230871,10.47385040683379,0.12619096875703362,48.35532604810686,49.0,3.0,-3.6464594668025754,-1.2154864889341919,0.17650387342045457
Philadelphia Flyers,1984,83.0,1559.4374284008825,99.0,104.94592110283999,-5.9459211028400025,-0.07163760364867473,0.6246772123820197,0.007526231474482165,48.48882703317073,44.0,3.0,-2.730312599880121,-0.9101041999600404,0.04193737265327675
Philadelphia Flyers,1985,99.0,1577.16775820571,139.0,127.7147674848316,11.285232515168426,0.1139922476279639,19.30166526102815,0.19496631576796108,59.30325399271352,65.0,19.0,2.3629931024139914,0.12436805802178902,0.21173340198267693
Philadelphia Flyers,1986,85.0,1601.856508741271,115.0,116.51529467143439,-1.5152946714343645,-0.017826996134521936,5.096955124757137,0.05996417793831926,54.831575620868556,55.0,5.0,-2.868161718829154,-0.5736323437658308,0.09956396054482862
Philadelphia Flyers,1987,106.0,1587.4237520262996,132.0,138.1367518888551,-6.136751888855097,-0.05789388574391601,2.307454877754143,0.021768442242963613,64.28045990336474,61.0,26.0,2.4704538553341617,0.09501745597439083,-0.002037487219750239
Philadelphia Flyers,1988,87.0,1536.0766721294644,95.0,103.53484187018984,-8.534841870189858,-0.09810163069183744,-1.1592597849501387,-0.01332482511436941,47.09943343873126,41.0,7.0,-0.017665701321694732,-0.0025236716173849616,-0.014269926045355541
Philadelphia Flyers,1989,99.0,1522.537111515381,107.0,111.60888554378508,-4.608885543785082,-0.046554399432172544,3.247989579451216,0.03280797555001228,50.10240712446418,46.0,19.0,4.562827332632242,0.24014880698064434,-0.01643547191476285
Philadelphia Flyers,1990,80.0,1518.572471305805,76.0,92.5940934160528,-16.594093416052804,-0.20742616770066005,-10.295219329871543,-0.1286902416233943,41.82873755145549,30.0,0.0,0.0,,-0.1286902416233943
Philadelphia Flyers,1991,80.0,1503.968449632287,76.0,89.1029202160539,-13.102920216053903,-0.1637865027006738,-6.841937770612517,-0.08552422213265645,39.8415038120993,33.0,0.0,0.0,,-0.08552422213265645
Philadelphia Flyers,1992,80.0,1479.5386039441128,79.0,84.28623562721285,-5.28623562721286,-0.06607794534016075,1.2757961049998037,0.015947451312497547,37.17034283111765,32.0,0.0,0.0,,0.015947451312497547
Philadelphia Flyers,1993,84.0,1484.0931384167804,85.0,89.49849914281678,-4.498499142816787,-0.053553561224009366,1.5644613524953277,0.018624539910658662,39.6057353665382,36.0,0.0,0.0,,0.018624539910658662
Philadelphia Flyers,1994,84.0,1498.4309132903445,85.0,95.80384107663768,-10.803841076637667,-0.12861715567425794,-4.4452309538209835,-0.05291941611691647,43.154012625390656,35.0,0.0,0.0,,-0.05291941611691647
Philadelphia Flyers,1995,63.0,1503.361869481181,81.0,69.23136748540144,11.768632514598565,0.18680369070791372,17.08040319954988,0.27111751110396637,30.871344009108867,38.0,15.0,5.338385144200578,0.35589234294670524,0.24462537615311053
Philadelphia Flyers,1996,94.0,1554.0483960254087,122.0,118.36066151789262,3.639338482107365,0.03871636683092942,11.095682476978192,0.11803917528700204,54.5958893411841,51.0,12.0,1.123495863346762,0.09362465527889684,0.12161203187355402
Philadelphia Flyers,1997,101.0,1565.432831838936,130.0,127.98185539158683,2.0181446084131713,0.019981629786269023,9.944521889242722,0.09846061276477942,59.121748330957054,57.0,19.0,2.358563386466919,0.12413491507720627,0.0925116890582415
Philadelphia Flyers,1998,87.0,1564.0411995275945,99.0,111.39812207127143,-12.398122071271434,-0.14250715024449925,-5.0675610470376515,-0.05824782812686956,51.601678556204874,43.0,5.0,-2.590613439478592,-0.5181226878957184,-0.03020667814096414
Philadelphia Flyers,1999,88.0,1546.7097266260078,101.0,108.7552964816396,-7.755296481639599,-0.0881283691095409,-0.5513295077133424,-0.006265108042197073,49.93592317978545,39.0,6.0,-1.4699462175944578,-0.24499103626574295,0.011202642803428265
Philadelphia Flyers,2000,100.0,1548.5517610280988,128.0,124.13419638034011,3.865803619659882,0.03865803619659882,10.418436243649635,0.10418436243649636,57.07296235939299,56.0,18.0,2.141383618023643,0.11896575655686907,0.10093966616617063
Philadelphia Flyers,2001,88.0,1543.5588580502028,106.0,110.0041870337058,-4.0041870337058025,-0.04550212538302048,1.1652314429626216,0.013241266397302519,50.68147833011136,45.0,6.0,-0.5140306405676169,-0.08567177342793615,0.02047880589671023
Philadelphia Flyers,2002,87.0,1552.025392389181,100.0,109.98336125673586,-9.98336125673587,-0.11475127881305598,-4.499381292632995,-0.05171702635210339,50.791169882913486,43.0,5.0,-2.5002695636528514,-0.5000539127305703,-0.02437941132902615
Philadelphia Flyers,2003,95.0,1535.9063726091763,122.0,114.41865349955536,7.581346500444644,0.07980364737310151,12.181808301643978,0.1282295610699366,52.211026158498,51.0,13.0,1.300879876687464,0.10006768282211262,0.1326942490848355
Philadelphia Flyers,2004,100.0,1551.611528488667,123.0,122.92411155896599,0.07588844103399062,0.0007588844103399062,5.45196212803269,0.054519621280326905,56.40075860937975,51.0,18.0,3.1251869556252165,0.17362149753473424,0.02837530698057892
Philadelphia Flyers,2006,88.0,1538.4411767189865,106.0,106.98805378480321,-0.9880537848031921,-0.011227883918218091,-0.885904275385391,-0.010067094038470352,48.9467475103704,47.0,6.0,-1.0157294388380502,-0.1692882398063417,0.0015832337006421835
Philadelphia Flyers,2007,82.0,1450.4321574774604,56.0,81.73903478551165,-25.739034785511645,-0.3138906681159957,-25.550014003877028,-0.31158553663264665,35.52028505223778,22.0,0.0,0.0,,-0.31158553663264665
Philadelphia Flyers,2008,99.0,1475.3370281650498,114.0,102.31832602907322,11.68167397092678,0.11799670677703819,12.370482116878927,0.12495436481695886,44.878830122457934,51.0,17.0,2.4025889625413765,0.14132876250243392,0.12155967261387257
Philadelphia Flyers,2009,88.0,1512.4962779955238,104.0,100.11627527630836,3.883724723691635,0.04413323549649585,4.177239190667763,0.04746862716667912,45.04125238140805,46.0,6.0,-1.1834301315762636,-0.1972383552627106,0.06537401612492716
Philadelphia Flyers,2010,105.0,1517.2214256069642,118.0,119.50885075297593,-1.5088507529759234,-0.01437000717119927,-1.972626051861049,-0.018786914779629037,53.76165048666441,55.0,23.0,5.75821081731555,0.25035699205719786,-0.0942784984045927
Philadelphia Flyers,2011,93.0,1544.3895149936532,116.0,113.68053767398187,2.3194623260181224,0.024940455118474435,1.9131585036142211,0.02057159681305614,52.07417733963284,51.0,11.0,-2.4536926311400777,-0.2230629664672798,0.05325428213114999
Philadelphia Flyers,2012,93.0,1531.0416991213933,114.0,108.79446331258315,5.205536687416842,0.055973512767923034,4.553964061426342,0.04896735549920798,49.27563351873213,52.0,11.0,-1.1193444155044856,-0.10175858322768051,0.06918668874305882
Philadelphia Flyers,2013,48.0,1505.9179449099336,49.0,53.78564700624699,-4.785647006246988,-0.09970097929681225,-4.817293543736727,-0.10036028216118181,24.082680328171456,23.0,0.0,0.0,,-0.10036028216118181
Philadelphia Flyers,2014,89.0,1504.4568076625178,100.0,97.95021514954553,2.0497848504544725,0.023031290454544634,1.1981004196061824,0.013461802467485195,43.68685189289392,45.0,7.0,-1.092451658363998,-0.1560645226234283,0.027933561926465615
Philadelphia Flyers,2015,82.0,1494.1944001516754,84.0,89.8871079499165,-5.887107949916508,-0.07179399938922572,-6.4598233123366295,-0.07877833307727597,40.0342259584087,33.0,0.0,0.0,,-0.07877833307727597
Philadelphia Flyers,2016,88.0,1483.390546189561,100.0,91.874481997403,8.125518002597019,0.0923354318476934,8.54590062103427,0.09711250705720763,40.415559601502196,43.0,6.0,-1.2392931560149816,-0.20654885933583025,0.11933163142742992
Philadelphia Flyers,2017,82.0,1495.9613394904884,88.0,89.11395023216016,-1.1139502321601529,-0.013584758928782352,-1.407772535720381,-0.017167957752687573,39.60416394233112,39.0,0.0,0.0,,-0.017167957752687573
Philadelphia Flyers,2018,88.0,1501.8807139968048,102.0,96.75751154381032,5.24248845618968,0.059573732456700904,5.544135737233401,0.06300154246856138,43.138730657803634,44.0,6.0,-1.727405156945979,-0.2879008594909965,0.08867732797779732
Philadelphia Flyers,2019,82.0,1491.9450190681011,82.0,88.45320940109298,-6.453209401092977,-0.07869767562308508,-5.60778576334191,-0.0683876312602672,39.23810435386862,37.0,0.0,0.0,,-0.0683876312602672
Philadelphia Flyers,2020,85.0,1511.2327309780499,109.0,94.85105319254882,14.14894680745117,0.16645819773471965,14.316660343299748,0.16843129815646762,42.440754981961796,51.0,16.0,1.028972828614708,0.06431080178841925,0.19257518137224688
Philadelphia Flyers,2021,56.0,1516.3223423458894,58.0,63.820619066184946,-5.8206190661849515,-0.10393962618187413,-5.802242820783769,-0.1036114789425673,28.69822498181773,25.0,0.0,0.0,,-0.1036114789425673
Philadelphia Flyers,2022,82.0,1453.3364645832478,61.0,80.74497952223443,-19.744979522234434,-0.2407924331979809,-19.11394275454599,-0.23309686286031697,34.95101188490288,25.0,0.0,0.0,,-0.23309686286031697
Philadelphia Flyers,2023,82.0,1434.1552731139532,75.0,76.33264473210316,-1.3326447321031705,-0.01625176502564842,-1.4056122054578895,-0.01714161226168158,32.553641715817015,31.0,0.0,0.0,,-0.01714161226168158
Philadelphia Quakers,1931,44.0,1343.4969509264122,15.0,32.42290667888552,-17.422906678885514,-0.3959751517928526,-14.236860646619414,-0.32356501469589577,12.86420275020061,4.0,0.0,0.0,,-0.32356501469589577
Pittsburgh Penguins,1968,74.0,1377.800983023957,67.0,75.10674591161963,-8.106745911619617,-0.10955062042729212,-0.3463823329387503,-0.00468084233701014,32.832948959239324,27.0,0.0,0.0,,-0.00468084233701014
Pittsburgh Penguins,1969,76.0,1386.493328762354,51.0,71.31328922784496,-20.313289227844958,-0.2672801214190126,-11.902340509661242,-0.15660974354817422,30.515220707948806,20.0,0.0,0.0,,-0.15660974354817422
Pittsburgh Penguins,1970,86.0,1411.0803315614507,76.0,83.31771470157527,-7.317714701575264,-0.08508970583227052,2.3316981463005906,0.027112769143030124,35.9812161664486,32.0,10.0,3.4458831892848316,0.3445883189284832,-0.014660329512950546
Pittsburgh Penguins,1971,78.0,1437.3265228083822,62.0,80.82476398087974,-18.824763980879737,-0.24134312795999663,-10.319354300935885,-0.1322994141145626,35.55024180837203,21.0,0.0,0.0,,-0.1322994141145626
Pittsburgh Penguins,1972,82.0,1431.0139475378328,67.0,79.79532220837572,-12.795322208375723,-0.1560405147362893,-3.810330289535668,-0.04646744255531302,34.533454875211085,26.0,4.0,-1.1527257333278695,-0.2881814333319674,-0.03407185328471535
Pittsburgh Penguins,1973,78.0,1461.5089938745248,73.0,84.94893211202405,-11.948932112024053,-0.1531914373336417,-3.368386759792389,-0.04318444563836396,37.87380310697719,32.0,0.0,0.0,,-0.04318444563836396
Pittsburgh Penguins,1974,78.0,1448.1459160562586,65.0,79.87718634487254,-14.877186344872547,-0.19073315826759676,-6.369287084390581,-0.08165752672295616,35.011357445145144,28.0,0.0,0.0,,-0.08165752672295616
Pittsburgh Penguins,1975,89.0,1488.0571854098098,99.0,102.00051511865823,-3.0005151186582304,-0.0337136530186318,6.36171100025204,0.0714798988792364,46.03833818601887,42.0,9.0,-0.21384899786348655,-0.023760999762609616,0.08219449997644405
Pittsburgh Penguins,1976,83.0,1502.6528517515985,84.0,95.70948815891407,-11.709488158914075,-0.1410781705893262,-2.6951849955172857,-0.03247210837972633,43.291005181795434,36.0,3.0,-0.9818884232124803,-0.3272961410708268,-0.02141620715381005
Pittsburgh Penguins,1977,83.0,1501.975922821365,83.0,94.95450362149505,-11.954503621495048,-0.14403016411439817,-2.9189830700916852,-0.03516847072399621,42.862164677157914,35.0,3.0,-1.1225962055209346,-0.3741987351736449,-0.022454835807134414
Pittsburgh Penguins,1978,80.0,1475.8126901174105,68.0,84.72075717473706,-16.72075717473707,-0.2090094646842134,-8.241186386572675,-0.10301482983215844,37.52724273586854,25.0,0.0,0.0,,-0.10301482983215844
Pittsburgh Penguins,1979,87.0,1478.0703687521452,89.0,90.21254327898286,-1.2125432789828674,-0.01393727906876859,7.980855602201774,0.09173397243910085,39.715401092747996,38.0,7.0,-1.563023829404073,-0.22328911848629615,0.1192984928950731
Pittsburgh Penguins,1980,85.0,1483.7069086462807,77.0,94.16890448153913,-17.168904481539126,-0.20198711154751914,-8.115972775379852,-0.09548203265152767,42.171689107205644,32.0,5.0,0.8793455263323255,0.1758691052664651,-0.11244147877140223
Pittsburgh Penguins,1981,85.0,1455.9754709136457,78.0,86.58968634562544,-8.58968634562545,-0.10105513347794648,0.7621213113406656,0.008966133074596067,37.884905273524375,32.0,5.0,1.3281512943643805,0.2656302588728761,-0.007075374787796435
Pittsburgh Penguins,1982,85.0,1473.8489593547697,80.0,86.42273029375369,-6.422730293753684,-0.0755615328676904,2.5702257741273753,0.030237950283851473,37.84413350824495,33.0,5.0,2.523252877099311,0.5046505754198621,0.0005871612128507842
Pittsburgh Penguins,1983,80.0,1436.8006243181385,45.0,76.83963850473695,-31.839638504736946,-0.3979954813092118,-22.99398166755896,-0.287424770844487,33.11883501838892,18.0,0.0,0.0,,-0.287424770844487
Pittsburgh Penguins,1984,80.0,1394.1634223104818,43.0,67.43377000129192,-24.433770001291915,-0.30542212501614896,-18.100663191439367,-0.22625828989299207,27.97791174740751,16.0,0.0,0.0,,-0.22625828989299207
Pittsburgh Penguins,1985,80.0,1400.7497950002535,53.0,68.64015703225044,-15.640157032250453,-0.19550196290313065,-9.162231581050676,-0.11452789476313345,28.609433007087375,24.0,0.0,0.0,,-0.11452789476313345
Pittsburgh Penguins,1986,80.0,1444.2023921116547,79.0,76.77943726591751,2.220562734082486,0.027757034176031075,8.443856659909786,0.10554820824887232,33.05725209108064,34.0,0.0,0.0,,0.10554820824887232
Pittsburgh Penguins,1987,80.0,1489.9581194601924,76.0,85.87634833687362,-9.876348336873615,-0.12345435421092019,-3.5033620979232443,-0.043792026224040555,38.05944781309555,30.0,0.0,0.0,,-0.043792026224040555
Pittsburgh Penguins,1988,80.0,1489.9462829111976,83.0,86.72722822631815,-3.7272282263181564,-0.04659035282897696,3.0549162198792854,0.03818645274849107,38.50812214771433,36.0,0.0,0.0,,0.03818645274849107
Pittsburgh Penguins,1989,91.0,1517.08128657494,102.0,104.54651003577234,-2.5465100357723536,-0.02798362676672916,4.675466087606461,0.051378748215455614,47.129623457116814,47.0,11.0,2.4722705140181356,0.2247518649107396,0.0275399446698541
Pittsburgh Penguins,1990,80.0,1492.2487226077271,75.0,87.46238676957391,-12.46238676957391,-0.15577983461967387,-6.163512683392648,-0.0770439085424081,38.935827014938724,32.0,0.0,0.0,,-0.0770439085424081
Pittsburgh Penguins,1991,104.0,1509.7230815417192,123.0,116.66608539206977,6.333914607930236,0.06090302507625227,14.473191787004037,0.1391653056442696,52.27412978272476,57.0,24.0,7.552132141686071,0.314672172570253,0.08651324556647456
Pittsburgh Penguins,1992,101.0,1539.326212855682,121.0,119.61672995446823,1.3832700455317735,0.013695743025067065,9.667835107450259,0.09572113967772533,54.38278887777195,55.0,21.0,12.035378953362944,0.5731132834934736,-0.029594298073908544
Pittsburgh Penguins,1993,96.0,1585.106544255116,134.0,128.6169609932122,5.383039006787802,0.056073322987372935,12.312136715715935,0.128251424122041,60.190126129199996,63.0,12.0,-1.3041075601901837,-0.10867563001584864,0.1620981461417395
Pittsburgh Penguins,1994,90.0,1560.882500243986,107.0,116.32629246033186,-9.326292460331857,-0.10362547178146507,-2.5134959001711206,-0.02792773222412356,54.004321853561635,46.0,6.0,-2.674862441383371,-0.44581040689722845,0.001921030252526786
Pittsburgh Penguins,1995,60.0,1549.1364531327044,73.0,73.9383009454873,-0.9383009454872993,-0.01563834909145499,4.120528278275864,0.06867547130459774,33.93770266313067,34.0,12.0,-1.4607669830045935,-0.12173058191704945,0.11627698461000953
Pittsburgh Penguins,1996,100.0,1555.801184256212,126.0,125.71879558086431,0.28120441913569816,0.0028120441913569816,8.213485264742962,0.08213485264742962,57.98062773396509,60.0,18.0,1.8585180360687346,0.10325100200381859,0.07749960034968571
Pittsburgh Penguins,1997,87.0,1531.3327453959196,90.0,103.6013716359537,-13.601371635953704,-0.1563376050109621,-6.773700116823296,-0.07785862203245167,47.1665752650598,39.0,5.0,-1.972975145677401,-0.39459502913548017,-0.05854542647738897
Pittsburgh Penguins,1998,88.0,1528.6924119919065,105.0,104.71317626913194,0.2868237308680708,0.003259360578046259,7.701644077219486,0.08751868269567598,47.633857470627426,42.0,6.0,-1.7794088100652918,-0.296568135010882,0.11562259618639972
Pittsburgh Penguins,1999,95.0,1531.283968134047,105.0,111.98833053204906,-6.988330532049053,-0.07356137402156898,0.7886792693486102,0.008301887045774845,50.84717878133022,44.0,13.0,1.745610320969556,0.13427771699765814,-0.011669890873426179
Pittsburgh Penguins,2000,93.0,1510.9850942657984,102.0,106.02225230604358,-4.022252306043576,-0.043250024796167484,2.0716960342668926,0.022276301443730027,47.72822622920979,43.0,11.0,3.501846542975494,0.3183496857250449,-0.0174408598623
Pittsburgh Penguins,2001,100.0,1523.2961110255824,116.0,117.59962830710978,-1.5996283071097674,-0.015996283071097673,4.274710870922533,0.04274710870922533,53.40482159678042,51.0,18.0,2.2992935438257938,0.1277385302125441,0.024090455208496824
Pittsburgh Penguins,2002,82.0,1491.7136061164456,69.0,91.71317690932257,-22.713176909322563,-0.27698996230881173,-17.544368207524457,-0.21395570984785922,41.078070160037136,28.0,0.0,0.0,,-0.21395570984785922
Pittsburgh Penguins,2003,82.0,1454.215222275976,65.0,83.17841621617171,-18.178416216171712,-0.2216880026362404,-14.207491293031232,-0.17326208893940528,36.32162961167415,27.0,0.0,0.0,,-0.17326208893940528
Pittsburgh Penguins,2004,82.0,1394.7769020907701,58.0,70.24551798507598,-12.245517985075974,-0.14933558518385334,-7.83713756173704,-0.09557484831386634,29.234943526843267,23.0,0.0,0.0,,-0.09557484831386634
Pittsburgh Penguins,2006,82.0,1393.3742238810717,58.0,69.33221437403034,-11.332214374030348,-0.13819773626866277,-11.237029603891036,-0.1370369463889151,28.722633549955006,22.0,0.0,0.0,,-0.1370369463889151
Pittsburgh Penguins,2007,87.0,1462.2466517728528,107.0,87.63787971458633,19.362120285413656,0.2225531067288926,19.562666724465025,0.22485823821224166,38.18133657789635,48.0,5.0,-2.226717588610569,-0.4453435177221138,0.2657241989399462
Pittsburgh Penguins,2008,102.0,1521.1267154239292,130.0,118.02525979609595,11.974740203904041,0.1173994137637651,12.684421323975949,0.12435707180368577,53.309717009199844,61.0,20.0,4.86687587659671,0.2433437938298355,0.09533592008999073
Pittsburgh Penguins,2009,106.0,1538.0073711651537,132.0,124.89981340237364,7.100186597626369,0.06698289243043744,7.453738114665795,0.0703182841006207,56.68780956018171,61.0,24.0,6.295132644956715,0.26229719353986314,0.014129334996452211
Pittsburgh Penguins,2010,95.0,1550.7480951093282,116.0,118.57625531965301,-2.576255319653032,-0.02711847704897928,-2.995861542453854,-0.03153538465740899,54.57255179148609,54.0,13.0,-1.3293763551989264,-0.10225971963068664,-0.020322990088474727
Pittsburgh Penguins,2011,89.0,1539.0119514263395,112.0,108.74588221349453,3.2541177865054802,0.036563121196690786,2.8652893973232514,0.03219426289127249,49.78507999012303,52.0,7.0,-2.6944184274671477,-0.3849169182095925,0.0678013149364683
Pittsburgh Penguins,2012,88.0,1541.3260445761227,113.0,106.17463391177498,6.825366088225027,0.0775609782752844,6.2088242485781,0.07055482100656932,48.456252090126114,53.0,6.0,-2.19470262731632,-0.3657837712193867,0.10248203507188319
Pittsburgh Penguins,2013,63.0,1570.791322289425,90.0,81.37205302683785,8.627946973162143,0.13695153925654194,8.586410892706862,0.13629223639217242,37.76365220263206,44.0,15.0,-1.9064862595991212,-0.12709908397327474,0.21860202400637463
Pittsburgh Penguins,2014,95.0,1574.1357167596846,126.0,122.622567299326,3.3774327006740164,0.035551923164989646,2.4683313419033683,0.025982435177930193,56.89987972993279,58.0,13.0,0.9143463720125369,0.07033433630865668,0.01895103621818088
Pittsburgh Penguins,2015,87.0,1546.5487506650031,102.0,105.78094461779904,-3.780944617799044,-0.043459133537920046,-4.3885816486594145,-0.05044346722597028,48.39585138654298,44.0,5.0,-0.3671721477511769,-0.07343442955023538,-0.049041579279368766
Pittsburgh Penguins,2016,106.0,1527.995188400204,139.0,121.23007683494963,17.76992316505037,0.16764078457594686,18.27629313725888,0.17241785978546112,54.60398057176798,64.0,24.0,6.937992575239097,0.2890830239682957,0.13827195807341203
Pittsburgh Penguins,2017,107.0,1572.330675688671,145.0,135.08605458243613,9.913945417563859,0.09265369549125102,9.530543143406002,0.0890704966673458,62.35821802189579,66.0,25.0,3.9545027931683565,0.15818011172673427,0.06800049207606881
Pittsburgh Penguins,2018,94.0,1552.845101668892,113.0,116.00582543746484,-3.005825437464848,-0.03197686635600902,-2.6836112963499645,-0.02854905634414856,53.238133849060375,53.0,12.0,-1.1937103327948748,-0.09947586106623957,-0.01816952394579376
Pittsburgh Penguins,2019,86.0,1537.7010054126106,101.0,103.2040140411941,-2.2040140411940965,-0.025628070246442983,-1.3173502259917573,-0.015318025883625085,47.040265863114186,44.0,4.0,-3.428874962097951,-0.8572187405244878,0.025750301659831634
Pittsburgh Penguins,2020,73.0,1535.1751354698251,89.0,87.63773607413974,1.3622639258602622,0.01866114966931866,1.5063002566478623,0.020634250091066605,39.96275311253937,41.0,3.0,-1.698018021416006,-0.5660060071386687,0.0457759754009124
Pittsburgh Penguins,2021,62.0,1535.976441833631,83.0,74.17151537972416,8.828484620275855,0.14239491323025572,8.848829749112877,0.14272306046956254,33.74865220537604,39.0,6.0,-1.0055171498564195,-0.16758619164273658,0.17597048033873747
Pittsburgh Penguins,2022,89.0,1549.6118033844368,110.0,107.95697416659573,2.0430258334042577,0.022955346442744468,2.7279315934563533,0.030650916780408464,49.36226770668564,49.0,7.0,-0.44655404634358903,-0.06379343519194129,0.0387132395097554
Pittsburgh Penguins,2023,82.0,1529.1575830123436,91.0,96.55027899739731,-5.5502789973973155,-0.06768632923655263,-5.623246470752034,-0.06857617647258578,43.81271811569093,40.0,0.0,0.0,,-0.06857617647258578
Pittsburgh Pirates,1926,38.0,1391.5824343266693,43.0,36.89959225893333,6.10040774106667,0.16053704581754394,8.706482056394522,0.22911794885248743,15.926361055127822,19.0,2.0,-0.8888355309470989,-0.44441776547354944,0.2665365996483784
Pittsburgh Pirates,1927,44.0,1424.0015230533752,36.0,48.31927294428428,-12.319272944284283,-0.27998347600646095,-10.340305898902411,-0.23500695224778206,21.540084355051768,15.0,0.0,0.0,,-0.23500695224778206
Pittsburgh Pirates,1928,46.0,1422.9240963459636,49.0,47.24049344607986,1.7595065539201364,0.0382501424765247,5.814368711910439,0.12639931982414,20.68470229100754,20.0,2.0,0.37978101862890457,0.18989050931445228,0.12351335666548943
Pittsburgh Pirates,1929,44.0,1442.9918944259139,29.0,45.86794584480231,-16.8679458448023,-0.3833624055636886,-13.285180356429585,-0.30193591719158147,20.16337059124409,9.0,0.0,0.0,,-0.30193591719158147
Pittsburgh Pirates,1930,44.0,1405.6826143890846,15.0,39.52504345255006,-24.525043452550054,-0.5573873511943194,-21.80579224168039,-0.49558618731091797,16.67911615675553,5.0,0.0,0.0,,-0.49558618731091797
Quebec Athletic Club/Bulldogs,1920,24.0,1353.7027649757367,9.0,20.789264790941267,-11.78926479094127,-0.49121936628921953,-10.021495117680988,-0.4175622965700412,8.67155509375543,4.0,0.0,0.0,,-0.4175622965700412
Quebec Athletic Club/Bulldogs,1921,24.0,1380.623021218924,14.0,21.060893632424488,-7.060893632424484,-0.2942039013510202,-5.492072023791833,-0.2288363343246597,8.817075741914083,6.0,0.0,0.0,,-0.2288363343246597
Quebec Athletic Club/Bulldogs,1922,24.0,1402.229562693498,15.0,21.534378636588322,-6.534378636588323,-0.27226577652451345,-4.474839803837057,-0.1864516584932107,9.072445438027763,7.0,0.0,0.0,,-0.1864516584932107
Quebec Athletic Club/Bulldogs,1923,24.0,1426.6840426093524,14.0,22.583992170264914,-8.583992170264914,-0.35766634042770473,-7.223846260824237,-0.30099359420100985,9.638484995665646,6.0,0.0,0.0,,-0.30099359420100985
Quebec Athletic Club/Bulldogs,1924,24.0,1436.2759489964258,21.0,22.766944311944243,-1.7669443119442472,-0.07362267966434363,-0.4069346967558254,-0.016955612364826057,9.740486328022927,9.0,0.0,0.0,,-0.016955612364826057
Quebec Athletic Club/Bulldogs,1925,30.0,1484.318038736746,40.0,35.937148969805264,4.062851030194752,0.13542836767315838,6.339809936724459,0.2113269978908153,16.38836167039679,19.0,0.0,0.0,,0.2113269978908153
San Jose Sharks,1992,80.0,1355.5438803058937,42.0,60.45042782653048,-18.45042782653048,-0.230630347831631,-11.888396094317816,-0.1486049511789727,24.176101975837128,17.0,0.0,0.0,,-0.1486049511789727
San Jose Sharks,1993,84.0,1337.6326575563048,29.0,61.96135183962131,-32.96135183962131,-0.39239704570977746,-26.89839134430919,-0.3202189445751094,24.60633805087654,11.0,0.0,0.0,,-0.3202189445751094
San Jose Sharks,1994,98.0,1385.4593027420224,98.0,82.45033937871546,15.549660621284549,0.15867000633963824,22.968039097904015,0.23436774589697973,34.177947745985726,40.0,14.0,5.342708522615393,0.3816220373296709,0.20982536399153126
San Jose Sharks,1995,59.0,1446.8799434423177,50.0,57.31186120504133,-7.311861205041329,-0.12392985093290389,-2.337345801674219,-0.03961603053685117,24.738178273518443,23.0,11.0,0.31289711586055907,0.028445192350959915,-0.05521339411530791
San Jose Sharks,1996,82.0,1415.2557691034947,48.0,74.90258913188326,-26.90258913188326,-0.328080355266869,-20.39811883848531,-0.24875754681079645,31.763048787140885,20.0,0.0,0.0,,-0.24875754681079645
San Jose Sharks,1997,82.0,1424.7625080704677,63.0,76.41578884631477,-13.415788846314769,-0.16360718105261912,-6.9805122420769115,-0.08512819807410868,32.5635998215383,27.0,0.0,0.0,,-0.08512819807410868
San Jose Sharks,1998,88.0,1446.0664748130919,85.0,84.7031238129459,0.29687618705410435,0.003373593034705731,7.7116965334055205,0.08763291515233546,36.449774547715464,36.0,6.0,0.6132784947460773,0.10221308245767956,0.08656607364218832
San Jose Sharks,1999,88.0,1480.9595580447801,88.0,93.8075085966331,-5.8075085966330935,-0.0659944158708306,1.3964583772931647,0.015868845196513236,41.49577878739825,33.0,6.0,0.8096820986882858,0.13494701644804763,0.007155808275669241
San Jose Sharks,2000,94.0,1504.0159398138433,97.0,102.74863026239709,-5.748630262397105,-0.06115564108933091,0.41084440415326196,0.0043706851505666165,45.784092204594835,40.0,12.0,0.609228411426217,0.05076903428551808,-0.002419317161865316
San Jose Sharks,2001,88.0,1520.5281200460909,100.0,103.28208096180356,-3.2820809618035556,-0.037296374565949496,1.8873375148648677,0.021447017214373497,46.84486730540131,42.0,6.0,-0.5747032332249593,-0.09578387220415989,0.03002488717182717
San Jose Sharks,2002,94.0,1527.1362091425208,114.0,110.67339923017194,3.3266007698280435,0.035389369891787696,9.251820501157583,0.09842362235274024,50.22679970552599,51.0,12.0,2.380134491683683,0.19834454097364027,0.08380104889602316
San Jose Sharks,2003,82.0,1506.9592271785841,73.0,92.6905071173134,-19.690507117313395,-0.2401281355769926,-15.71958219417292,-0.19170222188015756,41.629190137980814,28.0,0.0,0.0,,-0.19170222188015756
San Jose Sharks,2004,99.0,1513.9132134647443,127.0,111.8702553965079,15.129744603492094,0.15282570306557672,20.452057553620804,0.2065864399355637,50.24228796447467,53.0,17.0,3.9536435264054064,0.23256726625914156,0.20120017106360244
San Jose Sharks,2006,93.0,1529.27116202207,112.0,109.0656144763051,2.9343855236949308,0.031552532512848716,3.0423389825114695,0.032713322392596444,49.45013264315139,50.0,11.0,-0.015049465754300995,-0.0013681332503909995,0.03728522497885086
San Jose Sharks,2007,93.0,1556.9899821858612,120.0,114.35969484940536,5.640305150594643,0.060648442479512295,5.8546823785461,0.06295357396286129,52.46197488445052,57.0,11.0,0.704185405365192,0.06401685503319927,0.06281093869732818
San Jose Sharks,2008,95.0,1549.9813304800502,123.0,115.96239510425599,7.037604895744002,0.07408005153414739,7.6985824095364634,0.08103770957406804,53.09230023756966,55.0,13.0,-0.30799159457727554,-0.023691661121328887,0.09764114639163095
San Jose Sharks,2009,88.0,1574.594258595528,121.0,113.3894548880368,7.610545111963218,0.08648346718140021,7.904059578939346,0.08981885885158349,52.58538501842477,55.0,6.0,-3.1078478588380305,-0.5179746431396718,0.13429155411923624
San Jose Sharks,2010,97.0,1561.7176056234307,131.0,121.08477320273306,9.915226797266937,0.10221883296151482,9.486786759249254,0.09780192535308509,55.73000324023615,59.0,15.0,-0.2563875524262462,-0.01709250349508308,0.11881919892287195
San Jose Sharks,2011,100.0,1546.9652243884316,124.0,118.72417927890683,5.27582072109317,0.0527582072109317,4.838934890551336,0.04838934890551336,53.98150697137751,57.0,18.0,-1.8212746625105816,-0.10118192569503232,0.0812220677202673
San Jose Sharks,2012,87.0,1542.3172001114388,98.0,104.49474416363717,-6.494744163637154,-0.07465223176594431,-7.1042798460153636,-0.08165838903465936,47.65040090344636,44.0,5.0,-3.092678816436907,-0.6185357632873814,-0.04892196377534709
San Jose Sharks,2013,59.0,1521.8118699601753,71.0,66.3772321667,4.622767833300021,0.07835199717457662,4.583868964302219,0.0776926943102071,29.771680300842707,32.0,11.0,2.385724105925916,0.21688400962962875,0.045794684549506304
San Jose Sharks,2014,89.0,1555.1536968601579,117.0,109.76609248022821,7.233907519771791,0.08127985977271676,6.382223088923502,0.07171037178565733,50.378625490900085,54.0,7.0,-2.377102087505147,-0.3395860125007353,0.10682103873693473
San Jose Sharks,2015,82.0,1528.6131664077934,89.0,96.82755314051191,-7.827553140511915,-0.09545796512819409,-8.400268502932034,-0.10244229881624432,43.957071197939264,40.0,0.0,0.0,,-0.10244229881624432
San Jose Sharks,2016,106.0,1524.9327050813615,130.0,121.91340973612635,8.086590263873642,0.07628858739503436,8.592960236082158,0.08106566260454866,54.99988134109871,60.0,24.0,5.523949971547685,0.2301645821478202,0.037426954445542344
San Jose Sharks,2017,88.0,1547.9280302442369,104.0,108.54256994798287,-4.542569947982866,-0.05162011304525984,-4.857891444486526,-0.05520331186916507,49.81534979120036,48.0,6.0,-2.020185008777071,-0.3366975014628452,-0.03460617604523726
San Jose Sharks,2018,92.0,1526.9406307727122,113.0,107.9188428229206,5.081157177079385,0.05522996931608027,5.39651569817055,0.05865777932794076,48.91468947962963,51.0,10.0,1.9280861946052172,0.19280861946052172,0.04229792077518694
San Jose Sharks,2019,102.0,1536.1913522196255,122.0,121.25497195761665,0.7450280423833732,0.007304196493954639,1.7966525673907996,0.017614240856772545,55.15516696482591,56.0,20.0,-1.813774677504794,-0.09068873387523971,0.04402960054750722
San Jose Sharks,2020,70.0,1493.2455181530727,63.0,76.33592148399765,-13.335921483997657,-0.19051316405710939,-13.197804454475296,-0.18854006363536138,33.954445527045635,29.0,0.0,0.0,,-0.18854006363536138
San Jose Sharks,2021,56.0,1466.6344090019743,49.0,56.6240341060719,-7.624034106071903,-0.13614346617985543,-7.605657860670724,-0.13581531894054863,24.651877926747076,21.0,0.0,0.0,,-0.13581531894054863
San Jose Sharks,2022,82.0,1458.4409733851533,77.0,81.76518196771032,-4.765181967710324,-0.058111975215979564,-4.134145200021877,-0.05041640487831557,35.52239266960648,32.0,0.0,0.0,,-0.05041640487831557
San Jose Sharks,2023,82.0,1423.4263484996584,60.0,74.98544419276861,-14.985444192768613,-0.18274931942400746,-15.058411666123336,-0.18363916666004068,31.807245259654096,22.0,0.0,0.0,,-0.18363916666004068
Seattle Kraken,2022,82.0,1450.5100595564816,60.0,79.77122040925157,-19.771220409251576,-0.24111244401526313,-19.140183641563127,-0.2334168736775991,34.42051476264893,27.0,0.0,0.0,,-0.2334168736775991
Seattle Kraken,2023,96.0,1494.8055654208617,114.0,100.85115672839046,13.148843271609529,0.13696711741259926,13.063417936950344,0.1360772701765661,44.4538864741364,53.0,14.0,1.4779532679280765,0.10556809056629117,0.1412861545002716
St. Louis Blues,1968,92.0,1380.7794729152165,90.0,93.76708965810094,-3.767089658100943,-0.04094662671848851,5.880929926205004,0.06392315137179352,41.0727329183646,35.0,18.0,3.4807513373383174,0.1933750742965732,0.032434845795495736
St. Louis Blues,1969,88.0,1462.6003943469216,104.0,100.3959226602349,3.6040773397651114,0.04095542431551263,13.343070592398888,0.151625802186351,45.271529954217755,45.0,12.0,2.829583885289412,0.235798657107451,0.13833535140933523
St. Louis Blues,1970,92.0,1504.0396996913464,103.0,112.65225806202011,-9.652258062020111,-0.10491584850021861,0.670369635707546,0.007286626475082022,51.69758623329891,45.0,16.0,-1.2975731332215787,-0.08109832082634867,0.025893983801699008
St. Louis Blues,1971,84.0,1499.7843488981414,91.0,101.16939064492597,-10.169390644925969,-0.12106417434435676,-1.009718681909511,-0.01202046049892275,46.225379508752795,36.0,6.0,-3.1787315154647153,-0.5297885859107859,0.027807856840451343
St. Louis Blues,1972,89.0,1463.8602805747346,76.0,93.77587061198341,-17.77587061198341,-0.19972888328071248,-8.023867187876519,-0.09015581109973617,41.472476911837354,32.0,11.0,0.9308126154220107,0.08461932867472824,-0.11480358722177601
St. Louis Blues,1973,83.0,1463.0032216533455,78.0,88.81517908078945,-10.81517908078944,-0.1303033624191499,-1.6845987700813878,-0.020296370723872144,39.40988236137485,33.0,5.0,-1.4602567594027613,-0.29205135188055226,-0.002876179624084946
St. Louis Blues,1974,78.0,1471.4624707420894,64.0,84.91296343099054,-20.91296343099054,-0.26811491578193003,-12.405064170508574,-0.1590392842372894,37.864203252238035,26.0,0.0,0.0,,-0.1590392842372894
St. Louis Blues,1975,82.0,1452.0632768292776,84.0,86.76167752484011,-2.7616775248401217,-0.03367899420536734,5.86419373078507,0.07151455769250085,38.391860476026054,35.0,2.0,-1.8074876900369987,-0.9037438450184994,0.09589601776027587
St. Louis Blues,1976,83.0,1465.5946045561002,76.0,87.63639109981706,-11.636391099817072,-0.14019748313032618,-2.6220879364202796,-0.03159142092072626,38.77822778374564,30.0,3.0,2.2231099028375794,0.7410366342791931,-0.06056497299072322
St. Louis Blues,1977,84.0,1467.054833479277,73.0,87.25245352972918,-14.252453529729173,-0.16967206583010921,-5.108071284935408,-0.060810372439707244,38.48043768295046,32.0,4.0,-1.407045245281183,-0.35176131132029576,-0.046262825495677826
St. Louis Blues,1978,80.0,1421.8449790508807,53.0,75.76429177282253,-22.764291772822535,-0.2845536471602817,-14.28472098465814,-0.17855901230822674,32.549258675581065,20.0,0.0,0.0,,-0.17855901230822674
St. Louis Blues,1979,80.0,1401.9621926537995,48.0,70.26812887714313,-22.268128877143123,-0.27835161096428906,-13.814428756513568,-0.1726803594564196,29.52424311814518,18.0,0.0,0.0,,-0.1726803594564196
St. Louis Blues,1980,83.0,1436.159575598844,81.0,82.9508551749726,-1.9508551749726109,-0.023504279216537482,6.889066373394679,0.08300079967945397,36.1171074461615,34.0,3.0,-1.6362035279406315,-0.5454011759802105,0.1065658737666914
St. Louis Blues,1981,91.0,1514.9193459390956,117.0,107.89507344890953,9.104926551090475,0.10005413792407115,19.11686180737185,0.21007540447661374,49.102507409061545,50.0,11.0,-2.587353855845109,-0.23521398689500989,0.27130269579021193
St. Louis Blues,1982,90.0,1491.1084926542635,82.0,102.93382388096438,-20.933823880964386,-0.23259804312182653,-11.41187039732562,-0.12679855997028466,46.39347842064636,37.0,10.0,-0.39548340053562436,-0.039548340053562434,-0.13770483745987497
St. Louis Blues,1983,84.0,1455.2359896774494,67.0,85.63960296693017,-18.639602966930163,-0.22190003532059718,-9.35166328789327,-0.11132932485587227,37.47526425656589,26.0,4.0,-0.9616806532121303,-0.24042016330303256,-0.10487478293351424
St. Louis Blues,1984,91.0,1460.8683621366242,85.0,93.32065451529644,-8.320654515296436,-0.09143576390435644,-1.1167455190891606,-0.012271928781199568,40.87912618613002,38.0,11.0,2.4569708257075487,0.2233609841552317,-0.04467145430995887
St. Louis Blues,1985,83.0,1494.0533052304265,87.0,95.30478652159695,-8.30478652159697,-0.10005766893490325,-1.5839388659772,-0.019083600794906026,43.011123686380984,37.0,3.0,-3.608013420753748,-1.2026711402512493,0.025300931934706866
St. Louis Blues,1986,99.0,1492.8895302426483,106.0,110.21462330558782,-4.214623305587809,-0.042571952581695036,3.486702927623467,0.03521922149114613,49.370299311056655,47.0,19.0,0.47136215637729184,0.024808534546173256,0.03769175964057721
St. Louis Blues,1987,86.0,1485.4419445730023,86.0,95.24964827873644,-9.249648278736458,-0.10755404975274951,-2.398688071864813,-0.02789172176586992,42.56200471251687,34.0,6.0,-1.9716878789791823,-0.3286146464965304,-0.005337502411070361
St. Louis Blues,1988,90.0,1487.845322771953,90.0,98.58346168756297,-8.583461687562968,-0.09537179652847742,-0.9535491855908482,-0.010594990951009424,43.91601836774947,39.0,10.0,-0.11540203474501665,-0.011540203474501664,-0.010476839385572857
St. Louis Blues,1989,90.0,1481.447251208471,89.0,99.30421816457746,-10.304218164577453,-0.11449131293974947,-3.161604416180821,-0.03512893795756468,44.33157079154407,38.0,10.0,-1.6744945782902823,-0.16744945782902823,-0.01858887297363172
St. Louis Blues,1990,92.0,1500.0204824033735,101.0,103.53780770600852,-2.537807706008501,-0.02758486636965762,4.705897493099952,0.05115105970760818,46.429912364918685,44.0,12.0,1.1538259730929168,0.09615216442440973,0.04440089400008793
St. Louis Blues,1991,93.0,1537.1062765455797,121.0,113.30320616175787,7.696793838242128,0.08276122406711965,14.975185931067738,0.16102350463513698,51.85843651343138,53.0,13.0,-4.0195530945423155,-0.3091963918878704,0.23743423782012568
St. Louis Blues,1992,86.0,1526.6939302092223,89.0,101.34536302586167,-12.34536302586166,-0.14355073285885653,-5.291178913733047,-0.06152533620619822,45.97356145422795,38.0,6.0,-2.0164437280256373,-0.33607395467093953,-0.0409341898213426
St. Louis Blues,1993,95.0,1502.8964471299412,104.0,107.85618506738857,-3.8561850673885663,-0.04059142176198491,3.0007345404049,0.031586679372683155,48.5200574084934,44.0,11.0,4.277048416424727,0.38882258331133884,-0.015194212809759855
St. Louis Blues,1994,88.0,1511.927936509039,94.0,103.2590925254385,-9.259092525438513,-0.10521696051634674,-2.5976914443924612,-0.029519220959005242,46.84141569682889,40.0,4.0,-2.865449344186355,-0.7163623360465887,0.0031875940451653964
St. Louis Blues,1995,55.0,1517.6831747596857,69.0,65.25661628164161,3.743383718358375,0.06806152215197046,8.380643840141277,0.1523753425480232,29.669256214270803,31.0,7.0,-0.7947778894051956,-0.11353969848645651,0.19115461936555148
St. Louis Blues,1996,95.0,1505.303304715547,98.0,105.09535929124395,-7.095359291243973,-0.07468799253941025,0.44030751208292873,0.004634815916662408,47.03149719441029,39.0,13.0,6.6712817256722055,0.5131755173594004,-0.07598749040962531
St. Louis Blues,1997,88.0,1494.895574876864,88.0,96.06007265978013,-8.06007265978015,-0.09159173477022899,-1.1539221576712335,-0.013112751791718563,42.75621764101353,38.0,6.0,-0.9884900988427906,-0.16474834980713177,-0.0020174641320541723
St. Louis Blues,1998,92.0,1529.5358152043432,113.0,108.01926934815343,4.980730651846577,0.05413837665050627,12.732588286668506,0.13839769876813593,48.97405110056982,51.0,10.0,2.2874497435788967,0.22874497435788968,0.1273797383303611
St. Louis Blues,1999,95.0,1530.537653635159,103.0,113.07797241573053,-10.077972415730526,-0.10608392016558449,-2.300962614332862,-0.024220659098240654,51.453933007777934,43.0,13.0,2.0579135337122776,0.1583010410547906,-0.05315702619567242
St. Louis Blues,2000,89.0,1564.2344008347238,120.0,114.6930283891996,5.306971610800402,0.0596288945033753,11.138814646151282,0.12515522074327282,53.21016491392556,54.0,7.0,-3.3016293392706872,-0.4716613341815267,0.17610297543197523
St. Louis Blues,2001,97.0,1576.76190898798,123.0,125.70624209832921,-2.7062420983292093,-0.027899403075558857,2.991866904362118,0.030843988704764104,58.42255600065486,52.0,15.0,4.307735103480626,0.28718234023204176,-0.016047173159981793
St. Louis Blues,2002,92.0,1549.5867476268231,108.0,112.67264453442641,-4.67264453442643,-0.05078961450463511,1.1265066919812041,0.012244637956317436,51.6355579555269,48.0,10.0,-0.9321115565342238,-0.09321115565342239,0.025105100591651566
St. Louis Blues,2003,89.0,1548.9297160542606,105.0,108.7439490027342,-3.7439490027341815,-0.042066842727350354,0.5659573162841425,0.006359070969484747,49.80765356863082,44.0,7.0,-1.0156243087189436,-0.1450891869598491,0.019287580792720565
St. Louis Blues,2004,87.0,1527.3375777409371,94.0,101.84545649606176,-7.845456496061745,-0.09017766087427292,-3.168272388372877,-0.03641692400428594,46.16120658571942,40.0,5.0,-1.6537276791697462,-0.3307455358339492,-0.018470057429306474
St. Louis Blues,2006,82.0,1450.255205867337,57.0,81.05720912651478,-24.05720912651476,-0.2933805991038385,-23.962024356375444,-0.2922198092240908,35.158127560625,21.0,0.0,0.0,,-0.2922198092240908
St. Louis Blues,2007,82.0,1428.00452141175,81.0,75.1162433187953,5.883756681204691,0.0717531302585938,6.072777462839312,0.07405826174194283,31.879364145499544,34.0,0.0,0.0,,0.07405826174194283
St. Louis Blues,2008,82.0,1468.3971738230516,79.0,82.9793045423486,-3.9793045423486175,-0.04852810417498314,-3.4087765830751198,-0.04157044613506244,36.20744541472252,33.0,0.0,0.0,,-0.04157044613506244
St. Louis Blues,2009,86.0,1469.87437484272,93.0,86.58460278556066,6.415397214439356,0.0745976420283646,6.702240898075118,0.07793303369854788,37.685289118739846,41.0,4.0,-3.038390077726871,-0.7595975194317177,0.11878818263173156
St. Louis Blues,2010,82.0,1491.16291435794,90.0,87.66529065092513,2.334709349074871,0.028472065232620376,1.9725229251836343,0.02405515762419066,38.79970608240497,40.0,0.0,0.0,,0.02405515762419066
St. Louis Blues,2011,82.0,1503.207391742503,87.0,90.02176657774733,-3.021766577747334,-0.03685081192374798,-3.380012958791634,-0.04121967022916627,40.10883568739874,38.0,0.0,0.0,,-0.04121967022916627
St. Louis Blues,2012,91.0,1536.1057448193196,118.0,107.74570784750162,10.254292152498367,0.11268452914833371,9.616731841045295,0.10567837187961863,48.95625870296249,53.0,9.0,-1.682828644912191,-0.186980960545799,0.13779951812143276
St. Louis Blues,2013,54.0,1535.1593130352635,65.0,63.137873765657275,1.8621262343427336,0.03448381915449507,1.826523879666777,0.0338245162901255,28.58801008953044,31.0,6.0,-1.6085300356951282,-0.26808833928252135,0.07156362323670636
St. Louis Blues,2014,88.0,1562.6103207965746,117.0,109.85159015609926,7.148409843900748,0.08123193004432669,6.306294901039517,0.07166244205726724,50.56708708973065,54.0,6.0,-0.555709880593344,-0.092618313432224,0.08368298514186415
St. Louis Blues,2015,88.0,1552.7101779466723,113.0,107.66078574439061,5.3392142556093996,0.06067288926828863,4.724592891060976,0.053688555580238356,49.31315775169372,53.0,6.0,-2.9618510626598695,-0.49364184377664494,0.09373712138683962
St. Louis Blues,2016,102.0,1542.5206658393254,129.0,120.49311915639716,8.506880843602842,0.08340079258434159,8.9941425149733,0.08817786779385588,54.72668325593722,59.0,20.0,-0.8632775177944961,-0.043163875889724805,0.12021243942399756
St. Louis Blues,2017,93.0,1532.9535167814101,111.0,109.83348629535485,1.1665137046451663,0.012543158114464154,0.8332762140219789,0.008959959290558914,49.889533231186334,52.0,11.0,-0.403018938319723,-0.036638085301793,0.015076770150508562
St. Louis Blues,2018,82.0,1537.3133469849718,94.0,98.17618324945018,-4.176183249450162,-0.0509290640176849,-3.8951028284776053,-0.04750125400582445,44.72989350477004,44.0,0.0,0.0,,-0.04750125400582445
St. Louis Blues,2019,108.0,1519.8272801883459,133.0,121.34719151544944,11.652808484550542,0.10789637485694946,12.766293275734876,0.11820641921976736,54.41594808619609,61.0,26.0,5.682261767910205,0.2185485295350079,0.08639062814420326
St. Louis Blues,2020,80.0,1547.2133971684752,100.0,97.94231870946592,2.0576812905340813,0.025721016131676017,2.2155293242739176,0.02769411655342397,44.8448063844134,44.0,9.0,-4.952729741304598,-0.5503033045893998,0.10096139528983825
St. Louis Blues,2021,60.0,1516.6532304895334,63.0,67.4549873743576,-4.4549873743575965,-0.07424978957262661,-4.43529853999919,-0.07392164233331983,30.239213909561787,27.0,4.0,-3.522761721777581,-0.8806904304443952,-0.016295300325385866
St. Louis Blues,2022,94.0,1538.131183668911,122.0,110.89903279211754,11.10096720788246,0.11809539582853681,11.824350819622879,0.12579096616620083,50.35599994467621,55.0,12.0,0.5434124834942897,0.045284373624524143,0.13757241873327553
St. Louis Blues,2023,82.0,1513.6168724092636,81.0,93.48238577456827,-12.48238577456828,-0.1522242167630278,-12.555353247923001,-0.153114063999061,42.08624086845595,37.0,0.0,0.0,,-0.153114063999061
St. Louis Eagles,1935,48.0,1372.3737381225358,31.0,37.26798394007044,-6.267983940070437,-0.13058299875146742,-2.7149442946857922,-0.056561339472620674,15.032895718771165,11.0,0.0,0.0,,-0.056561339472620674
Tampa Bay Lightning,1993,84.0,1384.2805051950616,57.0,70.51864360653587,-13.518643606535875,-0.16093623341114136,-7.455683111223754,-0.08875813227647326,29.196124005470352,23.0,0.0,0.0,,-0.08875813227647326
Tampa Bay Lightning,1994,84.0,1410.2147956168503,75.0,76.18123520874084,-1.1812352087408664,-0.014062323913581743,5.17737491407582,0.06163541564375976,32.27898719901259,30.0,0.0,0.0,,0.06163541564375976
Tampa Bay Lightning,1995,48.0,1454.9165871340726,39.0,48.62691490870813,-9.626914908708128,-0.2005607272647527,-5.5798515296975975,-0.11624690686869994,21.23343789621469,17.0,0.0,0.0,,-0.11624690686869994
Tampa Bay Lightning,1996,88.0,1474.6543649924095,95.0,91.41362292768545,3.58637707231456,0.04075428491266545,10.56678421644895,0.12007709336873806,40.15588607130543,40.0,6.0,-0.8412283341883018,-0.14020472236471695,0.13912210427606406
Tampa Bay Lightning,1997,82.0,1480.5893916705843,76.0,87.4198121873951,-11.419812187395095,-0.13926600228530603,-4.984535583157241,-0.06078701930679562,38.67655579611584,32.0,0.0,0.0,,-0.06078701930679562
Tampa Bay Lightning,1998,82.0,1429.9293211320255,47.0,76.51072460368533,-29.510724603685333,-0.3598868854107967,-22.601460190039695,-0.275627563293167,32.63819281578984,17.0,0.0,0.0,,-0.275627563293167
Tampa Bay Lightning,1999,82.0,1391.1566690422048,49.0,68.32119669293947,-19.321196692939466,-0.23562434991389594,-12.608409285417272,-0.1537610888465521,28.187714446249107,19.0,0.0,0.0,,-0.1537610888465521
Tampa Bay Lightning,2000,82.0,1392.4289305967716,54.0,70.92066354056304,-16.92066354056303,-0.20634955537271987,-11.547504788891436,-0.1408232291328224,29.6176285761491,19.0,0.0,0.0,,-0.1408232291328224
Tampa Bay Lightning,2001,82.0,1392.24143643065,59.0,71.52348714094141,-12.523487140941393,-0.15272545293830966,-7.7065290149549055,-0.09398206115798666,29.942162187073684,24.0,0.0,0.0,,-0.09398206115798666
Tampa Bay Lightning,2002,82.0,1420.3619989314761,69.0,77.28776793669385,-8.28776793669385,-0.10107034069138841,-3.118959234895739,-0.03803608823043584,33.061369335532525,27.0,0.0,0.0,,-0.03803608823043584
Tampa Bay Lightning,2003,93.0,1466.4583374245294,105.0,96.09961013069841,8.900389869301597,0.09570311687421072,13.403999843107263,0.14412903057104584,42.16305358154523,41.0,11.0,1.9113597346281594,0.17375997587528721,0.14015414766437928
Tampa Bay Lightning,2004,105.0,1523.3794241792918,140.0,123.66680951837365,16.333190481626346,0.15555419506310805,21.978067852974977,0.20931493193309503,56.14856253032913,62.0,23.0,7.652043279739171,0.3326975339017031,0.17470761674677818
Tampa Bay Lightning,2006,87.0,1528.8449842842836,94.0,103.94788935714574,-9.947889357145733,-0.1143435558292613,-9.84690063760768,-0.11318276594951357,47.373366611668324,44.0,5.0,-2.2666733152314658,-0.45333466304629316,-0.0924417966143441
Tampa Bay Lightning,2007,88.0,1503.323306672277,98.0,98.8511620389761,-0.8511620389760912,-0.009672295897455581,-0.648310468441377,-0.007367164414106556,44.30773616429532,46.0,6.0,-1.0275290054497899,-0.17125483424163165,0.004624616304980621
Tampa Bay Lightning,2008,82.0,1475.772591160719,71.0,87.5569191059365,-16.55691910593651,-0.2019136476333721,-15.986391146663019,-0.19495598959345145,38.728355816027175,31.0,0.0,0.0,,-0.19495598959345145
Tampa Bay Lightning,2009,82.0,1440.1729153642693,66.0,78.69117308917517,-12.691173089175173,-0.1547704035265265,-12.417670972220147,-0.15143501185634325,33.799870019098144,24.0,0.0,0.0,,-0.15143501185634325
Tampa Bay Lightning,2010,82.0,1439.4315465489192,80.0,78.66520394987775,1.3347960501222376,0.0162780006112468,0.9726096262310018,0.011861093002817095,33.78778522704806,34.0,0.0,0.0,,0.011861093002817095
Tampa Bay Lightning,2011,100.0,1490.2086485471432,126.0,106.46189267031869,19.538107329681324,0.19538107329681323,19.1012214991395,0.19101221499139498,47.06419551270695,57.0,18.0,4.6727996646995935,0.25959998137219964,0.175956363834633
Tampa Bay Lightning,2012,82.0,1493.2294580413338,84.0,90.3218653105357,-6.321865310535704,-0.07709591842116711,-6.896370206570341,-0.0841020756898822,40.274987678447005,38.0,0.0,0.0,,-0.0841020756898822
Tampa Bay Lightning,2013,48.0,1487.65309570922,40.0,52.25817465710419,-12.258174657104195,-0.25537863868967076,-12.289821194593936,-0.2560379415540403,23.241487369151294,18.0,0.0,0.0,,-0.2560379415540403
Tampa Bay Lightning,2014,86.0,1505.9087426619817,102.0,96.8271934012021,5.172806598797914,0.06014891393951063,4.349830631910804,0.05057942595245121,43.427636882942785,46.0,4.0,-3.234537622580013,-0.8086344056450032,0.09249229578647337
Tampa Bay Lightning,2015,108.0,1538.3707717813716,136.0,127.35117118373418,8.648828816265812,0.08008174829875753,7.894520777956386,0.07309741461070728,57.824835149050585,64.0,26.0,-1.6208531595043905,-0.06234050613478425,0.11604114557878997
Tampa Bay Lightning,2016,99.0,1542.2835560253852,120.0,119.70941747114769,0.2905825288523173,0.002935177059114316,0.7635129745942308,0.007712252268628594,54.67323461285974,57.0,17.0,3.3263868268574726,0.19566981334455721,-0.031254559173941966
Tampa Bay Lightning,2017,82.0,1523.6770208307817,94.0,95.52916042227437,-1.5291604222743547,-0.018648297832614083,-1.8229827258345814,-0.022231496656519287,43.22034379084511,42.0,0.0,0.0,,-0.022231496656519287
Tampa Bay Lightning,2018,99.0,1562.0040798535977,135.0,123.65707066084849,11.342929339151516,0.11457504382981329,11.682282530325704,0.11800285384167378,56.92920428849738,65.0,17.0,1.709404216796609,0.10055318922332994,0.12162046723815968
Tampa Bay Lightning,2019,86.0,1588.416179154814,128.0,113.05230771958672,14.947692280413243,0.17381037535364235,15.834356095615586,0.18412041971646032,52.68182470747091,62.0,4.0,-5.281989298909969,-1.3204973247274923,0.2575164072503117
Tampa Bay Lightning,2020,95.0,1581.689489361687,130.0,122.10078340217113,7.899216597828859,0.08314964839819852,8.086661137894911,0.08512274881994643,56.59364733040497,61.0,25.0,6.146424569736871,0.24585698278947482,0.027717665259400615
Tampa Bay Lightning,2021,79.0,1584.7194979668382,111.0,103.37374038581659,7.6262596141834,0.09653493182510633,7.652183246088635,0.0968630790644131,48.11476149610222,52.0,23.0,7.699062552325495,0.33474185010110846,-0.0008371304685153569
Tampa Bay Lightning,2022,105.0,1575.6348758474,140.0,130.5476179252876,9.452382074712382,0.09002268642583221,10.260416960167106,0.09771825676349624,60.053563774493504,65.0,23.0,4.822954744180425,0.2096936845295837,0.06631051482910585
Tampa Bay Lightning,2023,88.0,1570.9669159801065,105.0,110.92423438143854,-5.924234381438534,-0.06732084524361971,-6.002540938209453,-0.06821069247965288,51.19151628614837,48.0,6.0,0.6403901365043448,0.10673168941739081,-0.08101135456968048
Toronto Maple Leafs,1918,24.0,1386.974827436653,29.0,26.889497637490315,2.1105023625096875,0.08793759843790365,4.2944333892444355,0.17893472455185147,12.04211467318287,14.0,2.0,-0.0303142531518924,-0.0151571265759462,0.19657943829074212
Toronto Maple Leafs,1919,18.0,1414.7396678887626,12.0,19.61845762092277,-7.618457620922768,-0.42324764560682043,-6.350127793422946,-0.35278487741238584,8.717699393716224,5.0,0.0,0.0,,-0.35278487741238584
Toronto Maple Leafs,1920,24.0,1431.1258216953265,24.0,26.864292863410494,-2.8642928634104923,-0.11934553597543718,-1.0965231901502137,-0.04568846625625891,12.034294158773022,12.0,0.0,0.0,,-0.04568846625625891
Toronto Maple Leafs,1921,26.0,1458.2103661034903,31.0,29.222651235930567,1.777348764069432,0.06835956784882431,3.4769055067548056,0.13372713487518484,13.10536833836593,15.0,2.0,-1.9249553341089,-0.96247766705445,0.2250775350359877
Toronto Maple Leafs,1922,26.0,1475.6052757324182,30.0,29.417638272063265,0.5823617279367362,0.022398527997566777,2.8135287967506097,0.10821264602886961,13.213466026626737,14.0,2.0,1.1269198338646877,0.5634599169323439,0.07027537345358005
Toronto Maple Leafs,1923,24.0,1483.9638442598587,27.0,27.195595842861273,-0.19559584286127318,-0.008149826785886383,1.1645500665794035,0.04852291944080848,12.21235592446626,13.0,0.0,0.0,,0.04852291944080848
Toronto Maple Leafs,1924,24.0,1484.9720968519869,20.0,26.664787037792234,-6.664787037792233,-0.2776994599080097,-5.304777422603811,-0.22103239260849214,11.914624564373097,10.0,0.0,0.0,,-0.22103239260849214
Toronto Maple Leafs,1925,32.0,1474.222632895233,38.0,37.055909147210116,0.9440908527898854,0.029502839149683917,3.3728470197549085,0.10540146936734089,16.756900882836874,19.0,2.0,-1.889539256314938,-0.944769628157469,0.17541287586899487
Toronto Maple Leafs,1926,36.0,1468.2988006356727,29.0,43.121876850298094,-14.1218768502981,-0.392274356952725,-11.652964341040132,-0.3236934539177814,19.662635509438967,12.0,0.0,0.0,,-0.3236934539177814
Toronto Maple Leafs,1927,44.0,1438.8782934885146,37.0,48.80624687537451,-11.80624687537452,-0.26832379262214817,-9.827279829992644,-0.2233472688634692,21.811961649872888,15.0,0.0,0.0,,-0.2233472688634692
Toronto Maple Leafs,1928,44.0,1457.6492461470136,47.0,48.47471496236616,-1.4747149623661615,-0.03351624914468549,2.4038488409289096,0.05463292820292976,21.62190646497604,18.0,0.0,0.0,,0.05463292820292976
Toronto Maple Leafs,1929,48.0,1480.885799133843,55.0,54.35820611822408,0.6417938817759183,0.013370705870331632,4.550265323637064,0.09479719424243883,24.41813606039601,23.0,4.0,0.62498821274407,0.1562470531860175,0.08921084342938625
Toronto Maple Leafs,1930,44.0,1484.690960266503,43.0,49.51960280214182,-6.5196028021418275,-0.1481727909577688,-3.8003515912721606,-0.08637162707436728,22.212431410579615,17.0,0.0,0.0,,-0.08637162707436728
Toronto Maple Leafs,1931,46.0,1501.5914045675206,55.0,53.08066194742538,1.919338052574626,0.041724740273361434,5.250204359034645,0.11413487737031837,23.968958444172085,22.0,2.0,-0.23681311199682617,-0.11840655599841308,0.12470494252344251
Toronto Maple Leafs,1932,55.0,1522.037148793454,67.0,63.45712757681425,3.542872423185747,0.06441586223974086,7.020470120490616,0.12764491128164757,28.6300293451579,28.0,7.0,3.090574092458124,0.44151058463687487,0.08187283391734358
Toronto Maple Leafs,1933,57.0,1535.302915997251,65.0,68.62400212349817,-3.6240021234981783,-0.06357898462277506,0.6985191397505144,0.012254721750009025,31.29892068943836,28.0,9.0,1.5135373185961258,0.1681708131773473,-0.016979545392616893
Toronto Maple Leafs,1934,53.0,1551.0213943328201,68.0,65.39501366776663,2.6049863322333584,0.04915068551383695,5.927121055888932,0.11183247275262136,30.011332200651108,28.0,5.0,-0.21937033890463997,-0.04387406778092799,0.12805190405819938
Toronto Maple Leafs,1935,55.0,1560.2663943226107,73.0,70.56119752097581,2.4388024790242007,0.044341863254985465,6.509993739360772,0.11836352253383223,32.68114872558999,33.0,7.0,-0.3551574283937129,-0.05073677548481613,0.14302398266155172
Toronto Maple Leafs,1936,57.0,1541.247406280645,62.0,68.95442691546651,-6.954426915466508,-0.12200748974502645,-2.6413311591040802,-0.046339143142176846,31.49058015850843,27.0,9.0,-2.2534184113301823,-0.25037982348113136,-0.008081515578622892
Toronto Maple Leafs,1937,50.0,1516.7947061893328,52.0,57.3919401278741,-5.391940127874098,-0.10783880255748196,-1.5762664795973442,-0.031525329591946885,25.86287880804741,22.0,2.0,-1.108501679613865,-0.5542508398069325,-0.009745099999655801
Toronto Maple Leafs,1938,55.0,1529.8979299912992,65.0,65.1812067876315,-0.18120678763149756,-0.0032946688660272284,4.389269788762407,0.07980490525022559,29.60793193519368,28.0,7.0,-0.007220605415049652,-0.0010315150592928074,0.091593549878697
Toronto Maple Leafs,1939,58.0,1522.6964291417705,58.0,65.54271115865903,-7.542711158659029,-0.13004674411481085,-3.132127561499186,-0.05400219933619286,29.441628470284133,24.0,10.0,0.1591513445109386,0.01591513445109386,-0.06856831054187758
Toronto Maple Leafs,1940,58.0,1536.4931077974188,73.0,68.29338961743076,4.7066103825692345,0.08114845487188335,9.207025284578151,0.15874181525134742,31.004073555352615,31.0,10.0,4.470954376352723,0.4470954376352723,0.0986681439213631
Toronto Maple Leafs,1941,55.0,1557.7105139433877,68.0,66.87351415093022,1.126485849069783,0.020481560892177876,4.659998731839996,0.08472724966981811,30.614958131044073,31.0,7.0,-0.40485572928196356,-0.057836532754566225,0.10551780127337416
Toronto Maple Leafs,1942,61.0,1559.2678625361448,76.0,76.22707181573595,-0.22707181573595103,-0.003722488782556574,3.54136474407081,0.05805515973886574,35.11743210273116,35.0,13.0,1.450925541201004,0.11160965701546186,0.04355081672645423
Toronto Maple Leafs,1943,56.0,1549.8071358331003,58.0,67.62769170558356,-9.627691705583553,-0.17192306617113487,-4.274820970527372,-0.07633608875941736,30.876234538629845,24.0,6.0,-0.9334707634655581,-0.15557846057759303,-0.0668270041412363
Toronto Maple Leafs,1944,55.0,1529.0948250155138,52.0,62.113705334086696,-10.113705334086697,-0.18388555152884906,-3.941959365661221,-0.07167198846656765,27.910179703482513,24.0,5.0,-1.6720012099158001,-0.33440024198316004,-0.04539916311490843
Toronto Maple Leafs,1945,63.0,1529.2621886043805,69.0,70.41224490907696,-1.4122449090769864,-0.022416585858364865,5.168652635575809,0.08204210532660014,31.60977378389767,32.0,13.0,6.52373597774566,0.5018258444419739,-0.027101666843397015
Toronto Maple Leafs,1946,50.0,1501.3361640031999,45.0,54.80538506225234,-9.805385062252336,-0.19610770124504673,-4.682121539194449,-0.09364243078388897,24.435412723949117,19.0,0.0,0.0,,-0.09364243078388897
Toronto Maple Leafs,1947,71.0,1534.427566143659,88.0,83.30007476933741,4.699925230662585,0.0661961300093322,12.185822809319365,0.1716313071735122,37.77674400448851,39.0,11.0,5.070756714702079,0.4609778831547345,0.11858443491028811
Toronto Maple Leafs,1948,69.0,1554.54052083618,93.0,86.6951291740774,6.304870825922602,0.09137493950612466,14.141916189075252,0.20495530708804713,39.96376929168998,40.0,9.0,5.241134810242122,0.5823483122491246,0.1483463563138855
Toronto Maple Leafs,1949,69.0,1537.310189985375,74.0,82.71460027440838,-8.714600274408388,-0.12629855470157084,-1.3524217151403766,-0.01960031471217937,37.69319251967756,30.0,9.0,8.018734341031221,0.8909704823368023,-0.1561859342695266
Toronto Maple Leafs,1950,77.0,1525.3078667641469,82.0,89.00889777542633,-7.008897775426339,-0.0910246464341083,0.9608154819062587,0.012478123141639723,40.19164611764495,34.0,7.0,1.8346104406730295,0.26208720581043277,-0.01248278512523958
Toronto Maple Leafs,1951,81.0,1556.5669023561845,113.0,102.58446805740633,10.415531942593661,0.1285868141060946,18.51095049781875,0.22853025305949076,47.394498897593074,49.0,11.0,3.8616580369991773,0.35105982154537974,0.2092756065831367
Toronto Maple Leafs,1952,74.0,1555.543960828365,74.0,91.95599282767184,-17.955992827671842,-0.24264855172529518,-9.655353421190558,-0.13047774893500755,42.32174438227275,29.0,4.0,-2.9550937619861846,-0.7387734404965461,-0.09571799513149103
Toronto Maple Leafs,1953,70.0,1507.432810623102,67.0,78.71135309885169,-11.711353098851674,-0.16730504426930964,-4.1032922491483,-0.05861846070211857,35.31575050114682,27.0,0.0,0.0,,-0.05861846070211857
Toronto Maple Leafs,1954,75.0,1522.8107199772824,81.0,86.3300757678172,-5.330075767817201,-0.07106767690422934,2.833864000629579,0.03778485334172772,38.96503715185738,33.0,5.0,-1.0562791428196867,-0.21125582856393735,0.05557347347784664
Toronto Maple Leafs,1955,74.0,1521.9022964526964,70.0,85.35509815622137,-15.355098156221372,-0.20750132643542393,-7.039106770598097,-0.09512306446754185,38.567085103036995,24.0,4.0,-2.8570765505312448,-0.7142691376328112,-0.05974328885809788
Toronto Maple Leafs,1956,75.0,1482.3060065875993,64.0,77.73355681252852,-13.733556812528521,-0.1831140908337136,-5.303966605970183,-0.0707195547462691,34.15074341808783,25.0,5.0,-0.6229218732626817,-0.12458437465253633,-0.06687206761010715
Toronto Maple Leafs,1957,70.0,1476.4470487326107,57.0,72.2336633441911,-15.233663344191081,-0.21762376205987258,-7.498935022409336,-0.10712764317727623,31.691528712771245,21.0,0.0,0.0,,-0.10712764317727623
Toronto Maple Leafs,1958,70.0,1474.1025803018456,53.0,71.69027203594028,-18.690272035940293,-0.2670038862277185,-11.064881713907528,-0.15806973877010755,31.371602647495248,21.0,0.0,0.0,,-0.15806973877010755
Toronto Maple Leafs,1959,82.0,1463.99477745102,75.0,79.56784784356455,-4.567847843564531,-0.05570546150688452,4.364583925584999,0.053226633238841456,34.31464881688723,32.0,12.0,0.42587808840416264,0.035489840700346886,0.05626722624544052
Toronto Maple Leafs,1960,80.0,1507.076260810404,88.0,89.31028498561756,-1.3102849856175594,-0.016378562320219493,7.425525715046781,0.09281907143808477,39.98695939153035,39.0,10.0,-0.9682564513141201,-0.09682564513141201,0.11991117380515572
Toronto Maple Leafs,1961,75.0,1539.0706708841226,92.0,91.65581546767139,0.34418453232860546,0.004589127097714739,8.680437332765734,0.11573916443687646,41.98694300917928,40.0,5.0,-4.4681809213746515,-0.8936361842749303,0.1878374036305769
Toronto Maple Leafs,1962,82.0,1553.618389829715,101.0,103.14600043235251,-2.146000432352528,-0.026170736979908876,7.077035820944446,0.08630531488956641,47.585145176642264,45.0,12.0,2.08448662147918,0.17370721845659834,0.07132213142093241
Toronto Maple Leafs,1963,80.0,1550.1040534550389,98.0,99.20502024477256,-1.205020244772549,-0.015062753059656864,7.994584622406718,0.09993230778008397,45.60597765236447,43.0,10.0,4.700142652545767,0.47001426525457674,0.047063456712299286
Toronto Maple Leafs,1964,84.0,1548.041939345315,95.0,103.16647527730983,-8.166475277309836,-0.09721994377749804,0.9867540963660129,0.011747072575785868,47.3204952996579,41.0,14.0,2.38322350057342,0.17023025004095857,-0.019949562917248673
Toronto Maple Leafs,1965,76.0,1537.944513795391,79.0,91.25265775111521,-12.252657751115215,-0.1612191809357265,-3.8166999075312456,-0.05021973562541113,41.625538640208134,32.0,6.0,-0.7949840540667309,-0.13249734234445515,-0.043167369335207366
Toronto Maple Leafs,1966,74.0,1525.1885857730979,79.0,86.08089142782062,-7.080891427820612,-0.09568772199757584,1.2382818029643354,0.016733537877896425,38.96671685246601,34.0,4.0,-3.4862452022935146,-0.8715613005733787,0.06749324293225499
Toronto Maple Leafs,1967,82.0,1514.5507953238316,91.0,91.6312541657516,-0.631254165751612,-0.007698221533556243,8.501256624585308,0.10367386127543059,41.04556137448229,40.0,12.0,5.539647499788352,0.4616372916490293,0.042308701782813644
Toronto Maple Leafs,1968,74.0,1521.2429573640643,76.0,93.06950241964682,-17.069502419646838,-0.23066895161684917,-9.309138840965968,-0.12579917352656714,42.937065065426175,33.0,0.0,0.0,,-0.12579917352656714
Toronto Maple Leafs,1969,80.0,1508.4697657949625,85.0,96.70980779786137,-11.70980779786139,-0.1463725974732674,-2.8561775681943216,-0.03570221960242902,44.206944683545245,35.0,4.0,-3.4101550330937447,-0.8525387582734362,0.0072891771697292645
Toronto Maple Leafs,1970,76.0,1485.2572375797117,71.0,85.3079316891516,-14.3079316891516,-0.1882622590677842,-5.780543591028751,-0.07605978409248357,38.29649382395827,29.0,0.0,0.0,,-0.07605978409248357
Toronto Maple Leafs,1971,84.0,1478.1741437051028,87.0,94.16441392794047,-7.16441392794048,-0.08529064199929143,1.995258035075976,0.023753071846142573,42.28997637596254,39.0,6.0,0.17664334481617194,0.02944055746936199,0.023315572952048783
Toronto Maple Leafs,1972,83.0,1486.3125896798053,82.0,91.89514261950757,-9.895142619507574,-0.11921858577719968,-0.8005776284865402,-0.009645513596223376,41.1849873418808,34.0,5.0,-0.7175227523525245,-0.1435045504705049,-0.0010648061042822716
Toronto Maple Leafs,1973,78.0,1464.2802451280759,64.0,85.36822842857771,-21.36822842857771,-0.273951646520227,-12.787683076346049,-0.16394465482494935,38.1149781242619,27.0,0.0,0.0,,-0.16394465482494935
Toronto Maple Leafs,1974,82.0,1490.1856814735556,87.0,91.14874463258911,-4.148744632589119,-0.05059444673889169,4.795457154071405,0.05848118480574885,40.84262975614718,35.0,4.0,-1.720822554223804,-0.430205638555951,0.08354204754224627
Toronto Maple Leafs,1975,87.0,1478.1842451049909,84.0,94.80825551591579,-10.808255515915786,-0.12423282202202053,-1.6564165008012506,-0.019039270124152307,42.28419939860855,33.0,7.0,1.2459346199590955,0.1779906599941565,-0.03627938900950434
Toronto Maple Leafs,1976,90.0,1492.204287325666,93.0,97.62131924671344,-4.621319246713433,-0.05134799163014926,5.153226352150556,0.05725807057945062,43.50172241940285,39.0,10.0,2.575848282581068,0.2575848282581068,0.0322172258696186
Toronto Maple Leafs,1977,89.0,1511.0646276846228,91.0,100.56260913524918,-9.562609135249183,-0.10744504646347396,0.12608157649659224,0.0014166469269280028,45.28189500516632,37.0,9.0,3.024934579186348,0.33610384213181643,-0.036235662533621926
Toronto Maple Leafs,1978,93.0,1533.4696108330781,106.0,107.00813737986033,-1.0081373798603388,-0.010840186880218696,8.84936366138077,0.09515444797183623,48.4498428290421,47.0,13.0,4.632933926269568,0.35637953278996676,0.05270537168888998
Toronto Maple Leafs,1979,86.0,1522.6827110702934,87.0,97.74363687324934,-10.74363687324934,-0.12492601015406209,-1.6559092435725664,-0.019254758646192634,44.04789052212379,36.0,6.0,1.7028452157632743,0.2838075359605457,-0.04198443074169802
Toronto Maple Leafs,1980,83.0,1492.2118112741719,76.0,94.87626004712372,-18.876260047123726,-0.22742481984486415,-10.03633849875643,-0.12091974094887266,42.79419540250555,35.0,3.0,-1.5641110516966727,-0.5213703505655576,-0.10590284308824698
Toronto Maple Leafs,1981,83.0,1458.853024688978,71.0,85.19521116481174,-14.195211164811731,-0.17102664053990038,-5.0634460409507005,-0.061005373987357836,37.38008932708799,28.0,3.0,-1.5478615229575343,-0.5159538409858447,-0.04394480647491457
Toronto Maple Leafs,1982,80.0,1447.4512072406828,56.0,81.97244619503178,-25.972446195031786,-0.3246555774378973,-17.508487542908433,-0.2188560942863554,35.90546099553181,20.0,0.0,0.0,,-0.2188560942863554
Toronto Maple Leafs,1983,84.0,1422.8821705939667,72.0,78.32401265844362,-6.324012658443619,-0.07528586498147166,2.963927020593272,0.03528484548325324,33.431211169613974,29.0,4.0,1.0415027637069576,0.2603756909267394,0.024030303211078928
Toronto Maple Leafs,1984,80.0,1447.7093637541384,64.0,80.32124502165831,-16.321245021658306,-0.20401556277072883,-9.988138211805758,-0.12485172764757198,34.98991348822337,26.0,0.0,0.0,,-0.12485172764757198
Toronto Maple Leafs,1985,80.0,1407.5911966152448,50.0,71.79000822837585,-21.790008228375854,-0.2723751028546982,-15.312082777176077,-0.19140103471470096,30.30346736493192,20.0,0.0,0.0,,-0.19140103471470096
Toronto Maple Leafs,1986,90.0,1411.8464002604217,76.0,81.144729214315,-5.144729214315015,-0.057163657936833506,1.8564764522406927,0.020627516136007697,34.31563341621837,31.0,10.0,5.289964984428975,0.5289964984428975,-0.042918606652353544
Toronto Maple Leafs,1987,93.0,1455.4338733605475,88.0,94.22998758748734,-6.229987587487355,-0.06698911384395005,1.17860891529245,0.01267321414292957,41.10892449048528,39.0,13.0,1.456915774453222,0.11207044418870939,-0.00347883573950965
Toronto Maple Leafs,1988,86.0,1451.531806488464,58.0,85.5930571110555,-27.593057111055497,-0.320849501291343,-20.302251831393246,-0.23607269571387496,37.19049784314409,23.0,6.0,-0.13705613325669908,-0.022842688876116513,-0.25206494622670683
Toronto Maple Leafs,1989,80.0,1428.271681626328,66.0,75.6232669952285,-9.623266995228505,-0.12029083744035632,-3.2742769966537195,-0.04092846245817149,32.370593606035925,28.0,0.0,0.0,,-0.04092846245817149
Toronto Maple Leafs,1990,85.0,1463.9946021445314,87.0,87.05131323255654,-0.05131323255652254,-0.0006036850889002652,6.6412404840110675,0.0781322409883655,38.09739357185937,39.0,5.0,-1.430929462234828,-0.28618589244696563,0.10090212432807369
Toronto Maple Leafs,1991,80.0,1433.3692155001027,59.0,74.48369834546081,-15.483698345460809,-0.1935462293182601,-9.222715900019423,-0.1152839487502428,31.739493295607232,23.0,0.0,0.0,,-0.1152839487502428
Toronto Maple Leafs,1992,80.0,1442.5539034407761,67.0,76.8617454802294,-9.861745480229404,-0.12327181850286754,-3.299713748016741,-0.04124642185020926,33.05703676596046,30.0,0.0,0.0,,-0.04124642185020926
Toronto Maple Leafs,1993,105.0,1498.0135648566043,124.0,117.69995771803723,6.300042281962783,0.06000040268535984,13.878742901102928,0.13217850382002788,52.800565131498594,55.0,21.0,2.421574911733299,0.115313091034919,0.1363948570163051
Toronto Maple Leafs,1994,102.0,1541.1564296930817,119.0,128.45815513786536,-9.458155137865356,-0.0927270111555427,-1.7369857030165268,-0.017029271598201244,59.28485561235988,52.0,18.0,-1.107715698782834,-0.06153976104349078,-0.007491309574210628
Toronto Maple Leafs,1995,55.0,1505.475570459113,56.0,63.04667366357925,-7.046673663579259,-0.1281213393378047,-2.4094135417963587,-0.04380751894175198,28.420079340576315,24.0,7.0,-0.630474747214858,-0.090067821030694,-0.03706122488711458
Toronto Maple Leafs,1996,88.0,1494.7392396017617,87.0,97.92091510756923,-10.920915107569225,-0.12410130804055938,-3.940507963434836,-0.04477849958448677,43.82034892422398,36.0,6.0,-1.1049404819467123,-0.18415674699111872,-0.034580091237659996
Toronto Maple Leafs,1997,82.0,1463.9034026119311,69.0,84.52234054090374,-15.522340540903741,-0.18929683586467977,-9.08706393666589,-0.1108178528861694,37.05214760526144,30.0,0.0,0.0,,-0.1108178528861694
Toronto Maple Leafs,1998,82.0,1457.3240453122298,69.0,81.33233527919614,-12.332335279196155,-0.15039433267312383,-5.423070865550517,-0.0661350105554941,35.275406963324286,30.0,0.0,0.0,,-0.0661350105554941
Toronto Maple Leafs,1999,99.0,1502.9981397664073,116.0,109.41612964075036,6.583870359249625,0.06650374100252146,14.688333204916662,0.14836700206986528,48.86337624273061,54.0,17.0,0.937026311920276,0.05511919481883976,0.16769886454873642
Toronto Maple Leafs,2000,94.0,1530.998661243065,112.0,111.86555483122338,0.13444516877662271,0.0014302677529427947,6.293919835326988,0.06695659399284029,50.90964561416184,51.0,12.0,-0.21073164839394376,-0.017560970699495315,0.07932501809415769
Toronto Maple Leafs,2001,93.0,1524.1728056497398,106.0,108.4948957256659,-2.4948957256659043,-0.026826835759848434,2.968239709904136,0.03191655602047458,49.15810003816705,44.0,11.0,6.573817898567107,0.597619808960646,-0.0439704657154021
Toronto Maple Leafs,2002,102.0,1533.4800306732561,123.0,123.77517383228631,-0.775173832286322,-0.00759974345378747,5.65431991873084,0.055434509007165095,56.5985674051582,53.0,20.0,0.28392257557229883,0.014196128778614942,0.06549265052632366
Toronto Maple Leafs,2003,89.0,1526.887846352831,105.0,105.797735920964,-0.7977359209640029,-0.008963324954651719,3.51217039805432,0.03946258874218337,48.12092795645701,47.0,7.0,-0.03530432610533507,-0.00504347515790501,0.043261886879995805
Toronto Maple Leafs,2004,95.0,1538.8612910883876,117.0,113.21477928127986,3.7852207187201246,0.039844428618106574,8.89249072136889,0.09360516548809358,51.5349757418575,51.0,13.0,0.5654761325826396,0.04349816404481843,0.10154895839983231
Toronto Maple Leafs,2006,82.0,1523.4241667124797,90.0,95.68141900020322,-5.681419000203236,-0.0692855975634541,-5.586234230063926,-0.06812480768370642,43.328302108261305,41.0,0.0,0.0,,-0.06812480768370642
Toronto Maple Leafs,2007,82.0,1503.6737773380798,91.0,91.57011602988949,-0.5701160298894926,-0.006952634510847471,-0.38109524825487107,-0.004647503027498428,40.98667313397711,40.0,0.0,0.0,,-0.004647503027498428
Toronto Maple Leafs,2008,82.0,1484.2473805376544,83.0,87.96034668969867,-4.9603466896986586,-0.060492032801203154,-4.389818730425161,-0.053534374761282456,38.958724160843516,36.0,0.0,0.0,,-0.053534374761282456
Toronto Maple Leafs,2009,82.0,1467.7788631762153,81.0,85.04316040737882,-4.043160407378819,-0.04930683423632706,-3.7696582904237905,-0.045971442566143786,37.315638951154156,34.0,0.0,0.0,,-0.045971442566143786
Toronto Maple Leafs,2010,82.0,1446.9715824390198,74.0,80.0752594371779,-6.075259437177912,-0.07408852972168185,-6.4374458610691505,-0.07850543733011159,34.57233365113389,30.0,0.0,0.0,,-0.07850543733011159
Toronto Maple Leafs,2011,82.0,1454.4926122068055,85.0,82.12199848839393,2.8780015116060738,0.03509757940983017,2.519755130561773,0.030728721104411865,35.690175753389646,37.0,0.0,0.0,,0.030728721104411865
Toronto Maple Leafs,2012,82.0,1479.6495732810708,80.0,87.15170842115074,-7.151708421150754,-0.08721595635549699,-7.726213317185391,-0.0942221136242121,38.49680814865584,35.0,0.0,0.0,,-0.0942221136242121
Toronto Maple Leafs,2013,55.0,1484.3446471514396,65.0,57.69431691775794,7.305683082242067,0.1328306014953103,7.269421424701742,0.13217129863094076,25.39486946144009,29.0,7.0,1.4866541730460165,0.21237916757800238,0.12047431774282762
Toronto Maple Leafs,2014,82.0,1497.2738547468932,84.0,90.37929975325996,-6.37929975325997,-0.07779633845438988,-7.1639977681988425,-0.0873658264414493,40.32392909291369,38.0,0.0,0.0,,-0.0873658264414493
Toronto Maple Leafs,2015,82.0,1475.1438095860562,68.0,85.28785043671395,-17.287850436713963,-0.21082744435017028,-17.86056579913408,-0.21781177803822047,37.47348542842323,30.0,0.0,0.0,,-0.21781177803822047
Toronto Maple Leafs,2016,82.0,1445.4355596537591,69.0,78.60316164601537,-9.603161646015373,-0.11711172739043138,-9.211441478835207,-0.11233465218091715,33.76097097011477,29.0,0.0,0.0,,-0.11233465218091715
Toronto Maple Leafs,2017,88.0,1473.163509030469,102.0,89.56970628496154,12.430293715038456,0.14125333767089154,12.114972218534792,0.13767013884698628,39.11242877817514,42.0,6.0,2.120596872436837,0.35343281207280614,0.12188262617192629
Toronto Maple Leafs,2018,89.0,1522.3239896917203,111.0,102.14448318704703,8.855516812952994,0.0995001889095842,9.160591904008573,0.10292799892144464,46.062197271552385,52.0,7.0,-1.1319179285868803,-0.16170256122669718,0.12551841259262744
Toronto Maple Leafs,2019,89.0,1547.8462586854616,106.0,107.95048483008098,-1.950484830080995,-0.021915559888550505,-1.0328908817902023,-0.01160551552573261,49.36131882035001,49.0,7.0,-0.9242999342493436,-0.13204284774990624,-0.0013242798480592388
Toronto Maple Leafs,2020,75.0,1524.126688007356,86.0,87.28618823581577,-1.2861882358157815,-0.017149176477543753,-1.1382057041846827,-0.01517607605579577,39.46832150980661,38.0,5.0,-0.7813807674000003,-0.15627615348000007,-0.00509749909692406
Toronto Maple Leafs,2021,63.0,1537.6348170123913,85.0,78.08326067188199,6.916739328118037,0.10978951314473075,6.937412604194366,0.11011766038403756,35.85147767771226,38.0,7.0,-1.4390218526782628,-0.20557455038260897,0.14957918672986836
Toronto Maple Leafs,2022,89.0,1556.1611984406354,122.0,109.96805826272544,12.031941737274556,0.13519035659859052,12.716847497326654,0.14288592693625454,50.497041088309146,57.0,7.0,-0.937937263595966,-0.13399103765656656,0.1665217653771051
Toronto Maple Leafs,2023,93.0,1562.7172247446217,123.0,116.01113985818237,6.988860141817613,0.07514903378298508,6.906104348866528,0.0742591865469519,53.39866408278094,55.0,11.0,-0.9609463957306565,-0.0873587632482415,0.09593964322679494
Vancouver Canucks,1971,78.0,1375.6589252572687,56.0,68.47782327706823,-12.477823277068223,-0.15997209329574646,-3.97241359712437,-0.050928379450312436,28.753821908289094,24.0,0.0,0.0,,-0.050928379450312436
Vancouver Canucks,1972,78.0,1397.981419361433,48.0,70.72970899659946,-22.72970899659947,-0.2914065255974291,-14.183009366483315,-0.18183345341645277,29.98527183623922,20.0,0.0,0.0,,-0.18183345341645277
Vancouver Canucks,1973,78.0,1386.7691953704962,53.0,69.72458159571705,-16.72458159571705,-0.21441771276560323,-8.14403624348539,-0.10441072107032551,29.448540638126946,22.0,0.0,0.0,,-0.10441072107032551
Vancouver Canucks,1974,78.0,1398.247002405386,59.0,70.39188759743864,-11.39188759743863,-0.14604984099280297,-2.8839883369566683,-0.03697420944816242,29.790804391313177,24.0,0.0,0.0,,-0.03697420944816242
Vancouver Canucks,1975,85.0,1464.090028176851,89.0,89.77967071633894,-0.7796707163389467,-0.009172596662811137,8.161781194979847,0.09602095523505702,39.72831907661942,39.0,5.0,0.19224828664140237,0.03844965732828047,0.09961916135423056
Vancouver Canucks,1976,82.0,1472.480201828783,81.0,88.82488426326739,-7.8248842632674,-0.09542541784472439,1.0808128379197903,0.013180644364875491,39.54967319628787,33.0,2.0,-1.5022563904568103,-0.7511281952284051,0.03228836535470752
Vancouver Canucks,1977,80.0,1443.572338362926,63.0,80.47722972707541,-17.477229727075418,-0.21846537158844273,-8.768294255843262,-0.10960367819804077,35.13655958831664,25.0,0.0,0.0,,-0.10960367819804077
Vancouver Canucks,1978,80.0,1437.5059779510825,57.0,79.09162877875085,-22.09162877875085,-0.2761453597343856,-13.61205799058645,-0.17015072488233063,34.378526654024114,20.0,0.0,0.0,,-0.17015072488233063
Vancouver Canucks,1979,83.0,1427.3573075429638,65.0,78.78882397622064,-13.788823976220653,-0.16613040935205606,-5.018110101067489,-0.06045915784418661,33.85546405748023,26.0,3.0,0.4399706134343445,0.14665687114478151,-0.06822600893127288
Vancouver Canucks,1980,84.0,1441.1761318826252,72.0,83.94914359587322,-11.949143595873219,-0.1422517094746812,-3.0027169686099366,-0.03574663057868972,36.57705686881112,28.0,4.0,-0.14242826884016202,-0.035607067210040505,-0.0357536087471222
Vancouver Canucks,1981,83.0,1475.4417237378834,77.0,89.01312838146836,-12.01312838146836,-0.14473648652371518,-2.881363257607327,-0.03471521997117261,39.49732741597411,28.0,3.0,-0.7308428893384374,-0.24361429644614582,-0.02688150460336112
Vancouver Canucks,1982,97.0,1475.5056972839561,101.0,104.19220811172522,-3.1922081117252215,-0.03290936197654867,7.070341753974339,0.07289012117499319,46.23863197641505,41.0,17.0,7.29227131654831,0.4289571362675476,-0.002774119532174635
Vancouver Canucks,1983,84.0,1491.4707135671767,79.0,92.99970236192763,-13.999702361927627,-0.16666312335628128,-4.711762682890734,-0.056092412891556365,41.56607392626921,31.0,4.0,0.03392008413791481,0.008480021034478702,-0.059321034587858125
Vancouver Canucks,1984,84.0,1480.222541531323,79.0,89.11416405381561,-10.114164053815616,-0.12040671492637638,-3.4644019034704385,-0.04124287980321951,39.41161778773893,33.0,4.0,-1.8159131942272577,-0.45397829855681443,-0.02060610886553978
Vancouver Canucks,1985,80.0,1434.5776428785184,60.0,74.73975068616066,-14.739750686160665,-0.1842468835770083,-8.261825234960886,-0.10327281543701108,31.92618178180937,25.0,0.0,0.0,,-0.10327281543701108
Vancouver Canucks,1986,83.0,1443.8388194835811,61.0,77.99003847334667,-16.99003847334666,-0.20469925871502,-10.533371025300843,-0.12690808464217884,33.40514842475342,23.0,3.0,-1.3038757244236603,-0.43462524147455345,-0.11536869126096476
Vancouver Canucks,1987,80.0,1441.506800499488,66.0,75.7399743377027,-9.739974337702714,-0.12174967922128392,-3.3669880987523446,-0.04208735123440431,32.44195730683804,29.0,0.0,0.0,,-0.04208735123440431
Vancouver Canucks,1988,80.0,1464.1807844212683,61.0,80.1376575432093,-19.13765754320929,-0.23922071929011612,-12.355513097011846,-0.15444391371264807,34.8708522003497,25.0,0.0,0.0,,-0.15444391371264807
Vancouver Canucks,1989,87.0,1476.3619365720826,85.0,86.10094207034604,-1.1009420703460209,-0.012654506555701389,5.8035845531040575,0.06670786842648342,37.382372934147504,36.0,7.0,3.0194958137451886,0.4313565448207412,0.03480110924198583
Vancouver Canucks,1990,80.0,1471.590658538897,69.0,81.05922447793381,-12.0592244779338,-0.15074030597417248,-5.760350391752539,-0.07200437989690674,35.38044538084647,25.0,0.0,0.0,,-0.07200437989690674
Vancouver Canucks,1991,86.0,1463.6518175295757,73.0,84.26659935609091,-11.266599356090891,-0.13100696925687083,-4.536043227241401,-0.0527446886888535,36.45639396356695,30.0,6.0,1.0206896999451867,0.17011494999086443,-0.06945916158983234
Vancouver Canucks,1992,93.0,1502.7261247967367,110.0,105.32409280478426,4.675907195215752,0.05027857199156722,12.304269083912974,0.13230396864422553,47.33801695342793,48.0,13.0,-0.9262192095416948,-0.07124763150320729,0.16538110366818332
Vancouver Canucks,1993,96.0,1538.1749252213224,115.0,119.04358018056442,-4.043580180564425,-0.042120626880879426,2.8855175283637085,0.03005747425378863,54.7133960951553,52.0,12.0,0.04418649254410645,0.0036822077120088705,0.03382536947404287
Vancouver Canucks,1994,108.0,1514.712596885143,120.0,125.67658389422938,-5.6765838942293705,-0.052560961983605284,2.4987719779635116,0.02313677757373622,56.90925694765829,56.0,24.0,8.088275882408574,0.3370114951003573,-0.06654171314815553
Vancouver Canucks,1995,59.0,1508.5977532106867,60.0,68.00544843880373,-8.005448438803729,-0.13568556675938523,-3.0309330354366195,-0.051371746363332534,30.69787743247631,22.0,11.0,0.4336368552744627,0.039421532297678426,-0.07217853938981418
Vancouver Canucks,1996,88.0,1497.560780667847,88.0,98.30095015799479,-10.300950157994796,-0.11705625179539542,-3.3205430138604015,-0.03773344333932274,44.03124931578884,34.0,6.0,0.29491472958746195,0.04915245493124366,-0.04409094809082765
Vancouver Canucks,1997,82.0,1485.2655144995213,79.0,90.06006330199459,-11.060063301994585,-0.13487882075603153,-4.624786697756727,-0.05639983777752106,40.13934950464039,35.0,0.0,0.0,,-0.05639983777752106
Vancouver Canucks,1998,82.0,1464.3506149358357,67.0,83.93629598329662,-16.93629598329662,-0.20654019491825146,-10.027031569650985,-0.12228087280062178,36.718484275118726,25.0,0.0,0.0,,-0.12228087280062178
Vancouver Canucks,1999,82.0,1454.6725236916864,59.0,82.84119668927092,-23.841196689270923,-0.2907463010886698,-17.128409281748723,-0.2088830400213259,36.11534167894721,23.0,0.0,0.0,,-0.2088830400213259
Vancouver Canucks,2000,82.0,1446.362369575971,83.0,80.08836041668911,2.9116395833108903,0.035507799796474275,8.28479833498249,0.10103412603637182,34.57584585582123,30.0,0.0,0.0,,0.10103412603637182
Vancouver Canucks,2001,86.0,1497.492024174497,91.0,95.29621290794697,-4.296212907946975,-0.04995596404589506,0.7557187851608019,0.008787427734427929,42.61531099064692,36.0,4.0,-1.842568288178648,-0.460642072044662,0.03168642772365182
Vancouver Canucks,2002,88.0,1500.9465179825704,98.0,97.04091406955067,0.959085930449338,0.010898703755106114,6.5061001470131625,0.07393295621605867,43.3272898076673,44.0,6.0,-1.597947129624098,-0.2663245216040163,0.09882984483703972
Vancouver Canucks,2003,96.0,1554.1391925751477,118.0,119.02095837023107,-1.02095837023107,-0.010634983023240313,3.6279293446650986,0.03779093067359478,54.69801141749441,52.0,14.0,-2.540210586195341,-0.1814436132996672,0.07522121866902975
Vancouver Canucks,2004,89.0,1551.7053741454258,108.0,109.86601609261886,-1.8660160926188663,-0.02096647295077378,2.9186894888099775,0.03279426391921323,50.43066552457589,46.0,7.0,-1.2691284097813411,-0.18130405854019158,0.051070949982820926
Vancouver Canucks,2006,82.0,1540.890312848659,92.0,97.88317237147402,-5.883172371474032,-0.07174600453017112,-5.787987601334721,-0.07058521465042343,44.55551256083712,42.0,0.0,0.0,,-0.07058521465042343
Vancouver Canucks,2007,94.0,1524.984221041746,118.0,107.04909478439261,10.950905215607397,0.11649899165539784,11.167587575042209,0.1188041231387469,48.18009940526152,54.0,12.0,0.011447092744665863,0.0009539243953888219,0.1360504936865554
Vancouver Canucks,2008,82.0,1524.8475539362355,88.0,95.41558693921665,-7.415586939216659,-0.0904339870636178,-6.845058979943163,-0.08347632902369712,43.15296993509529,39.0,0.0,0.0,,-0.08347632902369712
Vancouver Canucks,2009,92.0,1518.1061668375532,113.0,105.39866868521784,7.601331314782147,0.08262316646502334,7.908187348439008,0.08595855813520661,47.48520851235441,51.0,10.0,1.5137781245425947,0.15137781245425946,0.07798060029141966
Vancouver Canucks,2010,94.0,1546.438309159302,116.0,113.58555330894623,2.414446691053754,0.025685603096316532,1.9992573758613617,0.021268695487886825,51.856899773350634,55.0,12.0,-0.9860984392932157,-0.0821748699411013,0.0364067782335924
Vancouver Canucks,2011,107.0,1573.1783403907325,149.0,135.7774369695344,13.22256303046559,0.12357535542491206,12.755095191785832,0.11920649711949376,62.7297304352957,69.0,25.0,0.6709740724330229,0.026838962897320916,0.14736733072381472
Vancouver Canucks,2012,87.0,1567.3960741853823,114.0,111.15327070973365,2.846729290266355,0.03272102632490063,2.237193607888143,0.02571486905618555,51.458039162468644,52.0,5.0,-3.212641497351756,-0.6425282994703512,0.06646140372243776
Vancouver Canucks,2013,52.0,1537.7654639925534,61.0,62.87645242869895,-1.8764524286989461,-0.036085623628825884,-1.9107361776461633,-0.03674492649319545,28.712868314775182,26.0,4.0,-2.450681286874995,-0.6126703217187488,0.011248856442267327
Vancouver Canucks,2014,82.0,1507.7904744162608,83.0,91.95136587870246,-8.95136587870247,-0.10916299852076183,-9.736063893641344,-0.11873248650782127,41.19605448435641,36.0,0.0,0.0,,-0.11873248650782127
Vancouver Canucks,2015,88.0,1504.396685076799,105.0,98.44177601654687,6.558223983453116,0.07452527253923996,5.943602618904695,0.06754093885118971,44.09367817875757,50.0,6.0,-2.6301883351747657,-0.4383647225291276,0.1045584262692617
Vancouver Canucks,2016,82.0,1487.4608856574507,75.0,88.03615413330127,-13.036154133301267,-0.15897748943050324,-12.644433966121099,-0.154200414220989,39.00436964930195,31.0,0.0,0.0,,-0.154200414220989
Vancouver Canucks,2017,82.0,1452.3700406792555,69.0,80.63898147241254,-11.63898147241255,-0.1419387984440555,-11.932803775972776,-0.14552199726796067,34.897827473309846,30.0,0.0,0.0,,-0.14552199726796067
Vancouver Canucks,2018,82.0,1444.7008930346885,73.0,78.42169557723922,-5.421695577239221,-0.06611823874681977,-5.140615156266661,-0.06269042873495928,33.667165263681,31.0,0.0,0.0,,-0.06269042873495928
Vancouver Canucks,2019,82.0,1462.8043058597582,81.0,82.97137843799634,-1.9713784379963264,-0.024041200463369834,-1.125954800245259,-0.01373115610055194,36.172375318506425,35.0,0.0,0.0,,-0.01373115610055194
Vancouver Canucks,2020,86.0,1493.3723662748955,99.0,92.58621155895987,6.413788441040136,0.07457893536093181,6.583475077310462,0.07655203578267979,41.01306823071581,46.0,17.0,3.6473528732460148,0.21455016901447146,0.04255249571107893
Vancouver Canucks,2021,56.0,1489.9909738121078,50.0,60.443920451395,-10.443920451394996,-0.18649857948919638,-10.425544205993816,-0.18617043224988958,26.759361744287464,23.0,0.0,0.0,,-0.18617043224988958
Vancouver Canucks,2022,82.0,1485.9922082537266,92.0,87.62665291191962,4.373347088080374,0.0533335010741509,5.00438385576882,0.06102907141181488,38.782901932918286,40.0,0.0,0.0,,0.06102907141181488
Vancouver Canucks,2023,82.0,1486.0413612248467,83.0,88.23500760995549,-5.235007609955489,-0.06384155621896938,-5.30797508331021,-0.06473140345500256,39.12411013512092,38.0,0.0,0.0,,-0.06473140345500256
Vegas Golden Knights,2018,102.0,1532.8407298985167,136.0,118.62834879724946,17.37165120275054,0.17031030590931903,17.72128782396031,0.17373811592117952,53.66778060175502,64.0,20.0,5.227526807188048,0.2613763403594024,0.15236293922893004
Vegas Golden Knights,2019,89.0,1535.9249941891703,101.0,106.48305328121512,-5.483053281215125,-0.061607340238372194,-4.565459332924335,-0.05129729587555432,48.498589955374634,46.0,7.0,0.46704919054774857,0.06672131293539266,-0.0613720551642937
Vegas Golden Knights,2020,91.0,1525.2438922516642,112.0,106.54758426162799,5.452415738372031,0.059916656465626716,5.631967876751093,0.06188975688737464,48.251566406166035,51.0,20.0,1.7941066800798293,0.08970533400399147,0.0540543830517079
Vegas Golden Knights,2021,75.0,1566.8386606161062,106.0,95.23108821634993,10.768911783650077,0.1435854904486677,10.793522826598084,0.14391363768797444,44.008846905075,50.0,19.0,0.06404071993017357,0.0033705642068512405,0.19159789476192696
Vegas Golden Knights,2022,82.0,1552.579577597101,94.0,101.73220794134646,-7.732207941346469,-0.09429521879690816,-7.101171173658022,-0.08659964845924417,46.750679311154855,43.0,0.0,0.0,,-0.08659964845924417
Vegas Golden Knights,2023,104.0,1550.0272181511125,145.0,125.43578743423498,19.564212565765022,0.18811742851697136,19.471668453217575,0.18722758128093822,57.26570938552645,67.0,22.0,8.142914490102745,0.37013247682285205,0.13815553613554662
Washington Capitals,1975,80.0,1315.4643062079424,21.0,56.91784143989088,-35.917841439890886,-0.4489730179986361,-27.502357288061425,-0.3437794661007678,22.372417385626658,8.0,0.0,0.0,,-0.3437794661007678
Washington Capitals,1976,80.0,1307.8059417496504,32.0,53.97150751567907,-21.971507515679075,-0.27464384394598845,-13.283022538911084,-0.16603778173638856,20.80470305496032,11.0,0.0,0.0,,-0.16603778173638856
Washington Capitals,1977,80.0,1368.708757515656,62.0,63.9261165328372,-1.9261165328371996,-0.024076456660464995,6.782818938394959,0.08478523672993699,26.11048938103311,24.0,0.0,0.0,,0.08478523672993699
Washington Capitals,1978,80.0,1390.486010304065,48.0,67.35768732750674,-19.35768732750673,-0.24197109159383415,-10.878116539342333,-0.13597645674177916,27.96011224807458,17.0,0.0,0.0,,-0.13597645674177916
Washington Capitals,1979,80.0,1405.9897271698583,63.0,69.470880529216,-6.470880529216015,-0.08088600661520019,1.9828195914135414,0.024785244892669266,29.08901739749424,24.0,0.0,0.0,,0.024785244892669266
Washington Capitals,1980,80.0,1430.1217638938567,67.0,79.36399739562361,-12.363997395623606,-0.1545499674452951,-3.8435910839442893,-0.04804488854930362,34.479493715261256,27.0,0.0,0.0,,-0.04804488854930362
Washington Capitals,1981,80.0,1461.6266063461146,70.0,83.5167829643884,-13.516782964388405,-0.16895978705485507,-4.715081640184998,-0.05893852050231248,36.77390281840276,26.0,0.0,0.0,,-0.05893852050231248
Washington Capitals,1982,80.0,1447.6501444258301,65.0,78.54552219467416,-13.545522194674167,-0.16931902743342708,-5.081563542550816,-0.06351954428188519,33.99932489012012,26.0,0.0,0.0,,-0.06351954428188519
Washington Capitals,1983,84.0,1499.6558248488675,96.0,92.97816660349831,3.0218333965016724,0.03597420710121039,12.309773075538565,0.1465449175659353,41.58285591222669,40.0,4.0,-1.2330691679320025,-0.3082672919830006,0.1692855280433821
Washington Capitals,1984,88.0,1535.7897912774963,113.0,105.01615877300975,7.983841226990252,0.0907254684885256,14.950258717828058,0.16988930361168247,47.87374297066483,52.0,8.0,0.5793377965531461,0.07241722456914326,0.17963651151593643
Washington Capitals,1985,85.0,1576.0897502488306,105.0,111.04880786954145,-6.048807869541463,-0.07116244552401721,0.8339879223583032,0.009811622615980039,51.70039246610243,48.0,5.0,-1.792969201040284,-0.3585938402080568,0.03283696404248233
Washington Capitals,1986,89.0,1567.4917372900222,119.0,113.92231021760571,5.077689782394287,0.057052694184205464,12.001104274877154,0.13484386825704667,52.78703112425474,55.0,9.0,0.6816364953673006,0.07573738837414451,0.14149334724387316
Washington Capitals,1987,87.0,1530.1541493544119,95.0,103.11317043866772,-8.11317043866773,-0.09325483262836472,-1.1825479038092022,-0.013592504641485082,46.87292256769326,41.0,7.0,-1.302308527818823,-0.186044075402689,0.0014970078001202646
Washington Capitals,1988,94.0,1535.4532429110952,104.0,112.10698298885136,-8.106982988851364,-0.08624449988139749,-0.13796326456937202,-0.0014676943039294897,51.01810090631147,45.0,14.0,-0.48485221319462224,-0.034632300942473014,0.004336111857815639
Washington Capitals,1989,86.0,1532.8456432535925,100.0,102.04439441464172,-2.0443944146417214,-0.02377202807722932,4.78076983382617,0.055590346904955464,46.407167439955636,43.0,6.0,-2.8962559598465716,-0.4827093266410953,0.09596282242090928
Washington Capitals,1990,95.0,1517.9086023294171,95.0,108.95305608872484,-13.95305608872484,-0.1468742746181562,-6.473143111384589,-0.06813834854089042,49.10960483357206,44.0,15.0,1.1842950824883516,0.07895300549922343,-0.09571797742341177
Washington Capitals,1991,91.0,1508.1829894514815,95.0,102.28815526218328,-7.2881552621833015,-0.08008961826575056,-0.16628773049372614,-0.0018273376977332543,45.87116348216929,42.0,11.0,-0.14473448044974668,-0.013157680040886062,-0.00026941562554974043
Washington Capitals,1992,87.0,1544.5413780892156,106.0,106.24676989656665,-0.24676989656665427,-0.002836435592720164,6.889439612214616,0.07918896105993811,48.63441510114253,48.0,7.0,-1.8133198994392719,-0.25904569991989596,0.1087844938956736
Washington Capitals,1993,90.0,1536.2070847861019,102.0,108.56976462918881,-6.569764629188806,-0.07299738476876451,-0.07373552706868103,-0.0008192836340964559,49.5615124336724,45.0,6.0,0.30068531787295805,0.05011421964549301,-0.0044573910112099945
Washington Capitals,1994,95.0,1518.4166527593557,100.0,110.96440261739089,-10.964402617390888,-0.1154147643935883,-3.773117359443447,-0.03971702483624681,50.29257095912591,44.0,11.0,-0.03898315448812184,-0.0035439231352838037,-0.04445397863042055
Washington Capitals,1995,55.0,1516.1350801773697,60.0,63.13739756732523,-3.137397567325234,-0.05704359213318607,1.4998625544576651,0.02727022826286664,28.469032705580062,25.0,7.0,0.04507246989725178,0.006438924271035968,0.030308126761675287
Washington Capitals,1996,88.0,1523.0619674486325,95.0,102.92917556349975,-7.929175563499762,-0.09010426776704275,-0.9487684193653712,-0.010781459310970127,46.64223163253908,41.0,6.0,-0.9665684833638144,-0.1610947472273024,0.00021707395120051118
Washington Capitals,1997,82.0,1504.2024653332016,77.0,92.13502766122899,-15.135027661229,-0.1845735080637683,-8.699751056991145,-0.10609452508525787,41.31515297687408,33.0,0.0,0.0,,-0.10609452508525787
Washington Capitals,1998,103.0,1511.2149613787628,119.0,116.50101382677944,2.4989861732205556,0.02426200168175297,11.177696351336415,0.10852132379938267,52.330853593373185,52.0,21.0,4.828687801242705,0.22993751434489068,0.07742693353772821
Washington Capitals,1999,82.0,1500.3652434338617,71.0,92.16436544517629,-21.164365445176283,-0.258102017624101,-14.451578037654096,-0.17623875655675728,41.33294185256599,31.0,0.0,0.0,,-0.17623875655675728
Washington Capitals,2000,87.0,1498.9908411457907,105.0,98.55320588313326,6.446794116866755,0.07410108180306615,12.147584499737839,0.13962740804296367,44.30745824695727,45.0,5.0,-2.5845652051747035,-0.5169130410349407,0.17966036225503101
Washington Capitals,2001,88.0,1514.3380590691993,101.0,104.2974198652712,-3.297419865271193,-0.037470680287172646,1.8719986113972311,0.021272711493150354,47.4349747866158,43.0,6.0,-1.1332675150127949,-0.18887791916879915,0.03664958690743936
Washington Capitals,2002,82.0,1493.1304026478072,85.0,92.56761605470695,-7.567616054706951,-0.09228800066715794,-2.3988073529088374,-0.029253748206205334,41.5668095261358,36.0,0.0,0.0,,-0.029253748206205334
Washington Capitals,2003,88.0,1497.6467800656826,98.0,100.66973401495221,-2.6697340149522066,-0.0303378865335478,1.5917463903692823,0.0180880271632873,45.34727663611805,41.0,6.0,-0.7376044034597417,-0.12293406724329027,0.02840671699791494
Washington Capitals,2004,82.0,1464.2319123783482,59.0,85.94522712092707,-26.945227120927058,-0.3286003307430129,-22.536846697588132,-0.274839593873026,37.85813780045515,23.0,0.0,0.0,,-0.274839593873026
Washington Capitals,2006,82.0,1422.0477200584094,70.0,76.47024338638067,-6.470243386380682,-0.07890540715098393,-6.375058616241371,-0.07774461727123623,32.633118254874965,29.0,0.0,0.0,,-0.07774461727123623
Washington Capitals,2007,82.0,1445.4847325232183,70.0,79.53282823035711,-9.53282823035713,-0.11625400280923329,-9.343807448722504,-0.1139488713258842,34.276395488558904,28.0,0.0,0.0,,-0.1139488713258842
Washington Capitals,2008,89.0,1458.5681756572633,102.0,90.53010324663654,11.469896753363466,0.12887524441981424,12.089128318916407,0.1358329024597349,39.53384278669609,46.0,7.0,-0.12998867282832127,-0.018569810404045897,0.14901362185054545
Washington Capitals,2009,96.0,1523.8737502080742,124.0,113.1516490019352,10.848350998064797,0.11300365622984164,11.16854859840239,0.1163390479000249,51.364070232094676,57.0,14.0,-0.22789203588115692,-0.01627800256293978,0.1389809833449213
Washington Capitals,2010,89.0,1562.1499315567787,128.0,114.45251744540306,13.547482554596934,0.15221890510783073,13.154377777446687,0.14780199749940098,53.07426782159739,57.0,7.0,-2.984165270354528,-0.42630932433636115,0.19681150058294164
Washington Capitals,2011,91.0,1552.669693244088,116.0,113.75627648032682,2.2437235196731757,0.024656302413990944,1.8461574138801102,0.02028744410857264,52.3721533262631,52.0,9.0,-2.2583099761663945,-0.25092333068515493,0.0500544803664208
Washington Capitals,2012,96.0,1522.7337051296117,110.0,110.5503126982731,-0.5503126982730953,-0.0057324239403447426,-1.2229037960697395,-0.012738581209059787,49.889883207768676,49.0,14.0,4.20754641019577,0.30053902929969784,-0.06622500251543309
Washington Capitals,2013,55.0,1509.1275701950765,63.0,62.19479489000054,0.8052051099994575,0.014640092909081045,0.7689434524591332,0.013980790044711512,27.931948296147542,30.0,7.0,-2.0045452189398727,-0.2863636027056961,0.05778101398747929
Washington Capitals,2014,82.0,1506.3840661004135,90.0,92.32133939746578,-2.321339397465782,-0.028309017042265634,-3.1060374124046572,-0.03787850502932509,41.4227521793837,38.0,0.0,0.0,,-0.03787850502932509
Washington Capitals,2015,96.0,1522.6977686837279,118.0,109.82216164599599,8.177838354004011,0.08518581618754179,7.507342319951188,0.07820148249949153,49.47161745318657,52.0,14.0,1.6560075716475104,0.11828625511767932,0.0713577408329717
Washington Capitals,2016,94.0,1571.4668683686375,134.0,119.59168805942625,14.408311940573757,0.15327991426142296,14.857357010268098,0.15805698947093721,55.301637373586736,62.0,12.0,-0.8065983778484893,-0.06721653148737411,0.19102384619654378
Washington Capitals,2017,95.0,1579.5129572365813,134.0,122.68656507473811,11.313434925261896,0.11908878868696733,10.973031036990896,0.11550558986306207,56.934235383731725,62.0,13.0,-0.7578170855731188,-0.058293621967162985,0.1430591234459027
Washington Capitals,2018,106.0,1561.3757071313335,139.0,130.52095547664348,8.47904452335651,0.07999098606940104,8.842392384613719,0.0834187960812615,59.86866807144467,65.0,24.0,6.366882197148485,0.2652867582145202,0.030189148627624802
Washington Capitals,2019,89.0,1562.0827016324126,111.0,111.75818040230747,-0.7581804023074639,-0.008518880924802965,0.15941354598332946,0.0017911634380149378,51.5321449129274,51.0,7.0,-1.5827659025447445,-0.22610941464924922,0.02124609083570822
Washington Capitals,2020,77.0,1557.1815582149093,96.0,94.64184573025399,1.3581542697460063,0.017638367139558523,1.510083002220599,0.01961146756130648,43.38364939564198,43.0,8.0,-2.9280687840772632,-0.3660085980096579,0.06432104038112842
Washington Capitals,2021,61.0,1535.58725341055,81.0,71.7117452943174,9.288254705682613,0.15226647058496087,9.308271687280326,0.15259461782426764,32.47878742948169,37.0,5.0,-1.425863009106679,-0.2851726018213358,0.19168097672119658
Washington Capitals,2022,88.0,1541.5496274006864,106.0,104.81976212431985,1.1802378756801533,0.013411794041819924,1.8574480653945797,0.02110736437948386,47.71298291296608,46.0,6.0,0.2708230450170749,0.04513717416951248,0.019349085614359843
Washington Capitals,2023,82.0,1516.884944259365,80.0,94.17280951918026,-14.172809519180255,-0.172839140477808,-14.245776992534976,-0.17372898771384118,42.487402806318585,35.0,0.0,0.0,,-0.17372898771384118
Winnipeg Jets,2000,82.0,1351.5085487118104,39.0,62.22947183751261,-23.22947183751261,-0.2832862419208855,-17.856313085841013,-0.21775991568098796,24.943369237159448,14.0,0.0,0.0,,-0.21775991568098796
Winnipeg Jets,2001,82.0,1379.173678309544,60.0,69.17705639695542,-9.177056396955432,-0.11191532191409063,-4.360098270968942,-0.053171930133767586,28.66103812563213,23.0,0.0,0.0,,-0.053171930133767586
Winnipeg Jets,2002,82.0,1382.0748265073296,54.0,69.12831658260743,-15.128316582607415,-0.18449166564155384,-9.959507880809307,-0.1214574131806013,28.62549634616683,19.0,0.0,0.0,,-0.1214574131806013
Winnipeg Jets,2003,82.0,1399.074124520931,74.0,71.49764058987759,2.5023594101224016,0.03051657817222441,6.473284333262878,0.0789424918690595,29.90731073877393,31.0,0.0,0.0,,0.0789424918690595
Winnipeg Jets,2004,82.0,1455.4043948479878,78.0,83.88745369157247,-5.887453691572495,-0.07179821575088409,-1.4790732682335606,-0.01803747888089708,36.71565609055889,33.0,0.0,0.0,,-0.01803747888089708
Winnipeg Jets,2006,82.0,1468.4798267846863,90.0,85.89436761459797,4.105632385402033,0.05006868762685406,4.200817155541345,0.05122947750660177,37.83036523070789,41.0,0.0,0.0,,0.05122947750660177
Winnipeg Jets,2007,86.0,1503.3808629627522,97.0,97.32056928351363,-0.32056928351362723,-0.003727549808297991,-0.12232797594561007,-0.0014224183249489542,43.71282307784746,43.0,4.0,-4.1736495782649445,-1.0434123945662361,0.049406361003894304
Winnipeg Jets,2008,82.0,1474.5174207295354,76.0,87.19122030479741,-11.191220304797401,-0.1364782963999683,-10.620692345523905,-0.12952063836004762,38.51710173156713,34.0,0.0,0.0,,-0.12952063836004762
Winnipeg Jets,2009,82.0,1451.8408954752526,76.0,81.6784135989996,-5.678413598999587,-0.06924894632926325,-5.404911482044559,-0.06591355465907998,35.45403291498841,35.0,0.0,0.0,,-0.06591355465907998
Winnipeg Jets,2010,82.0,1481.0944348014443,83.0,87.82107133314362,-4.821071333143613,-0.058793552843214796,-5.18325775703485,-0.06321046045164451,38.884608109073085,35.0,0.0,0.0,,-0.06321046045164451
Winnipeg Jets,2011,82.0,1467.4819645969162,80.0,84.49617338492335,-4.4961733849233365,-0.05483138274296752,-4.854419765967637,-0.05920024104838582,37.03152799323327,34.0,0.0,0.0,,-0.05920024104838582
Winnipeg Jets,2012,82.0,1461.3581329958245,84.0,83.2405126057893,0.7594873942106859,0.009262041392813242,0.18498249817604995,0.00225588412409817,36.3218318911646,37.0,0.0,0.0,,0.00225588412409817
Winnipeg Jets,2013,48.0,1473.44667436288,51.0,50.32604336566967,0.6739566343303274,0.014040763215215154,0.642310096840589,0.013381460350845606,22.151283264587125,24.0,0.0,0.0,,0.013381460350845606
Winnipeg Jets,2014,82.0,1477.0044604797604,84.0,85.56124212031169,-1.561242120311702,-0.019039538052581732,-2.3459401352505784,-0.0286090260396412,37.626828646392795,37.0,0.0,0.0,,-0.0286090260396412
Winnipeg Jets,2015,86.0,1498.247515049711,100.0,92.98745715684308,7.01254284315692,0.08154119585066186,6.411890145984602,0.07455686216261165,41.26906112645182,43.0,4.0,-3.1669282185792325,-0.7917320546448081,0.116814858104437
Winnipeg Jets,2016,82.0,1493.4748962018189,78.0,88.49738260818455,-10.497382608184571,-0.1280168610754216,-10.105662441004396,-0.12323978586590727,39.254807405544234,35.0,0.0,0.0,,-0.12323978586590727
Winnipeg Jets,2017,82.0,1480.6336309869791,87.0,86.17240877058387,0.8275912294161347,0.010092575968489448,0.5337689258559022,0.006509377144584173,37.94603048650113,40.0,0.0,0.0,,0.006509377144584173
Winnipeg Jets,2018,99.0,1536.4637725298007,133.0,116.14162925933574,16.858370740664252,0.17028657313802276,17.197723931838436,0.1737143831498832,52.66253412757684,61.0,17.0,-0.9361895786086765,-0.05506997521227509,0.22114528671276965
Winnipeg Jets,2019,88.0,1557.3360278731163,103.0,109.50426119880419,-6.504261198804188,-0.07391205907732032,-5.596977294876212,-0.06360201471450241,50.370037401054674,49.0,6.0,-2.6153163189692608,-0.43588605316154344,-0.036361719218377477
Winnipeg Jets,2020,75.0,1521.8966149535534,82.0,87.19389088866536,-5.193890888665367,-0.06925187851553823,-5.04590835703427,-0.06727877809379028,39.42714451937091,38.0,4.0,-2.5559858582293478,-0.6389964645573369,-0.03506933096908342
Winnipeg Jets,2021,64.0,1521.4990816629058,72.0,75.47626039806275,-3.476260398062739,-0.0543165687197303,-3.4552589747471028,-0.05398842148042348,34.196243321226994,34.0,8.0,-0.21925635968503365,-0.027407044960629207,-0.05778576098325123
Winnipeg Jets,2022,82.0,1501.732703736269,89.0,90.8653535624248,-1.8653535624248112,-0.022748214175912333,-1.2343167947363634,-0.015052643838248333,40.59839943798678,39.0,0.0,0.0,,-0.015052643838248333
Winnipeg Jets,2023,87.0,1523.1057953486556,98.0,99.92241871696305,-1.922418716963028,-0.022096766861644,-1.9998354264979152,-0.022986614097677188,45.078328794028785,47.0,5.0,-1.8096712343145018,-0.3619342468629004,-0.0023190755144318884
